resident_id,challenge_name,target_metric,enrol_date,status,current_tier,target_value,progress_pct
RESIDENT_01438,Move It Challenge,MVPA Minutes,2026-03-03,Active,Gold,150,64.3
RESIDENT_00653,Move It Challenge,MVPA Minutes,2026-03-25,Active,Silver,150,48.8
RESIDENT_00825,Move It Challenge,MVPA Minutes,2026-03-26,Active,Participant,150,9.7
RESIDENT_01130,Eat Drink Shop Healthy,Healthier Purchases,2026-03-15,Active,Platinum,30,98.6
RESIDENT_00240,National Steps Challenge,Steps,2026-04-01,Active,Platinum,10000,87.3
RESIDENT_00800,National Steps Challenge,Steps,2026-03-27,Active,Participant,10000,11.1
RESIDENT_01234,National Steps Challenge,Steps,2026-03-22,Active,Gold,10000,67.8
RESIDENT_00195,National Steps Challenge,Steps,2026-03-06,Active,Gold,10000,77.5
RESIDENT_00245,Move It Challenge,MVPA Minutes,2026-03-17,Active,Silver,150,41.8
RESIDENT_00992,Eat Drink Shop Healthy,Healthier Purchases,2026-03-26,Active,Bronze,30,34.2
RESIDENT_01052,Eat Drink Shop Healthy,Healthier Purchases,2026-03-01,Active,Gold,30,75.9
RESIDENT_00275,Eat Drink Shop Healthy,Healthier Purchases,2026-03-01,Active,Silver,30,47.1
RESIDENT_01102,Move It Challenge,MVPA Minutes,2026-03-21,Active,Platinum,150,92.9
RESIDENT_01050,Eat Drink Shop Healthy,Healthier Purchases,2026-04-08,Active,Silver,30,42.1
RESIDENT_00079,Move It Challenge,MVPA Minutes,2026-03-02,Active,Gold,150,64.0
RESIDENT_01234,Move It Challenge,MVPA Minutes,2026-03-25,Active,Silver,150,55.3
RESIDENT_00533,National Steps Challenge,Steps,2026-03-24,Active,Gold,10000,75.1
RESIDENT_00900,Move It Challenge,MVPA Minutes,2026-03-25,Completed,Platinum,150,99.2
RESIDENT_00374,Move It Challenge,MVPA Minutes,2026-04-10,Active,Gold,150,79.0
RESIDENT_00423,Eat Drink Shop Healthy,Healthier Purchases,2026-03-15,Active,Participant,30,7.5
RESIDENT_00561,Eat Drink Shop Healthy,Healthier Purchases,2026-03-26,Active,Gold,30,75.3
RESIDENT_00797,National Steps Challenge,Steps,2026-03-12,Active,Bronze,10000,23.6
RESIDENT_00865,Eat Drink Shop Healthy,Healthier Purchases,2026-03-09,Active,Silver,30,48.5
RESIDENT_01076,Move It Challenge,MVPA Minutes,2026-03-08,Active,Participant,150,15.1
RESIDENT_01311,Move It Challenge,MVPA Minutes,2026-04-03,Active,Silver,150,50.6
RESIDENT_00806,National Steps Challenge,Steps,2026-03-02,Active,Gold,10000,73.9
RESIDENT_00632,Eat Drink Shop Healthy,Healthier Purchases,2026-03-09,Active,Gold,30,69.5
RESIDENT_01144,Move It Challenge,MVPA Minutes,2026-03-28,Active,Silver,150,50.4
RESIDENT_01109,National Steps Challenge,Steps,2026-03-06,Active,Silver,10000,40.3
RESIDENT_00227,Eat Drink Shop Healthy,Healthier Purchases,2026-03-30,Active,Silver,30,56.9
RESIDENT_01036,Move It Challenge,MVPA Minutes,2026-03-22,Active,Bronze,150,22.4
RESIDENT_00177,Move It Challenge,MVPA Minutes,2026-03-31,Active,Platinum,150,81.7
RESIDENT_00160,Move It Challenge,MVPA Minutes,2026-03-31,Active,Bronze,150,37.8
RESIDENT_01408,Move It Challenge,MVPA Minutes,2026-03-27,Active,Gold,150,69.6
RESIDENT_00730,National Steps Challenge,Steps,2026-03-16,Active,Gold,10000,71.6
RESIDENT_01356,National Steps Challenge,Steps,2026-03-24,Active,Silver,10000,47.3
RESIDENT_01382,Eat Drink Shop Healthy,Healthier Purchases,2026-03-07,Active,Platinum,30,90.7
RESIDENT_00215,National Steps Challenge,Steps,2026-03-17,Active,Bronze,10000,33.6
RESIDENT_00536,Eat Drink Shop Healthy,Healthier Purchases,2026-03-05,Active,Gold,30,80.0
RESIDENT_01196,Eat Drink Shop Healthy,Healthier Purchases,2026-04-08,Active,Gold,30,76.0
RESIDENT_00464,Move It Challenge,MVPA Minutes,2026-03-26,Active,Silver,150,59.2
RESIDENT_01476,Move It Challenge,MVPA Minutes,2026-03-08,Active,Silver,150,50.3
RESIDENT_01496,Eat Drink Shop Healthy,Healthier Purchases,2026-03-11,Active,Participant,30,7.8
RESIDENT_00811,Eat Drink Shop Healthy,Healthier Purchases,2026-03-08,Active,Silver,30,47.7
RESIDENT_00854,National Steps Challenge,Steps,2026-03-23,Active,Bronze,10000,28.2
RESIDENT_00523,Move It Challenge,MVPA Minutes,2026-03-21,Active,Silver,150,43.1
RESIDENT_01058,Move It Challenge,MVPA Minutes,2026-03-20,Active,Gold,150,80.0
RESIDENT_01480,Move It Challenge,MVPA Minutes,2026-03-06,Active,Gold,150,75.2
RESIDENT_00535,Eat Drink Shop Healthy,Healthier Purchases,2026-03-27,Active,Bronze,30,27.2
RESIDENT_01019,Eat Drink Shop Healthy,Healthier Purchases,2026-03-16,Active,Silver,30,47.3
RESIDENT_00878,National Steps Challenge,Steps,2026-03-09,Active,Bronze,10000,35.9
RESIDENT_00209,Eat Drink Shop Healthy,Healthier Purchases,2026-04-05,Active,Gold,30,70.3
RESIDENT_00570,National Steps Challenge,Steps,2026-03-01,Active,Platinum,10000,93.9
RESIDENT_00609,Eat Drink Shop Healthy,Healthier Purchases,2026-03-21,Active,Gold,30,61.9
RESIDENT_00233,Eat Drink Shop Healthy,Healthier Purchases,2026-03-23,Active,Gold,30,77.4
RESIDENT_00087,Move It Challenge,MVPA Minutes,2026-04-10,Active,Silver,150,49.7
RESIDENT_00718,Eat Drink Shop Healthy,Healthier Purchases,2026-03-22,Active,Platinum,30,95.7
RESIDENT_01147,National Steps Challenge,Steps,2026-04-07,Active,Gold,10000,68.3
RESIDENT_00428,Move It Challenge,MVPA Minutes,2026-03-20,Active,Bronze,150,21.1
RESIDENT_00323,National Steps Challenge,Steps,2026-04-09,Active,Silver,10000,44.1
RESIDENT_00569,Move It Challenge,MVPA Minutes,2026-03-15,Active,Participant,150,6.2
RESIDENT_00971,Eat Drink Shop Healthy,Healthier Purchases,2026-03-17,Active,Participant,30,11.3
RESIDENT_00454,National Steps Challenge,Steps,2026-03-10,Active,Bronze,10000,23.3
RESIDENT_01220,Move It Challenge,MVPA Minutes,2026-03-07,Active,Silver,150,57.8
RESIDENT_01482,Move It Challenge,MVPA Minutes,2026-04-02,Active,Participant,150,14.3
RESIDENT_00336,National Steps Challenge,Steps,2026-04-02,Active,Silver,10000,55.8
RESIDENT_00612,National Steps Challenge,Steps,2026-03-08,Active,Participant,10000,17.9
RESIDENT_00691,National Steps Challenge,Steps,2026-03-21,Active,Participant,10000,0.7
RESIDENT_01021,National Steps Challenge,Steps,2026-03-13,Active,Gold,10000,61.8
RESIDENT_00222,National Steps Challenge,Steps,2026-04-10,Active,Bronze,10000,28.3
RESIDENT_00405,Eat Drink Shop Healthy,Healthier Purchases,2026-03-15,Active,Platinum,30,80.8
RESIDENT_00599,Move It Challenge,MVPA Minutes,2026-03-02,Active,Participant,150,8.9
RESIDENT_00666,Eat Drink Shop Healthy,Healthier Purchases,2026-03-05,Active,Bronze,30,29.2
RESIDENT_00859,National Steps Challenge,Steps,2026-03-15,Active,Participant,10000,16.0
RESIDENT_00294,Move It Challenge,MVPA Minutes,2026-04-07,Active,Silver,150,57.5
RESIDENT_01454,National Steps Challenge,Steps,2026-03-02,Active,Participant,10000,10.3
RESIDENT_01183,Move It Challenge,MVPA Minutes,2026-04-08,Active,Bronze,150,32.1
RESIDENT_01206,National Steps Challenge,Steps,2026-04-07,Active,Participant,10000,9.7
RESIDENT_00618,National Steps Challenge,Steps,2026-04-10,Active,Participant,10000,18.6
RESIDENT_00131,National Steps Challenge,Steps,2026-03-24,Active,Silver,10000,41.7
RESIDENT_01343,Move It Challenge,MVPA Minutes,2026-03-04,Active,Participant,150,19.4
RESIDENT_01235,Eat Drink Shop Healthy,Healthier Purchases,2026-03-23,Active,Silver,30,51.3
RESIDENT_01041,National Steps Challenge,Steps,2026-03-21,Active,Bronze,10000,33.0
RESIDENT_01118,Eat Drink Shop Healthy,Healthier Purchases,2026-03-31,Active,Platinum,30,80.5
RESIDENT_00881,National Steps Challenge,Steps,2026-03-06,Active,Platinum,10000,81.7
RESIDENT_00206,Move It Challenge,MVPA Minutes,2026-03-03,Active,Bronze,150,32.0
RESIDENT_01228,Eat Drink Shop Healthy,Healthier Purchases,2026-03-12,Active,Participant,30,19.9
RESIDENT_00336,Eat Drink Shop Healthy,Healthier Purchases,2026-03-28,Active,Gold,30,80.0
RESIDENT_00364,Move It Challenge,MVPA Minutes,2026-03-01,Active,Silver,150,49.6
RESIDENT_01165,Move It Challenge,MVPA Minutes,2026-03-21,Active,Bronze,150,23.5
RESIDENT_01452,Move It Challenge,MVPA Minutes,2026-03-06,Active,Platinum,150,81.3
RESIDENT_01002,Eat Drink Shop Healthy,Healthier Purchases,2026-04-10,Active,Bronze,30,37.7
RESIDENT_00511,Eat Drink Shop Healthy,Healthier Purchases,2026-03-15,Active,Silver,30,47.3
RESIDENT_00798,Eat Drink Shop Healthy,Healthier Purchases,2026-04-10,Active,Gold,30,70.2
RESIDENT_00518,Eat Drink Shop Healthy,Healthier Purchases,2026-04-05,Active,Platinum,30,83.0
RESIDENT_01116,National Steps Challenge,Steps,2026-03-09,Active,Gold,10000,73.2
RESIDENT_00735,Eat Drink Shop Healthy,Healthier Purchases,2026-03-08,Active,Bronze,30,36.8
RESIDENT_00156,Eat Drink Shop Healthy,Healthier Purchases,2026-03-30,Active,Silver,30,44.7
RESIDENT_00401,Eat Drink Shop Healthy,Healthier Purchases,2026-03-23,Active,Participant,30,11.7
RESIDENT_00840,Move It Challenge,MVPA Minutes,2026-03-30,Active,Gold,150,71.2
RESIDENT_01108,National Steps Challenge,Steps,2026-03-01,Active,Gold,10000,77.5
RESIDENT_00410,Move It Challenge,MVPA Minutes,2026-04-09,Active,Participant,150,17.8
RESIDENT_00185,Move It Challenge,MVPA Minutes,2026-04-05,Active,Silver,150,44.7
RESIDENT_00156,National Steps Challenge,Steps,2026-03-02,Active,Silver,10000,52.4
RESIDENT_00915,Eat Drink Shop Healthy,Healthier Purchases,2026-03-01,Active,Platinum,30,90.2
RESIDENT_00858,Move It Challenge,MVPA Minutes,2026-03-29,Active,Silver,150,46.8
RESIDENT_00253,Eat Drink Shop Healthy,Healthier Purchases,2026-04-06,Active,Silver,30,41.6
RESIDENT_01137,Move It Challenge,MVPA Minutes,2026-03-23,Active,Participant,150,15.1
RESIDENT_00606,Eat Drink Shop Healthy,Healthier Purchases,2026-03-23,Active,Silver,30,45.8
RESIDENT_00745,National Steps Challenge,Steps,2026-03-10,Active,Bronze,10000,36.5
RESIDENT_00097,Move It Challenge,MVPA Minutes,2026-03-24,Active,Gold,150,72.1
RESIDENT_00583,Eat Drink Shop Healthy,Healthier Purchases,2026-03-27,Active,Platinum,30,84.7
RESIDENT_00421,National Steps Challenge,Steps,2026-03-25,Active,Gold,10000,71.9
RESIDENT_00516,National Steps Challenge,Steps,2026-03-18,Active,Bronze,10000,23.0
RESIDENT_00009,Move It Challenge,MVPA Minutes,2026-04-09,Active,Participant,150,3.2
RESIDENT_00326,Move It Challenge,MVPA Minutes,2026-03-14,Active,Gold,150,72.5
RESIDENT_00838,Move It Challenge,MVPA Minutes,2026-03-06,Active,Gold,150,75.4
RESIDENT_00605,National Steps Challenge,Steps,2026-03-30,Active,Silver,10000,47.9
RESIDENT_01309,National Steps Challenge,Steps,2026-03-10,Active,Silver,10000,45.7
RESIDENT_01245,Move It Challenge,MVPA Minutes,2026-03-23,Active,Gold,150,63.9
RESIDENT_00037,Eat Drink Shop Healthy,Healthier Purchases,2026-04-06,Active,Gold,30,74.9
RESIDENT_01453,National Steps Challenge,Steps,2026-03-14,Active,Silver,10000,47.3
RESIDENT_00665,Move It Challenge,MVPA Minutes,2026-04-05,Active,Platinum,150,97.6
RESIDENT_01334,National Steps Challenge,Steps,2026-03-06,Active,Bronze,10000,36.5
RESIDENT_00319,Eat Drink Shop Healthy,Healthier Purchases,2026-03-21,Active,Bronze,30,20.8
RESIDENT_01425,National Steps Challenge,Steps,2026-04-07,Active,Gold,10000,68.4
RESIDENT_01339,Move It Challenge,MVPA Minutes,2026-03-24,Active,Bronze,150,31.6
RESIDENT_01319,Eat Drink Shop Healthy,Healthier Purchases,2026-03-28,Active,Silver,30,45.4
RESIDENT_00484,National Steps Challenge,Steps,2026-04-03,Active,Bronze,10000,34.5
RESIDENT_00332,National Steps Challenge,Steps,2026-03-22,Active,Gold,10000,74.7
RESIDENT_00998,Eat Drink Shop Healthy,Healthier Purchases,2026-03-13,Active,Silver,30,42.0
RESIDENT_00990,Eat Drink Shop Healthy,Healthier Purchases,2026-03-31,Active,Gold,30,71.8
RESIDENT_00627,Eat Drink Shop Healthy,Healthier Purchases,2026-03-05,Active,Silver,30,57.0
RESIDENT_01057,Eat Drink Shop Healthy,Healthier Purchases,2026-03-15,Active,Silver,30,47.3
RESIDENT_00906,National Steps Challenge,Steps,2026-03-20,Active,Silver,10000,54.3
RESIDENT_00514,Eat Drink Shop Healthy,Healthier Purchases,2026-04-10,Active,Bronze,30,20.9
RESIDENT_01242,Eat Drink Shop Healthy,Healthier Purchases,2026-04-10,Active,Participant,30,14.8
RESIDENT_00693,National Steps Challenge,Steps,2026-04-06,Active,Gold,10000,69.4
RESIDENT_01414,Move It Challenge,MVPA Minutes,2026-03-31,Active,Gold,150,71.6
RESIDENT_00486,Eat Drink Shop Healthy,Healthier Purchases,2026-03-31,Active,Platinum,30,87.5
RESIDENT_00420,National Steps Challenge,Steps,2026-04-03,Active,Silver,10000,53.9
RESIDENT_00077,Move It Challenge,MVPA Minutes,2026-03-23,Active,Bronze,150,37.8
RESIDENT_01232,Eat Drink Shop Healthy,Healthier Purchases,2026-03-17,Active,Bronze,30,22.0
RESIDENT_00584,National Steps Challenge,Steps,2026-03-06,Active,Gold,10000,74.5
RESIDENT_01477,Move It Challenge,MVPA Minutes,2026-03-09,Active,Bronze,150,33.1
RESIDENT_01460,National Steps Challenge,Steps,2026-03-22,Active,Bronze,10000,27.5
RESIDENT_00127,Move It Challenge,MVPA Minutes,2026-03-08,Active,Platinum,150,83.3
RESIDENT_00168,Move It Challenge,MVPA Minutes,2026-03-31,Active,Gold,150,79.3
RESIDENT_01122,Eat Drink Shop Healthy,Healthier Purchases,2026-03-30,Active,Gold,30,64.0
RESIDENT_01026,National Steps Challenge,Steps,2026-04-06,Active,Bronze,10000,29.9
RESIDENT_00372,National Steps Challenge,Steps,2026-03-04,Active,Participant,10000,5.4
RESIDENT_01252,Move It Challenge,MVPA Minutes,2026-03-09,Active,Silver,150,43.4
RESIDENT_00921,National Steps Challenge,Steps,2026-04-10,Active,Bronze,10000,26.7
RESIDENT_00786,National Steps Challenge,Steps,2026-03-12,Active,Platinum,10000,83.9
RESIDENT_01085,Move It Challenge,MVPA Minutes,2026-03-20,Active,Platinum,150,85.7
RESIDENT_00885,National Steps Challenge,Steps,2026-03-18,Active,Platinum,10000,92.9
RESIDENT_00723,Move It Challenge,MVPA Minutes,2026-03-01,Active,Bronze,150,35.1
RESIDENT_00538,Move It Challenge,MVPA Minutes,2026-03-10,Active,Silver,150,43.7
RESIDENT_01006,Move It Challenge,MVPA Minutes,2026-03-27,Active,Silver,150,48.1
RESIDENT_00778,National Steps Challenge,Steps,2026-04-08,Active,Gold,10000,79.1
RESIDENT_01249,Move It Challenge,MVPA Minutes,2026-03-20,Active,Silver,150,44.0
RESIDENT_00698,Eat Drink Shop Healthy,Healthier Purchases,2026-03-21,Active,Bronze,30,25.4
RESIDENT_00437,Eat Drink Shop Healthy,Healthier Purchases,2026-04-01,Active,Gold,30,64.6
RESIDENT_00551,National Steps Challenge,Steps,2026-04-10,Active,Silver,10000,43.6
RESIDENT_00147,National Steps Challenge,Steps,2026-03-03,Active,Participant,10000,7.4
RESIDENT_00514,Move It Challenge,MVPA Minutes,2026-04-01,Active,Participant,150,17.7
RESIDENT_00026,Eat Drink Shop Healthy,Healthier Purchases,2026-04-10,Active,Bronze,30,39.8
RESIDENT_00566,Eat Drink Shop Healthy,Healthier Purchases,2026-03-27,Active,Platinum,30,95.2
RESIDENT_00079,Eat Drink Shop Healthy,Healthier Purchases,2026-03-25,Active,Silver,30,54.8
RESIDENT_01113,Move It Challenge,MVPA Minutes,2026-03-30,Active,Silver,150,42.4
RESIDENT_01431,National Steps Challenge,Steps,2026-03-03,Active,Platinum,10000,93.2
RESIDENT_01073,National Steps Challenge,Steps,2026-03-17,Active,Silver,10000,45.2
RESIDENT_00840,National Steps Challenge,Steps,2026-03-13,Active,Silver,10000,58.6
RESIDENT_00958,Eat Drink Shop Healthy,Healthier Purchases,2026-03-17,Active,Participant,30,13.4
RESIDENT_00975,Move It Challenge,MVPA Minutes,2026-03-13,Active,Gold,150,72.9
RESIDENT_01195,Move It Challenge,MVPA Minutes,2026-03-01,Active,Gold,150,77.9
RESIDENT_00109,Move It Challenge,MVPA Minutes,2026-03-29,Active,Silver,150,58.1
RESIDENT_00970,Move It Challenge,MVPA Minutes,2026-03-03,Active,Platinum,150,82.5
RESIDENT_01067,National Steps Challenge,Steps,2026-03-02,Active,Participant,10000,14.1
RESIDENT_00702,Eat Drink Shop Healthy,Healthier Purchases,2026-04-06,Active,Silver,30,55.7
RESIDENT_01489,Move It Challenge,MVPA Minutes,2026-04-06,Active,Bronze,150,32.9
RESIDENT_00798,Move It Challenge,MVPA Minutes,2026-03-24,Active,Gold,150,78.2
RESIDENT_00222,Move It Challenge,MVPA Minutes,2026-03-10,Active,Participant,150,5.7
RESIDENT_00809,Eat Drink Shop Healthy,Healthier Purchases,2026-04-03,Active,Silver,30,47.8
RESIDENT_00484,Move It Challenge,MVPA Minutes,2026-03-28,Active,Participant,150,10.1
RESIDENT_00951,Move It Challenge,MVPA Minutes,2026-03-08,Active,Platinum,150,97.6
RESIDENT_00313,Move It Challenge,MVPA Minutes,2026-03-28,Active,Bronze,150,21.0
RESIDENT_01194,National Steps Challenge,Steps,2026-03-31,Active,Platinum,10000,92.5
RESIDENT_00556,Eat Drink Shop Healthy,Healthier Purchases,2026-03-31,Active,Platinum,30,98.1
RESIDENT_00907,National Steps Challenge,Steps,2026-03-20,Active,Gold,10000,74.9
RESIDENT_00468,National Steps Challenge,Steps,2026-04-07,Active,Silver,10000,44.8
RESIDENT_00178,Eat Drink Shop Healthy,Healthier Purchases,2026-03-06,Active,Gold,30,76.2
RESIDENT_00608,Move It Challenge,MVPA Minutes,2026-04-08,Active,Silver,150,43.0
RESIDENT_01230,National Steps Challenge,Steps,2026-03-15,Active,Bronze,10000,27.2
RESIDENT_01193,National Steps Challenge,Steps,2026-03-05,Active,Silver,10000,47.6
RESIDENT_01022,Move It Challenge,MVPA Minutes,2026-03-27,Active,Gold,150,73.7
RESIDENT_00678,Eat Drink Shop Healthy,Healthier Purchases,2026-03-07,Active,Platinum,30,96.2
RESIDENT_01446,Eat Drink Shop Healthy,Healthier Purchases,2026-04-04,Active,Bronze,30,21.6
RESIDENT_00158,National Steps Challenge,Steps,2026-03-10,Active,Silver,10000,46.8
RESIDENT_01192,Move It Challenge,MVPA Minutes,2026-03-29,Active,Silver,150,51.8
RESIDENT_01499,Eat Drink Shop Healthy,Healthier Purchases,2026-03-12,Active,Bronze,30,26.5
RESIDENT_00290,Eat Drink Shop Healthy,Healthier Purchases,2026-04-02,Active,Platinum,30,92.3
RESIDENT_00689,Move It Challenge,MVPA Minutes,2026-03-27,Active,Participant,150,10.6
RESIDENT_00329,Move It Challenge,MVPA Minutes,2026-04-10,Active,Silver,150,53.3
RESIDENT_00435,Eat Drink Shop Healthy,Healthier Purchases,2026-04-09,Active,Bronze,30,24.1
RESIDENT_01057,Move It Challenge,MVPA Minutes,2026-04-01,Active,Silver,150,47.3
RESIDENT_00385,National Steps Challenge,Steps,2026-03-24,Active,Bronze,10000,26.6
RESIDENT_00203,National Steps Challenge,Steps,2026-03-19,Active,Platinum,10000,80.2
RESIDENT_01461,National Steps Challenge,Steps,2026-03-18,Active,Silver,10000,41.6
RESIDENT_01028,Eat Drink Shop Healthy,Healthier Purchases,2026-03-11,Active,Bronze,30,32.1
RESIDENT_01466,Move It Challenge,MVPA Minutes,2026-03-18,Active,Silver,150,49.2
RESIDENT_00195,Move It Challenge,MVPA Minutes,2026-03-22,Active,Gold,150,78.0
RESIDENT_01151,National Steps Challenge,Steps,2026-04-04,Active,Platinum,10000,81.6
RESIDENT_00576,Eat Drink Shop Healthy,Healthier Purchases,2026-03-02,Active,Silver,30,47.4
RESIDENT_01002,National Steps Challenge,Steps,2026-03-22,Active,Bronze,10000,23.4
RESIDENT_00927,Eat Drink Shop Healthy,Healthier Purchases,2026-03-22,Active,Gold,30,79.2
RESIDENT_00880,Move It Challenge,MVPA Minutes,2026-03-26,Active,Platinum,150,86.0
RESIDENT_00284,National Steps Challenge,Steps,2026-03-27,Active,Gold,10000,70.2
RESIDENT_01277,National Steps Challenge,Steps,2026-03-14,Active,Bronze,10000,28.2
RESIDENT_01426,Move It Challenge,MVPA Minutes,2026-03-13,Active,Silver,150,40.0
RESIDENT_00348,National Steps Challenge,Steps,2026-03-26,Active,Bronze,10000,21.6
RESIDENT_00258,National Steps Challenge,Steps,2026-03-31,Active,Bronze,10000,22.5
RESIDENT_00134,Eat Drink Shop Healthy,Healthier Purchases,2026-03-26,Active,Participant,30,17.4
RESIDENT_00565,National Steps Challenge,Steps,2026-03-01,Active,Participant,10000,4.9
RESIDENT_01403,Move It Challenge,MVPA Minutes,2026-03-27,Active,Participant,150,9.0
RESIDENT_01041,Move It Challenge,MVPA Minutes,2026-04-02,Active,Participant,150,12.4
RESIDENT_01413,Move It Challenge,MVPA Minutes,2026-03-29,Active,Platinum,150,95.7
RESIDENT_00974,Move It Challenge,MVPA Minutes,2026-03-26,Active,Platinum,150,91.0
RESIDENT_00229,Move It Challenge,MVPA Minutes,2026-03-03,Active,Silver,150,51.5
RESIDENT_00302,National Steps Challenge,Steps,2026-03-24,Active,Participant,10000,6.0
RESIDENT_01369,National Steps Challenge,Steps,2026-03-26,Active,Gold,10000,63.3
RESIDENT_01051,Eat Drink Shop Healthy,Healthier Purchases,2026-03-18,Active,Gold,30,71.2
RESIDENT_01186,Eat Drink Shop Healthy,Healthier Purchases,2026-03-15,Active,Silver,30,51.6
RESIDENT_01334,Eat Drink Shop Healthy,Healthier Purchases,2026-04-10,Active,Participant,30,18.1
RESIDENT_00764,Move It Challenge,MVPA Minutes,2026-03-06,Active,Participant,150,17.9
RESIDENT_00737,Eat Drink Shop Healthy,Healthier Purchases,2026-04-08,Active,Gold,30,60.7
RESIDENT_00019,National Steps Challenge,Steps,2026-04-08,Active,Platinum,10000,98.4
RESIDENT_00711,Eat Drink Shop Healthy,Healthier Purchases,2026-03-24,Active,Gold,30,62.6
RESIDENT_01045,National Steps Challenge,Steps,2026-04-08,Active,Bronze,10000,21.6
RESIDENT_00391,National Steps Challenge,Steps,2026-04-02,Active,Silver,10000,45.3
RESIDENT_00494,Move It Challenge,MVPA Minutes,2026-03-17,Active,Silver,150,45.7
RESIDENT_00317,National Steps Challenge,Steps,2026-03-26,Active,Silver,10000,44.2
RESIDENT_00416,Eat Drink Shop Healthy,Healthier Purchases,2026-03-27,Active,Silver,30,50.4
RESIDENT_00436,National Steps Challenge,Steps,2026-03-19,Active,Silver,10000,40.9
RESIDENT_00509,Move It Challenge,MVPA Minutes,2026-03-03,Active,Gold,150,75.6
RESIDENT_00181,Move It Challenge,MVPA Minutes,2026-04-01,Active,Silver,150,54.0
RESIDENT_00205,Move It Challenge,MVPA Minutes,2026-03-09,Active,Gold,150,73.0
RESIDENT_00242,Move It Challenge,MVPA Minutes,2026-03-25,Active,Silver,150,41.4
RESIDENT_00716,Eat Drink Shop Healthy,Healthier Purchases,2026-03-23,Active,Platinum,30,82.3
RESIDENT_00293,Move It Challenge,MVPA Minutes,2026-03-09,Active,Gold,150,78.5
RESIDENT_01152,Move It Challenge,MVPA Minutes,2026-03-11,Active,Platinum,150,97.2
RESIDENT_00246,Eat Drink Shop Healthy,Healthier Purchases,2026-03-05,Active,Participant,30,2.9
RESIDENT_00844,National Steps Challenge,Steps,2026-03-01,Active,Silver,10000,58.1
RESIDENT_00644,Eat Drink Shop Healthy,Healthier Purchases,2026-03-04,Active,Gold,30,64.6
RESIDENT_00382,National Steps Challenge,Steps,2026-03-14,Active,Silver,10000,45.9
RESIDENT_01213,Eat Drink Shop Healthy,Healthier Purchases,2026-03-20,Active,Bronze,30,29.2
RESIDENT_00983,National Steps Challenge,Steps,2026-03-16,Active,Gold,10000,71.0
RESIDENT_00409,Eat Drink Shop Healthy,Healthier Purchases,2026-03-29,Active,Platinum,30,81.7
RESIDENT_00265,National Steps Challenge,Steps,2026-03-24,Active,Platinum,10000,96.6
RESIDENT_00066,Eat Drink Shop Healthy,Healthier Purchases,2026-03-24,Active,Participant,30,17.1
RESIDENT_00867,Eat Drink Shop Healthy,Healthier Purchases,2026-03-11,Active,Bronze,30,38.0
RESIDENT_00455,Eat Drink Shop Healthy,Healthier Purchases,2026-04-04,Active,Silver,30,56.8
RESIDENT_00258,Eat Drink Shop Healthy,Healthier Purchases,2026-03-25,Active,Participant,30,3.6
RESIDENT_01088,Eat Drink Shop Healthy,Healthier Purchases,2026-04-02,Active,Participant,30,11.8
RESIDENT_00006,Eat Drink Shop Healthy,Healthier Purchases,2026-03-12,Active,Gold,30,74.4
RESIDENT_01003,Eat Drink Shop Healthy,Healthier Purchases,2026-03-19,Active,Platinum,30,80.2
RESIDENT_00108,National Steps Challenge,Steps,2026-04-06,Active,Gold,10000,70.8
RESIDENT_00696,Eat Drink Shop Healthy,Healthier Purchases,2026-03-02,Active,Participant,30,13.8
RESIDENT_01333,Move It Challenge,MVPA Minutes,2026-04-01,Active,Silver,150,58.6
RESIDENT_00788,Eat Drink Shop Healthy,Healthier Purchases,2026-03-13,Active,Platinum,30,87.8
RESIDENT_00772,National Steps Challenge,Steps,2026-03-13,Active,Participant,10000,18.4
RESIDENT_00832,Move It Challenge,MVPA Minutes,2026-03-13,Active,Gold,150,75.1
RESIDENT_00370,Eat Drink Shop Healthy,Healthier Purchases,2026-03-20,Active,Bronze,30,21.3
RESIDENT_00307,Move It Challenge,MVPA Minutes,2026-03-20,Active,Gold,150,70.1
RESIDENT_01017,National Steps Challenge,Steps,2026-03-13,Active,Bronze,10000,21.9
RESIDENT_01177,National Steps Challenge,Steps,2026-04-06,Active,Gold,10000,75.4
RESIDENT_00469,Move It Challenge,MVPA Minutes,2026-03-30,Active,Gold,150,73.3
RESIDENT_00889,Eat Drink Shop Healthy,Healthier Purchases,2026-03-14,Active,Gold,30,69.2
RESIDENT_00118,Eat Drink Shop Healthy,Healthier Purchases,2026-03-14,Active,Bronze,30,28.3
RESIDENT_01154,National Steps Challenge,Steps,2026-03-16,Active,Gold,10000,73.3
RESIDENT_00728,National Steps Challenge,Steps,2026-03-01,Active,Bronze,10000,22.5
RESIDENT_01315,Move It Challenge,MVPA Minutes,2026-03-15,Active,Gold,150,71.0
RESIDENT_01438,Eat Drink Shop Healthy,Healthier Purchases,2026-03-20,Active,Gold,30,76.1
RESIDENT_00525,National Steps Challenge,Steps,2026-04-10,Active,Gold,10000,67.0
RESIDENT_00096,Eat Drink Shop Healthy,Healthier Purchases,2026-03-01,Active,Bronze,30,33.3
RESIDENT_00253,Move It Challenge,MVPA Minutes,2026-03-02,Active,Silver,150,45.6
RESIDENT_00137,Move It Challenge,MVPA Minutes,2026-03-30,Active,Gold,150,69.7
RESIDENT_01383,Eat Drink Shop Healthy,Healthier Purchases,2026-03-15,Active,Participant,30,18.6
RESIDENT_01109,Move It Challenge,MVPA Minutes,2026-03-09,Active,Gold,150,64.3
RESIDENT_00378,Move It Challenge,MVPA Minutes,2026-03-25,Active,Platinum,150,85.9
RESIDENT_00983,Move It Challenge,MVPA Minutes,2026-03-17,Active,Platinum,150,89.9
RESIDENT_00979,National Steps Challenge,Steps,2026-04-02,Active,Participant,10000,13.9
RESIDENT_00571,National Steps Challenge,Steps,2026-03-07,Active,Participant,10000,17.9
RESIDENT_00078,National Steps Challenge,Steps,2026-03-04,Active,Platinum,10000,91.2
RESIDENT_00182,Move It Challenge,MVPA Minutes,2026-03-24,Active,Bronze,150,27.6
RESIDENT_00651,Move It Challenge,MVPA Minutes,2026-03-31,Active,Participant,150,2.9
RESIDENT_01209,Eat Drink Shop Healthy,Healthier Purchases,2026-03-29,Active,Silver,30,46.3
RESIDENT_00275,National Steps Challenge,Steps,2026-03-08,Active,Silver,10000,59.3
RESIDENT_01257,Eat Drink Shop Healthy,Healthier Purchases,2026-04-07,Active,Gold,30,71.4
RESIDENT_01380,National Steps Challenge,Steps,2026-04-10,Active,Gold,10000,71.7
RESIDENT_01093,Move It Challenge,MVPA Minutes,2026-03-22,Active,Silver,150,44.1
RESIDENT_00761,National Steps Challenge,Steps,2026-03-19,Active,Silver,10000,56.1
RESIDENT_00384,Move It Challenge,MVPA Minutes,2026-03-20,Active,Silver,150,46.7
RESIDENT_01002,Move It Challenge,MVPA Minutes,2026-03-01,Active,Silver,150,49.3
RESIDENT_01315,National Steps Challenge,Steps,2026-03-03,Active,Platinum,10000,82.7
RESIDENT_00173,Eat Drink Shop Healthy,Healthier Purchases,2026-03-25,Active,Participant,30,4.8
RESIDENT_01244,Move It Challenge,MVPA Minutes,2026-03-13,Active,Silver,150,50.7
RESIDENT_00681,Eat Drink Shop Healthy,Healthier Purchases,2026-04-07,Active,Silver,30,58.5
RESIDENT_01405,Eat Drink Shop Healthy,Healthier Purchases,2026-03-30,Active,Gold,30,65.7
RESIDENT_00769,Eat Drink Shop Healthy,Healthier Purchases,2026-03-23,Active,Participant,30,0.2
RESIDENT_00558,Move It Challenge,MVPA Minutes,2026-03-27,Active,Bronze,150,21.3
RESIDENT_01288,Eat Drink Shop Healthy,Healthier Purchases,2026-03-20,Active,Participant,30,15.5
RESIDENT_01249,National Steps Challenge,Steps,2026-03-29,Active,Bronze,10000,23.7
RESIDENT_01261,Move It Challenge,MVPA Minutes,2026-03-15,Active,Participant,150,13.2
RESIDENT_00491,Move It Challenge,MVPA Minutes,2026-03-29,Active,Bronze,150,37.5
RESIDENT_00054,National Steps Challenge,Steps,2026-03-27,Active,Gold,10000,63.9
RESIDENT_01133,National Steps Challenge,Steps,2026-04-01,Active,Platinum,10000,84.3
RESIDENT_01147,Move It Challenge,MVPA Minutes,2026-04-05,Active,Silver,150,56.1
RESIDENT_00925,National Steps Challenge,Steps,2026-04-09,Active,Gold,10000,72.9
RESIDENT_01243,National Steps Challenge,Steps,2026-04-02,Active,Participant,10000,17.2
RESIDENT_00624,Move It Challenge,MVPA Minutes,2026-03-22,Active,Silver,150,46.9
RESIDENT_00194,National Steps Challenge,Steps,2026-03-05,Active,Gold,10000,77.7
RESIDENT_01171,Eat Drink Shop Healthy,Healthier Purchases,2026-04-10,Active,Bronze,30,21.0
RESIDENT_00345,Eat Drink Shop Healthy,Healthier Purchases,2026-03-08,Active,Platinum,30,84.6
RESIDENT_01423,Move It Challenge,MVPA Minutes,2026-03-26,Active,Bronze,150,39.4
RESIDENT_00486,Move It Challenge,MVPA Minutes,2026-04-10,Active,Gold,150,77.5
RESIDENT_01138,National Steps Challenge,Steps,2026-03-06,Active,Participant,10000,1.4
RESIDENT_01386,Move It Challenge,MVPA Minutes,2026-03-18,Active,Bronze,150,28.9
RESIDENT_01474,National Steps Challenge,Steps,2026-03-14,Active,Gold,10000,63.1
RESIDENT_01271,Eat Drink Shop Healthy,Healthier Purchases,2026-03-31,Active,Gold,30,64.5
RESIDENT_01096,Eat Drink Shop Healthy,Healthier Purchases,2026-03-18,Active,Participant,30,14.3
RESIDENT_01309,Eat Drink Shop Healthy,Healthier Purchases,2026-03-18,Active,Participant,30,19.4
RESIDENT_01152,National Steps Challenge,Steps,2026-03-14,Active,Platinum,10000,86.5
RESIDENT_01156,National Steps Challenge,Steps,2026-03-02,Active,Bronze,10000,34.1
RESIDENT_00223,Eat Drink Shop Healthy,Healthier Purchases,2026-03-04,Active,Bronze,30,39.9
RESIDENT_00878,Move It Challenge,MVPA Minutes,2026-03-10,Active,Participant,150,17.9
RESIDENT_00332,Eat Drink Shop Healthy,Healthier Purchases,2026-03-30,Active,Gold,30,67.3
RESIDENT_00658,Move It Challenge,MVPA Minutes,2026-03-01,Active,Platinum,150,98.0
RESIDENT_01195,Eat Drink Shop Healthy,Healthier Purchases,2026-03-17,Active,Platinum,30,82.0
RESIDENT_00840,Eat Drink Shop Healthy,Healthier Purchases,2026-03-17,Active,Gold,30,74.2
RESIDENT_00420,Move It Challenge,MVPA Minutes,2026-04-09,Active,Silver,150,41.8
RESIDENT_01092,National Steps Challenge,Steps,2026-03-17,Active,Silver,10000,53.9
RESIDENT_00646,Move It Challenge,MVPA Minutes,2026-03-16,Active,Silver,150,55.4
RESIDENT_00493,Move It Challenge,MVPA Minutes,2026-03-04,Active,Platinum,150,91.7
RESIDENT_00216,Move It Challenge,MVPA Minutes,2026-03-21,Active,Bronze,150,22.2
RESIDENT_00610,Eat Drink Shop Healthy,Healthier Purchases,2026-03-01,Active,Silver,30,43.5
RESIDENT_00636,National Steps Challenge,Steps,2026-04-08,Active,Silver,10000,51.5
RESIDENT_00857,Eat Drink Shop Healthy,Healthier Purchases,2026-03-01,Active,Gold,30,77.8
RESIDENT_00290,National Steps Challenge,Steps,2026-03-29,Active,Platinum,10000,86.8
RESIDENT_00556,National Steps Challenge,Steps,2026-03-30,Active,Platinum,10000,85.1
RESIDENT_00785,Eat Drink Shop Healthy,Healthier Purchases,2026-04-03,Active,Silver,30,42.8
RESIDENT_01417,National Steps Challenge,Steps,2026-03-30,Active,Gold,10000,74.3
RESIDENT_01428,National Steps Challenge,Steps,2026-03-19,Active,Bronze,10000,23.4
RESIDENT_00942,Eat Drink Shop Healthy,Healthier Purchases,2026-03-29,Active,Gold,30,74.1
RESIDENT_01371,National Steps Challenge,Steps,2026-03-11,Active,Silver,10000,46.4
RESIDENT_00362,Move It Challenge,MVPA Minutes,2026-04-01,Active,Silver,150,48.6
RESIDENT_00657,National Steps Challenge,Steps,2026-04-02,Active,Silver,10000,47.9
RESIDENT_00868,Eat Drink Shop Healthy,Healthier Purchases,2026-03-21,Active,Silver,30,41.2
RESIDENT_00077,Eat Drink Shop Healthy,Healthier Purchases,2026-04-03,Active,Bronze,30,37.2
RESIDENT_00441,National Steps Challenge,Steps,2026-04-10,Active,Platinum,10000,85.3
RESIDENT_00663,Eat Drink Shop Healthy,Healthier Purchases,2026-04-05,Active,Platinum,30,97.0
RESIDENT_00832,Eat Drink Shop Healthy,Healthier Purchases,2026-03-26,Active,Gold,30,77.2
RESIDENT_01157,Move It Challenge,MVPA Minutes,2026-03-09,Active,Gold,150,75.1
RESIDENT_00117,Eat Drink Shop Healthy,Healthier Purchases,2026-03-31,Active,Silver,30,41.9
RESIDENT_01270,National Steps Challenge,Steps,2026-04-07,Active,Platinum,10000,89.8
RESIDENT_00526,National Steps Challenge,Steps,2026-03-03,Active,Platinum,10000,96.8
RESIDENT_00541,National Steps Challenge,Steps,2026-03-15,Active,Gold,10000,70.4
RESIDENT_00231,Eat Drink Shop Healthy,Healthier Purchases,2026-03-28,Completed,Platinum,30,99.4
RESIDENT_00231,National Steps Challenge,Steps,2026-03-19,Active,Platinum,10000,83.7
RESIDENT_00746,Eat Drink Shop Healthy,Healthier Purchases,2026-03-27,Active,Bronze,30,26.4
RESIDENT_00758,Eat Drink Shop Healthy,Healthier Purchases,2026-03-28,Active,Silver,30,55.4
RESIDENT_00752,Eat Drink Shop Healthy,Healthier Purchases,2026-03-23,Active,Bronze,30,34.9
RESIDENT_01160,National Steps Challenge,Steps,2026-03-06,Active,Gold,10000,70.6
RESIDENT_01285,Eat Drink Shop Healthy,Healthier Purchases,2026-04-02,Active,Silver,30,46.6
RESIDENT_00038,Move It Challenge,MVPA Minutes,2026-04-09,Active,Silver,150,48.3
RESIDENT_01104,National Steps Challenge,Steps,2026-03-11,Active,Participant,10000,12.3
RESIDENT_00256,Eat Drink Shop Healthy,Healthier Purchases,2026-03-16,Active,Participant,30,5.0
RESIDENT_00448,Eat Drink Shop Healthy,Healthier Purchases,2026-03-12,Active,Silver,30,49.9
RESIDENT_00686,Move It Challenge,MVPA Minutes,2026-03-14,Active,Gold,150,71.5
RESIDENT_01027,Eat Drink Shop Healthy,Healthier Purchases,2026-03-05,Active,Gold,30,65.1
RESIDENT_00150,Eat Drink Shop Healthy,Healthier Purchases,2026-04-01,Active,Gold,30,70.1
RESIDENT_01354,National Steps Challenge,Steps,2026-03-13,Active,Participant,10000,16.5
RESIDENT_00113,National Steps Challenge,Steps,2026-03-13,Active,Gold,10000,70.8
RESIDENT_01038,Eat Drink Shop Healthy,Healthier Purchases,2026-03-13,Active,Gold,30,65.1
RESIDENT_01130,Move It Challenge,MVPA Minutes,2026-04-04,Active,Platinum,150,93.5
RESIDENT_00487,National Steps Challenge,Steps,2026-03-01,Active,Bronze,10000,23.7
RESIDENT_01406,National Steps Challenge,Steps,2026-04-04,Active,Bronze,10000,37.8
RESIDENT_01172,National Steps Challenge,Steps,2026-04-02,Active,Platinum,10000,90.0
RESIDENT_01418,Move It Challenge,MVPA Minutes,2026-03-22,Active,Silver,150,55.1
RESIDENT_00159,Move It Challenge,MVPA Minutes,2026-03-14,Active,Gold,150,69.0
RESIDENT_01141,Move It Challenge,MVPA Minutes,2026-04-06,Active,Platinum,150,98.5
RESIDENT_00599,National Steps Challenge,Steps,2026-03-17,Active,Participant,10000,6.1
RESIDENT_00175,National Steps Challenge,Steps,2026-03-01,Active,Participant,10000,18.5
RESIDENT_00139,Eat Drink Shop Healthy,Healthier Purchases,2026-03-04,Active,Platinum,30,86.2
RESIDENT_01218,National Steps Challenge,Steps,2026-03-13,Active,Participant,10000,19.7
RESIDENT_01115,Move It Challenge,MVPA Minutes,2026-03-23,Active,Participant,150,7.7
RESIDENT_00958,National Steps Challenge,Steps,2026-03-28,Active,Silver,10000,42.9
RESIDENT_00735,National Steps Challenge,Steps,2026-03-20,Active,Bronze,10000,23.0
RESIDENT_00607,Eat Drink Shop Healthy,Healthier Purchases,2026-03-17,Active,Silver,30,46.4
RESIDENT_00963,National Steps Challenge,Steps,2026-03-13,Active,Silver,10000,40.3
RESIDENT_00152,Eat Drink Shop Healthy,Healthier Purchases,2026-03-30,Active,Platinum,30,81.4
RESIDENT_01141,National Steps Challenge,Steps,2026-03-25,Active,Platinum,10000,96.7
RESIDENT_01457,Eat Drink Shop Healthy,Healthier Purchases,2026-03-12,Active,Silver,30,56.5
RESIDENT_00334,Eat Drink Shop Healthy,Healthier Purchases,2026-03-18,Active,Gold,30,79.0
RESIDENT_00494,National Steps Challenge,Steps,2026-03-11,Active,Gold,10000,60.7
RESIDENT_00197,National Steps Challenge,Steps,2026-03-06,Active,Platinum,10000,94.5
RESIDENT_00157,Move It Challenge,MVPA Minutes,2026-03-17,Active,Platinum,150,81.5
RESIDENT_01078,Move It Challenge,MVPA Minutes,2026-04-06,Active,Silver,150,41.5
RESIDENT_01099,Eat Drink Shop Healthy,Healthier Purchases,2026-03-18,Active,Participant,30,19.7
RESIDENT_01468,Move It Challenge,MVPA Minutes,2026-03-18,Active,Participant,150,19.8
RESIDENT_00579,National Steps Challenge,Steps,2026-04-04,Active,Platinum,10000,87.4
RESIDENT_00762,Move It Challenge,MVPA Minutes,2026-04-02,Active,Bronze,150,34.6
RESIDENT_01208,National Steps Challenge,Steps,2026-04-09,Active,Gold,10000,71.2
RESIDENT_01155,Eat Drink Shop Healthy,Healthier Purchases,2026-03-17,Active,Platinum,30,96.9
RESIDENT_00549,Eat Drink Shop Healthy,Healthier Purchases,2026-03-24,Active,Participant,30,4.0
RESIDENT_00895,Eat Drink Shop Healthy,Healthier Purchases,2026-03-07,Active,Bronze,30,35.8
RESIDENT_01220,Eat Drink Shop Healthy,Healthier Purchases,2026-03-19,Active,Silver,30,53.9
RESIDENT_01024,Eat Drink Shop Healthy,Healthier Purchases,2026-03-31,Active,Silver,30,45.4
RESIDENT_00625,Move It Challenge,MVPA Minutes,2026-03-04,Active,Platinum,150,97.6
RESIDENT_00719,Eat Drink Shop Healthy,Healthier Purchases,2026-03-19,Active,Bronze,30,24.2
RESIDENT_00064,National Steps Challenge,Steps,2026-03-09,Active,Bronze,10000,22.3
RESIDENT_01161,National Steps Challenge,Steps,2026-04-06,Active,Gold,10000,60.8
RESIDENT_00109,Eat Drink Shop Healthy,Healthier Purchases,2026-03-11,Active,Gold,30,76.3
RESIDENT_00014,National Steps Challenge,Steps,2026-04-09,Active,Silver,10000,41.0
RESIDENT_00714,Eat Drink Shop Healthy,Healthier Purchases,2026-04-06,Active,Gold,30,73.3
RESIDENT_00911,National Steps Challenge,Steps,2026-03-01,Active,Participant,10000,5.3
RESIDENT_01393,Move It Challenge,MVPA Minutes,2026-03-25,Active,Bronze,150,21.6
RESIDENT_00170,Eat Drink Shop Healthy,Healthier Purchases,2026-03-25,Active,Bronze,30,21.7
RESIDENT_01380,Eat Drink Shop Healthy,Healthier Purchases,2026-03-27,Active,Gold,30,75.0
RESIDENT_00032,Eat Drink Shop Healthy,Healthier Purchases,2026-03-11,Active,Silver,30,47.2
RESIDENT_00907,Eat Drink Shop Healthy,Healthier Purchases,2026-03-09,Active,Platinum,30,85.8
RESIDENT_01452,National Steps Challenge,Steps,2026-03-22,Active,Silver,10000,43.6
RESIDENT_00473,Move It Challenge,MVPA Minutes,2026-03-10,Active,Participant,150,17.4
RESIDENT_00400,Move It Challenge,MVPA Minutes,2026-03-16,Active,Silver,150,47.1
RESIDENT_00140,Eat Drink Shop Healthy,Healthier Purchases,2026-04-01,Active,Silver,30,47.6
RESIDENT_00004,National Steps Challenge,Steps,2026-04-04,Active,Gold,10000,66.9
RESIDENT_01389,Move It Challenge,MVPA Minutes,2026-03-01,Active,Gold,150,77.2
RESIDENT_00148,National Steps Challenge,Steps,2026-04-07,Active,Bronze,10000,23.7
RESIDENT_00371,National Steps Challenge,Steps,2026-03-21,Active,Platinum,10000,81.7
RESIDENT_00720,Move It Challenge,MVPA Minutes,2026-03-09,Active,Bronze,150,37.6
RESIDENT_00361,Eat Drink Shop Healthy,Healthier Purchases,2026-04-05,Active,Bronze,30,21.1
RESIDENT_01474,Eat Drink Shop Healthy,Healthier Purchases,2026-03-10,Active,Gold,30,65.1
RESIDENT_00171,Move It Challenge,MVPA Minutes,2026-03-19,Active,Platinum,150,82.8
RESIDENT_00311,Eat Drink Shop Healthy,Healthier Purchases,2026-03-24,Active,Bronze,30,36.2
RESIDENT_00657,Move It Challenge,MVPA Minutes,2026-04-02,Active,Silver,150,45.7
RESIDENT_00326,National Steps Challenge,Steps,2026-03-29,Active,Gold,10000,65.9
RESIDENT_00910,Eat Drink Shop Healthy,Healthier Purchases,2026-03-05,Active,Participant,30,11.1
RESIDENT_00866,National Steps Challenge,Steps,2026-04-10,Active,Platinum,10000,86.4
RESIDENT_00235,National Steps Challenge,Steps,2026-04-08,Active,Bronze,10000,30.0
RESIDENT_00951,Eat Drink Shop Healthy,Healthier Purchases,2026-03-22,Active,Platinum,30,85.2
RESIDENT_01030,Move It Challenge,MVPA Minutes,2026-03-15,Active,Bronze,150,21.6
RESIDENT_00871,Move It Challenge,MVPA Minutes,2026-03-24,Active,Silver,150,48.2
RESIDENT_01013,Eat Drink Shop Healthy,Healthier Purchases,2026-03-05,Active,Gold,30,71.8
RESIDENT_00712,Move It Challenge,MVPA Minutes,2026-03-25,Active,Gold,150,74.4
RESIDENT_00461,National Steps Challenge,Steps,2026-03-28,Active,Silver,10000,41.4
RESIDENT_00784,Move It Challenge,MVPA Minutes,2026-03-21,Active,Participant,150,8.1
RESIDENT_00807,National Steps Challenge,Steps,2026-03-04,Active,Participant,10000,15.3
RESIDENT_00259,Move It Challenge,MVPA Minutes,2026-03-23,Active,Bronze,150,30.5
RESIDENT_01219,Move It Challenge,MVPA Minutes,2026-03-03,Active,Silver,150,41.1
RESIDENT_00073,National Steps Challenge,Steps,2026-04-08,Active,Platinum,10000,80.4
RESIDENT_00239,Eat Drink Shop Healthy,Healthier Purchases,2026-04-08,Active,Gold,30,63.4
RESIDENT_00521,National Steps Challenge,Steps,2026-03-22,Active,Platinum,10000,87.8
RESIDENT_00991,National Steps Challenge,Steps,2026-03-28,Active,Gold,10000,64.7
RESIDENT_01457,National Steps Challenge,Steps,2026-03-27,Active,Gold,10000,76.0
RESIDENT_00209,National Steps Challenge,Steps,2026-03-05,Active,Gold,10000,76.1
RESIDENT_00300,National Steps Challenge,Steps,2026-03-18,Active,Bronze,10000,38.2
RESIDENT_01096,National Steps Challenge,Steps,2026-03-12,Active,Bronze,10000,25.2
RESIDENT_00458,Move It Challenge,MVPA Minutes,2026-03-30,Active,Participant,150,15.2
RESIDENT_00128,National Steps Challenge,Steps,2026-03-20,Active,Silver,10000,47.3
RESIDENT_00161,Eat Drink Shop Healthy,Healthier Purchases,2026-03-08,Active,Gold,30,74.8
RESIDENT_00462,Eat Drink Shop Healthy,Healthier Purchases,2026-04-02,Active,Bronze,30,22.0
RESIDENT_00139,National Steps Challenge,Steps,2026-03-10,Active,Platinum,10000,97.0
RESIDENT_00153,National Steps Challenge,Steps,2026-04-02,Active,Participant,10000,5.1
RESIDENT_00396,Eat Drink Shop Healthy,Healthier Purchases,2026-03-23,Active,Participant,30,18.1
RESIDENT_01150,National Steps Challenge,Steps,2026-03-10,Active,Silver,10000,56.6
RESIDENT_00305,Move It Challenge,MVPA Minutes,2026-03-03,Active,Platinum,150,96.7
RESIDENT_00244,Move It Challenge,MVPA Minutes,2026-04-05,Active,Participant,150,16.0
RESIDENT_01112,National Steps Challenge,Steps,2026-03-31,Active,Platinum,10000,92.1
RESIDENT_00318,National Steps Challenge,Steps,2026-03-01,Active,Participant,10000,17.4
RESIDENT_00717,Move It Challenge,MVPA Minutes,2026-03-31,Active,Platinum,150,88.6
RESIDENT_00122,National Steps Challenge,Steps,2026-03-03,Active,Platinum,10000,84.1
RESIDENT_00508,Move It Challenge,MVPA Minutes,2026-04-08,Active,Bronze,150,24.8
RESIDENT_01135,National Steps Challenge,Steps,2026-03-19,Active,Silver,10000,42.9
RESIDENT_00723,Eat Drink Shop Healthy,Healthier Purchases,2026-03-12,Active,Silver,30,40.1
RESIDENT_01216,Move It Challenge,MVPA Minutes,2026-03-29,Active,Silver,150,51.7
RESIDENT_00383,National Steps Challenge,Steps,2026-03-23,Active,Participant,10000,19.9
RESIDENT_00594,Eat Drink Shop Healthy,Healthier Purchases,2026-04-01,Active,Bronze,30,28.9
RESIDENT_00613,Move It Challenge,MVPA Minutes,2026-03-31,Active,Bronze,150,34.1
RESIDENT_01371,Eat Drink Shop Healthy,Healthier Purchases,2026-04-04,Active,Gold,30,76.1
RESIDENT_00706,National Steps Challenge,Steps,2026-03-04,Active,Gold,10000,76.6
RESIDENT_01176,Eat Drink Shop Healthy,Healthier Purchases,2026-03-15,Active,Platinum,30,82.4
RESIDENT_01369,Move It Challenge,MVPA Minutes,2026-03-09,Active,Gold,150,74.0
RESIDENT_00601,Eat Drink Shop Healthy,Healthier Purchases,2026-03-29,Active,Gold,30,73.3
RESIDENT_00436,Eat Drink Shop Healthy,Healthier Purchases,2026-04-09,Active,Gold,30,72.5
RESIDENT_00283,Eat Drink Shop Healthy,Healthier Purchases,2026-03-19,Active,Platinum,30,85.5
RESIDENT_00842,National Steps Challenge,Steps,2026-03-20,Active,Silver,10000,48.6
RESIDENT_00200,Move It Challenge,MVPA Minutes,2026-03-04,Active,Silver,150,55.9
RESIDENT_00808,Eat Drink Shop Healthy,Healthier Purchases,2026-03-18,Active,Gold,30,70.2
RESIDENT_01332,Move It Challenge,MVPA Minutes,2026-03-16,Active,Gold,150,79.0
RESIDENT_00211,Move It Challenge,MVPA Minutes,2026-03-16,Active,Participant,150,3.0
RESIDENT_00895,Move It Challenge,MVPA Minutes,2026-04-01,Active,Bronze,150,29.4
RESIDENT_00623,Move It Challenge,MVPA Minutes,2026-04-07,Active,Participant,150,15.4
RESIDENT_00483,Eat Drink Shop Healthy,Healthier Purchases,2026-03-27,Active,Silver,30,49.7
RESIDENT_00635,Move It Challenge,MVPA Minutes,2026-04-07,Active,Bronze,150,20.4
RESIDENT_00661,Eat Drink Shop Healthy,Healthier Purchases,2026-03-13,Active,Bronze,30,29.7
RESIDENT_01131,National Steps Challenge,Steps,2026-03-09,Active,Gold,10000,74.1
RESIDENT_01410,Move It Challenge,MVPA Minutes,2026-03-12,Active,Bronze,150,20.6
RESIDENT_01405,National Steps Challenge,Steps,2026-03-15,Active,Silver,10000,58.5
RESIDENT_00894,Move It Challenge,MVPA Minutes,2026-04-09,Active,Gold,150,76.6
RESIDENT_01278,Move It Challenge,MVPA Minutes,2026-03-26,Active,Participant,150,10.0
RESIDENT_00143,Move It Challenge,MVPA Minutes,2026-03-09,Active,Gold,150,69.0
RESIDENT_00616,Move It Challenge,MVPA Minutes,2026-03-18,Active,Gold,150,79.3
RESIDENT_00152,National Steps Challenge,Steps,2026-04-08,Active,Gold,10000,75.7
RESIDENT_01188,Move It Challenge,MVPA Minutes,2026-03-15,Active,Gold,150,73.2
RESIDENT_00476,National Steps Challenge,Steps,2026-03-17,Active,Participant,10000,16.8
RESIDENT_01248,Eat Drink Shop Healthy,Healthier Purchases,2026-03-18,Active,Gold,30,73.0
RESIDENT_01056,National Steps Challenge,Steps,2026-03-05,Active,Silver,10000,46.6
RESIDENT_00662,Move It Challenge,MVPA Minutes,2026-03-10,Active,Gold,150,69.0
RESIDENT_00248,National Steps Challenge,Steps,2026-03-10,Active,Participant,10000,16.5
RESIDENT_00262,Eat Drink Shop Healthy,Healthier Purchases,2026-03-05,Active,Silver,30,54.8
RESIDENT_00023,National Steps Challenge,Steps,2026-04-09,Active,Gold,10000,74.3
RESIDENT_01029,Eat Drink Shop Healthy,Healthier Purchases,2026-03-25,Active,Gold,30,70.8
RESIDENT_00345,National Steps Challenge,Steps,2026-03-18,Active,Gold,10000,78.9
RESIDENT_00704,Move It Challenge,MVPA Minutes,2026-03-28,Active,Gold,150,71.6
RESIDENT_01367,Move It Challenge,MVPA Minutes,2026-04-07,Active,Silver,150,43.9
RESIDENT_01059,Move It Challenge,MVPA Minutes,2026-03-16,Active,Silver,150,53.5
RESIDENT_00344,Move It Challenge,MVPA Minutes,2026-03-19,Active,Gold,150,61.4
RESIDENT_00039,Move It Challenge,MVPA Minutes,2026-03-24,Active,Platinum,150,88.2
RESIDENT_01417,Move It Challenge,MVPA Minutes,2026-03-20,Active,Gold,150,61.0
RESIDENT_00303,National Steps Challenge,Steps,2026-03-10,Completed,Platinum,10000,99.6
RESIDENT_00546,Eat Drink Shop Healthy,Healthier Purchases,2026-04-10,Active,Gold,30,72.6
RESIDENT_00102,Eat Drink Shop Healthy,Healthier Purchases,2026-03-09,Active,Gold,30,71.2
RESIDENT_01178,Eat Drink Shop Healthy,Healthier Purchases,2026-04-06,Active,Bronze,30,38.9
RESIDENT_01076,National Steps Challenge,Steps,2026-03-21,Active,Bronze,10000,20.8
RESIDENT_00697,Move It Challenge,MVPA Minutes,2026-03-16,Active,Bronze,150,27.6
RESIDENT_00381,National Steps Challenge,Steps,2026-03-11,Active,Gold,10000,73.3
RESIDENT_00510,Move It Challenge,MVPA Minutes,2026-03-16,Active,Platinum,150,96.3
RESIDENT_00356,Eat Drink Shop Healthy,Healthier Purchases,2026-03-03,Active,Platinum,30,90.4
RESIDENT_01253,Eat Drink Shop Healthy,Healthier Purchases,2026-03-21,Active,Gold,30,68.1
RESIDENT_00884,Eat Drink Shop Healthy,Healthier Purchases,2026-03-18,Completed,Platinum,30,99.0
RESIDENT_00099,National Steps Challenge,Steps,2026-03-20,Active,Silver,10000,44.5
RESIDENT_01481,Move It Challenge,MVPA Minutes,2026-03-21,Active,Gold,150,68.5
RESIDENT_00296,Move It Challenge,MVPA Minutes,2026-03-24,Active,Participant,150,1.3
RESIDENT_01208,Eat Drink Shop Healthy,Healthier Purchases,2026-04-07,Active,Silver,30,45.0
RESIDENT_01353,Move It Challenge,MVPA Minutes,2026-03-01,Active,Silver,150,45.5
RESIDENT_01354,Move It Challenge,MVPA Minutes,2026-03-27,Active,Bronze,150,22.9
RESIDENT_01282,National Steps Challenge,Steps,2026-04-05,Active,Platinum,10000,97.5
RESIDENT_00769,National Steps Challenge,Steps,2026-03-23,Active,Participant,10000,12.3
RESIDENT_00459,National Steps Challenge,Steps,2026-03-05,Active,Bronze,10000,38.4
RESIDENT_00272,National Steps Challenge,Steps,2026-03-01,Active,Silver,10000,59.9
RESIDENT_00091,Move It Challenge,MVPA Minutes,2026-04-06,Active,Platinum,150,80.2
RESIDENT_00651,Eat Drink Shop Healthy,Healthier Purchases,2026-03-05,Active,Bronze,30,29.9
RESIDENT_00891,National Steps Challenge,Steps,2026-04-07,Active,Participant,10000,5.8
RESIDENT_01005,Eat Drink Shop Healthy,Healthier Purchases,2026-03-12,Active,Participant,30,5.5
RESIDENT_00911,Move It Challenge,MVPA Minutes,2026-03-24,Active,Participant,150,16.9
RESIDENT_00580,National Steps Challenge,Steps,2026-04-08,Active,Platinum,10000,87.0
RESIDENT_01117,Move It Challenge,MVPA Minutes,2026-03-17,Active,Bronze,150,28.6
RESIDENT_01448,Move It Challenge,MVPA Minutes,2026-03-15,Active,Gold,150,75.8
RESIDENT_00238,Move It Challenge,MVPA Minutes,2026-03-24,Active,Gold,150,72.3
RESIDENT_00639,Move It Challenge,MVPA Minutes,2026-04-07,Active,Platinum,150,81.2
RESIDENT_00271,Move It Challenge,MVPA Minutes,2026-03-30,Active,Silver,150,48.9
RESIDENT_00101,National Steps Challenge,Steps,2026-04-06,Active,Bronze,10000,21.6
RESIDENT_01358,National Steps Challenge,Steps,2026-04-05,Active,Silver,10000,57.6
RESIDENT_00778,Eat Drink Shop Healthy,Healthier Purchases,2026-03-18,Active,Platinum,30,95.7
RESIDENT_00887,Move It Challenge,MVPA Minutes,2026-03-10,Active,Platinum,150,89.7
RESIDENT_00425,Move It Challenge,MVPA Minutes,2026-03-02,Active,Platinum,150,84.0
RESIDENT_00935,Eat Drink Shop Healthy,Healthier Purchases,2026-04-06,Active,Silver,30,43.8
RESIDENT_00971,Move It Challenge,MVPA Minutes,2026-03-24,Active,Bronze,150,33.3
RESIDENT_01080,Eat Drink Shop Healthy,Healthier Purchases,2026-03-02,Active,Platinum,30,81.9
RESIDENT_00149,Move It Challenge,MVPA Minutes,2026-03-17,Active,Gold,150,75.7
RESIDENT_00959,National Steps Challenge,Steps,2026-03-11,Active,Platinum,10000,91.2
RESIDENT_01233,Move It Challenge,MVPA Minutes,2026-03-27,Active,Silver,150,40.1
RESIDENT_00835,Eat Drink Shop Healthy,Healthier Purchases,2026-04-08,Active,Silver,30,50.6
RESIDENT_01364,Eat Drink Shop Healthy,Healthier Purchases,2026-03-31,Active,Bronze,30,21.0
RESIDENT_01132,Eat Drink Shop Healthy,Healthier Purchases,2026-04-04,Active,Silver,30,45.8
RESIDENT_00212,Move It Challenge,MVPA Minutes,2026-03-31,Active,Silver,150,40.5
RESIDENT_00067,National Steps Challenge,Steps,2026-03-21,Active,Silver,10000,53.7
RESIDENT_01203,Move It Challenge,MVPA Minutes,2026-03-09,Active,Silver,150,51.6
RESIDENT_00328,National Steps Challenge,Steps,2026-03-17,Active,Silver,10000,49.7
RESIDENT_00174,National Steps Challenge,Steps,2026-03-13,Active,Silver,10000,56.2
RESIDENT_00027,Move It Challenge,MVPA Minutes,2026-03-17,Active,Participant,150,9.0
RESIDENT_00830,Eat Drink Shop Healthy,Healthier Purchases,2026-03-22,Active,Silver,30,44.9
RESIDENT_00764,National Steps Challenge,Steps,2026-03-16,Active,Participant,10000,17.3
RESIDENT_00288,Eat Drink Shop Healthy,Healthier Purchases,2026-03-16,Active,Bronze,30,27.7
RESIDENT_00144,National Steps Challenge,Steps,2026-03-16,Active,Platinum,10000,86.4
RESIDENT_00681,National Steps Challenge,Steps,2026-03-10,Active,Platinum,10000,80.3
RESIDENT_01411,National Steps Challenge,Steps,2026-03-31,Active,Participant,10000,1.5
RESIDENT_01418,National Steps Challenge,Steps,2026-03-30,Active,Platinum,10000,84.6
RESIDENT_00511,Move It Challenge,MVPA Minutes,2026-03-18,Active,Bronze,150,39.2
RESIDENT_00438,National Steps Challenge,Steps,2026-03-08,Active,Platinum,10000,82.4
RESIDENT_00480,Move It Challenge,MVPA Minutes,2026-03-06,Active,Participant,150,12.0
RESIDENT_00355,National Steps Challenge,Steps,2026-03-16,Active,Gold,10000,61.5
RESIDENT_01003,National Steps Challenge,Steps,2026-04-01,Active,Gold,10000,63.1
RESIDENT_00789,National Steps Challenge,Steps,2026-04-03,Active,Platinum,10000,83.8
RESIDENT_00570,Eat Drink Shop Healthy,Healthier Purchases,2026-04-06,Active,Gold,30,70.7
RESIDENT_00437,Move It Challenge,MVPA Minutes,2026-03-06,Active,Gold,150,74.2
RESIDENT_00670,Move It Challenge,MVPA Minutes,2026-03-26,Active,Gold,150,79.0
RESIDENT_01290,National Steps Challenge,Steps,2026-04-06,Active,Platinum,10000,96.2
RESIDENT_00869,Eat Drink Shop Healthy,Healthier Purchases,2026-03-19,Active,Platinum,30,93.2
RESIDENT_01040,Move It Challenge,MVPA Minutes,2026-03-17,Active,Silver,150,53.7
RESIDENT_01183,Eat Drink Shop Healthy,Healthier Purchases,2026-03-08,Active,Bronze,30,35.0
RESIDENT_01155,Move It Challenge,MVPA Minutes,2026-03-21,Active,Gold,150,73.1
RESIDENT_00243,Eat Drink Shop Healthy,Healthier Purchases,2026-03-07,Active,Platinum,30,94.8
RESIDENT_00533,Eat Drink Shop Healthy,Healthier Purchases,2026-03-22,Active,Gold,30,78.5
RESIDENT_00065,National Steps Challenge,Steps,2026-03-09,Active,Gold,10000,64.9
RESIDENT_01273,Eat Drink Shop Healthy,Healthier Purchases,2026-03-25,Active,Participant,30,11.5
RESIDENT_01162,Move It Challenge,MVPA Minutes,2026-03-02,Active,Participant,150,3.2
RESIDENT_00451,Eat Drink Shop Healthy,Healthier Purchases,2026-03-22,Active,Bronze,30,25.4
RESIDENT_00916,Eat Drink Shop Healthy,Healthier Purchases,2026-03-08,Active,Gold,30,78.2
RESIDENT_01298,National Steps Challenge,Steps,2026-03-01,Active,Participant,10000,18.2
RESIDENT_00125,Move It Challenge,MVPA Minutes,2026-03-26,Active,Participant,150,14.8
RESIDENT_01249,Eat Drink Shop Healthy,Healthier Purchases,2026-03-29,Active,Participant,30,11.1
RESIDENT_01089,National Steps Challenge,Steps,2026-04-07,Active,Silver,10000,41.9
RESIDENT_00783,Move It Challenge,MVPA Minutes,2026-03-02,Active,Participant,150,17.1
RESIDENT_01198,Move It Challenge,MVPA Minutes,2026-03-18,Active,Participant,150,9.6
RESIDENT_01143,National Steps Challenge,Steps,2026-03-15,Active,Participant,10000,16.8
RESIDENT_00343,Eat Drink Shop Healthy,Healthier Purchases,2026-03-01,Active,Bronze,30,21.6
RESIDENT_01173,National Steps Challenge,Steps,2026-03-03,Active,Silver,10000,53.6
RESIDENT_01462,National Steps Challenge,Steps,2026-03-06,Active,Gold,10000,70.6
RESIDENT_00505,Eat Drink Shop Healthy,Healthier Purchases,2026-03-22,Active,Gold,30,69.3
RESIDENT_00176,Eat Drink Shop Healthy,Healthier Purchases,2026-03-10,Active,Gold,30,60.3
RESIDENT_00757,National Steps Challenge,Steps,2026-04-01,Active,Platinum,10000,98.1
RESIDENT_00174,Eat Drink Shop Healthy,Healthier Purchases,2026-03-29,Active,Gold,30,64.6
RESIDENT_00168,Eat Drink Shop Healthy,Healthier Purchases,2026-03-18,Active,Silver,30,47.8
RESIDENT_00314,National Steps Challenge,Steps,2026-03-13,Active,Gold,10000,77.3
RESIDENT_01058,Eat Drink Shop Healthy,Healthier Purchases,2026-04-01,Active,Platinum,30,86.3
RESIDENT_00807,Move It Challenge,MVPA Minutes,2026-03-16,Active,Participant,150,18.3
RESIDENT_00593,National Steps Challenge,Steps,2026-03-26,Active,Participant,10000,11.0
RESIDENT_00835,National Steps Challenge,Steps,2026-03-23,Active,Silver,10000,51.5
RESIDENT_00520,Move It Challenge,MVPA Minutes,2026-03-23,Active,Gold,150,79.0
RESIDENT_01391,National Steps Challenge,Steps,2026-04-07,Active,Platinum,10000,80.6
RESIDENT_00198,Move It Challenge,MVPA Minutes,2026-04-04,Active,Bronze,150,26.7
RESIDENT_01124,Move It Challenge,MVPA Minutes,2026-04-04,Active,Silver,150,57.8
RESIDENT_00811,National Steps Challenge,Steps,2026-03-29,Active,Silver,10000,52.9
RESIDENT_01000,National Steps Challenge,Steps,2026-03-15,Active,Bronze,10000,21.8
RESIDENT_00922,National Steps Challenge,Steps,2026-03-04,Active,Bronze,10000,28.7
RESIDENT_00351,Move It Challenge,MVPA Minutes,2026-03-28,Active,Participant,150,10.9
RESIDENT_00040,Eat Drink Shop Healthy,Healthier Purchases,2026-03-24,Active,Bronze,30,31.6
RESIDENT_01376,National Steps Challenge,Steps,2026-03-22,Active,Gold,10000,71.1
RESIDENT_00119,Eat Drink Shop Healthy,Healthier Purchases,2026-03-09,Active,Participant,30,5.7
RESIDENT_00803,Move It Challenge,MVPA Minutes,2026-03-03,Active,Platinum,150,81.7
RESIDENT_00480,Eat Drink Shop Healthy,Healthier Purchases,2026-03-04,Active,Bronze,30,36.8
RESIDENT_00794,Eat Drink Shop Healthy,Healthier Purchases,2026-03-20,Active,Platinum,30,83.7
RESIDENT_01265,Eat Drink Shop Healthy,Healthier Purchases,2026-04-07,Active,Participant,30,14.5
RESIDENT_00686,National Steps Challenge,Steps,2026-03-18,Active,Gold,10000,73.5
RESIDENT_00648,National Steps Challenge,Steps,2026-03-02,Active,Bronze,10000,25.3
RESIDENT_00301,Eat Drink Shop Healthy,Healthier Purchases,2026-03-12,Active,Participant,30,8.5
RESIDENT_01444,National Steps Challenge,Steps,2026-03-14,Active,Bronze,10000,30.4
RESIDENT_01200,Eat Drink Shop Healthy,Healthier Purchases,2026-04-09,Active,Bronze,30,38.0
RESIDENT_00208,Move It Challenge,MVPA Minutes,2026-03-26,Active,Gold,150,76.2
RESIDENT_01480,Eat Drink Shop Healthy,Healthier Purchases,2026-03-11,Active,Platinum,30,84.4
RESIDENT_00839,Move It Challenge,MVPA Minutes,2026-03-25,Active,Silver,150,41.6
RESIDENT_01399,National Steps Challenge,Steps,2026-04-07,Active,Bronze,10000,24.2
RESIDENT_00962,Eat Drink Shop Healthy,Healthier Purchases,2026-03-22,Active,Platinum,30,84.5
RESIDENT_01434,National Steps Challenge,Steps,2026-03-31,Active,Silver,10000,54.1
RESIDENT_00521,Eat Drink Shop Healthy,Healthier Purchases,2026-03-31,Active,Platinum,30,97.6
RESIDENT_01040,Eat Drink Shop Healthy,Healthier Purchases,2026-03-28,Active,Silver,30,45.9
RESIDENT_00718,National Steps Challenge,Steps,2026-03-06,Active,Platinum,10000,92.8
RESIDENT_01320,National Steps Challenge,Steps,2026-03-07,Active,Silver,10000,48.5
RESIDENT_00196,National Steps Challenge,Steps,2026-04-03,Active,Gold,10000,75.5
RESIDENT_00896,Eat Drink Shop Healthy,Healthier Purchases,2026-03-01,Active,Participant,30,15.5
RESIDENT_00708,Move It Challenge,MVPA Minutes,2026-03-17,Active,Platinum,150,85.1
RESIDENT_00261,National Steps Challenge,Steps,2026-04-02,Active,Platinum,10000,91.9
RESIDENT_00071,Move It Challenge,MVPA Minutes,2026-03-10,Active,Platinum,150,91.4
RESIDENT_01398,Eat Drink Shop Healthy,Healthier Purchases,2026-03-24,Active,Platinum,30,97.6
RESIDENT_01020,Move It Challenge,MVPA Minutes,2026-03-23,Active,Bronze,150,28.9
RESIDENT_00838,Eat Drink Shop Healthy,Healthier Purchases,2026-03-13,Active,Platinum,30,97.7
RESIDENT_01390,National Steps Challenge,Steps,2026-03-20,Active,Platinum,10000,96.8
RESIDENT_00103,Move It Challenge,MVPA Minutes,2026-03-21,Active,Silver,150,47.1
RESIDENT_01197,Eat Drink Shop Healthy,Healthier Purchases,2026-04-06,Active,Bronze,30,24.7
RESIDENT_00125,Eat Drink Shop Healthy,Healthier Purchases,2026-04-07,Active,Participant,30,8.9
RESIDENT_00626,National Steps Challenge,Steps,2026-03-14,Active,Gold,10000,75.6
RESIDENT_00553,National Steps Challenge,Steps,2026-03-14,Active,Participant,10000,11.3
RESIDENT_01223,Move It Challenge,MVPA Minutes,2026-04-08,Active,Bronze,150,23.1
RESIDENT_00881,Eat Drink Shop Healthy,Healthier Purchases,2026-04-03,Active,Platinum,30,81.8
RESIDENT_00972,Eat Drink Shop Healthy,Healthier Purchases,2026-03-10,Active,Participant,30,12.3
RESIDENT_01301,National Steps Challenge,Steps,2026-03-10,Active,Bronze,10000,34.2
RESIDENT_00664,Move It Challenge,MVPA Minutes,2026-03-03,Active,Participant,150,10.3
RESIDENT_00852,Eat Drink Shop Healthy,Healthier Purchases,2026-04-02,Active,Silver,30,40.9
RESIDENT_00389,Eat Drink Shop Healthy,Healthier Purchases,2026-03-03,Active,Platinum,30,82.9
RESIDENT_00810,National Steps Challenge,Steps,2026-03-04,Active,Bronze,10000,23.3
RESIDENT_01156,Move It Challenge,MVPA Minutes,2026-03-04,Active,Silver,150,47.2
RESIDENT_00339,Eat Drink Shop Healthy,Healthier Purchases,2026-03-22,Active,Silver,30,59.9
RESIDENT_00915,National Steps Challenge,Steps,2026-03-24,Active,Platinum,10000,83.0
RESIDENT_01381,Eat Drink Shop Healthy,Healthier Purchases,2026-03-03,Active,Gold,30,77.1
RESIDENT_00979,Eat Drink Shop Healthy,Healthier Purchases,2026-03-09,Active,Bronze,30,23.2
RESIDENT_01289,Eat Drink Shop Healthy,Healthier Purchases,2026-03-13,Active,Gold,30,77.2
RESIDENT_00167,Eat Drink Shop Healthy,Healthier Purchases,2026-03-19,Active,Participant,30,15.7
RESIDENT_01267,Move It Challenge,MVPA Minutes,2026-03-24,Active,Platinum,150,82.6
RESIDENT_01447,Eat Drink Shop Healthy,Healthier Purchases,2026-03-22,Active,Platinum,30,84.4
RESIDENT_01354,Eat Drink Shop Healthy,Healthier Purchases,2026-03-19,Active,Bronze,30,30.0
RESIDENT_01065,Move It Challenge,MVPA Minutes,2026-03-28,Active,Silver,150,44.0
RESIDENT_01364,Move It Challenge,MVPA Minutes,2026-03-03,Active,Silver,150,49.5
RESIDENT_00259,Eat Drink Shop Healthy,Healthier Purchases,2026-03-17,Active,Bronze,30,28.4
RESIDENT_00368,National Steps Challenge,Steps,2026-03-12,Active,Platinum,10000,80.1
RESIDENT_01493,Move It Challenge,MVPA Minutes,2026-03-01,Active,Gold,150,61.1
RESIDENT_00070,Eat Drink Shop Healthy,Healthier Purchases,2026-04-03,Active,Bronze,30,31.9
RESIDENT_00945,Move It Challenge,MVPA Minutes,2026-04-02,Active,Platinum,150,92.9
RESIDENT_00056,National Steps Challenge,Steps,2026-03-09,Active,Silver,10000,51.7
RESIDENT_00092,National Steps Challenge,Steps,2026-03-19,Active,Gold,10000,62.2
RESIDENT_00470,National Steps Challenge,Steps,2026-03-16,Active,Gold,10000,74.4
RESIDENT_00372,Move It Challenge,MVPA Minutes,2026-03-03,Active,Bronze,150,20.3
RESIDENT_00376,Eat Drink Shop Healthy,Healthier Purchases,2026-03-07,Active,Bronze,30,23.5
RESIDENT_00498,Move It Challenge,MVPA Minutes,2026-04-03,Active,Silver,150,43.8
RESIDENT_01180,Move It Challenge,MVPA Minutes,2026-03-06,Active,Silver,150,41.2
RESIDENT_00181,Eat Drink Shop Healthy,Healthier Purchases,2026-04-03,Active,Platinum,30,83.8
RESIDENT_01379,National Steps Challenge,Steps,2026-03-28,Active,Bronze,10000,35.8
RESIDENT_00812,National Steps Challenge,Steps,2026-04-02,Active,Bronze,10000,37.0
RESIDENT_00629,Move It Challenge,MVPA Minutes,2026-03-09,Active,Bronze,150,28.0
RESIDENT_01377,Eat Drink Shop Healthy,Healthier Purchases,2026-03-01,Active,Silver,30,42.8
RESIDENT_01082,Eat Drink Shop Healthy,Healthier Purchases,2026-03-16,Active,Bronze,30,36.1
RESIDENT_00612,Eat Drink Shop Healthy,Healthier Purchases,2026-03-19,Active,Participant,30,1.1
RESIDENT_01257,Move It Challenge,MVPA Minutes,2026-04-08,Active,Gold,150,71.8
RESIDENT_00017,Move It Challenge,MVPA Minutes,2026-04-04,Active,Gold,150,79.0
RESIDENT_00339,National Steps Challenge,Steps,2026-03-07,Active,Silver,10000,55.9
RESIDENT_01304,Move It Challenge,MVPA Minutes,2026-04-10,Active,Gold,150,75.0
RESIDENT_00228,National Steps Challenge,Steps,2026-03-22,Active,Silver,10000,42.6
RESIDENT_00566,Move It Challenge,MVPA Minutes,2026-03-08,Active,Gold,150,77.8
RESIDENT_00984,Move It Challenge,MVPA Minutes,2026-04-04,Active,Participant,150,17.5
RESIDENT_01114,National Steps Challenge,Steps,2026-03-26,Active,Bronze,10000,31.0
RESIDENT_00736,Move It Challenge,MVPA Minutes,2026-03-08,Active,Gold,150,79.6
RESIDENT_01125,National Steps Challenge,Steps,2026-03-22,Active,Bronze,10000,23.2
RESIDENT_01207,Move It Challenge,MVPA Minutes,2026-04-03,Active,Bronze,150,21.4
RESIDENT_01047,National Steps Challenge,Steps,2026-03-04,Active,Platinum,10000,86.5
RESIDENT_01092,Eat Drink Shop Healthy,Healthier Purchases,2026-04-06,Active,Silver,30,52.3
RESIDENT_00582,Move It Challenge,MVPA Minutes,2026-03-28,Active,Silver,150,54.8
RESIDENT_00367,Eat Drink Shop Healthy,Healthier Purchases,2026-03-19,Active,Gold,30,79.4
RESIDENT_00358,Move It Challenge,MVPA Minutes,2026-03-21,Active,Gold,150,60.3
RESIDENT_00638,National Steps Challenge,Steps,2026-03-03,Active,Silver,10000,48.2
RESIDENT_01401,National Steps Challenge,Steps,2026-03-23,Active,Platinum,10000,83.3
RESIDENT_00335,National Steps Challenge,Steps,2026-03-07,Active,Silver,10000,45.4
RESIDENT_00008,National Steps Challenge,Steps,2026-03-25,Active,Silver,10000,41.1
RESIDENT_00581,Eat Drink Shop Healthy,Healthier Purchases,2026-03-06,Active,Bronze,30,26.9
RESIDENT_01127,Eat Drink Shop Healthy,Healthier Purchases,2026-03-21,Active,Gold,30,76.7
RESIDENT_00221,Move It Challenge,MVPA Minutes,2026-04-06,Active,Silver,150,51.2
RESIDENT_01071,Move It Challenge,MVPA Minutes,2026-03-18,Active,Silver,150,48.4
RESIDENT_00302,Eat Drink Shop Healthy,Healthier Purchases,2026-03-14,Active,Participant,30,4.7
RESIDENT_01242,National Steps Challenge,Steps,2026-03-21,Active,Bronze,10000,25.8
RESIDENT_00377,Eat Drink Shop Healthy,Healthier Purchases,2026-03-01,Active,Participant,30,17.0
RESIDENT_00939,Move It Challenge,MVPA Minutes,2026-03-12,Active,Gold,150,66.3
RESIDENT_01182,Move It Challenge,MVPA Minutes,2026-04-03,Active,Silver,150,42.9
RESIDENT_00018,Eat Drink Shop Healthy,Healthier Purchases,2026-04-03,Active,Silver,30,48.6
RESIDENT_00555,Move It Challenge,MVPA Minutes,2026-03-23,Active,Gold,150,73.3
RESIDENT_01402,Move It Challenge,MVPA Minutes,2026-03-14,Active,Silver,150,48.9
RESIDENT_01294,Eat Drink Shop Healthy,Healthier Purchases,2026-03-11,Active,Participant,30,9.1
RESIDENT_00711,National Steps Challenge,Steps,2026-04-01,Active,Platinum,10000,80.9
RESIDENT_00269,Move It Challenge,MVPA Minutes,2026-04-10,Active,Silver,150,53.2
RESIDENT_00817,Eat Drink Shop Healthy,Healthier Purchases,2026-03-03,Active,Silver,30,53.8
RESIDENT_00439,National Steps Challenge,Steps,2026-04-02,Active,Bronze,10000,24.8
RESIDENT_00926,Eat Drink Shop Healthy,Healthier Purchases,2026-03-28,Active,Gold,30,74.2
RESIDENT_01122,National Steps Challenge,Steps,2026-03-09,Active,Silver,10000,51.5
RESIDENT_00330,Eat Drink Shop Healthy,Healthier Purchases,2026-03-26,Active,Gold,30,74.5
RESIDENT_01358,Eat Drink Shop Healthy,Healthier Purchases,2026-03-02,Active,Silver,30,51.6
RESIDENT_00080,Move It Challenge,MVPA Minutes,2026-03-09,Active,Bronze,150,20.2
RESIDENT_01497,Eat Drink Shop Healthy,Healthier Purchases,2026-03-17,Active,Platinum,30,85.3
RESIDENT_01307,National Steps Challenge,Steps,2026-04-09,Active,Platinum,10000,98.1
RESIDENT_01328,Move It Challenge,MVPA Minutes,2026-03-22,Active,Participant,150,12.8
RESIDENT_00771,National Steps Challenge,Steps,2026-03-09,Active,Silver,10000,47.4
RESIDENT_00689,National Steps Challenge,Steps,2026-03-03,Active,Participant,10000,18.1
RESIDENT_00562,Move It Challenge,MVPA Minutes,2026-03-02,Active,Participant,150,12.1
RESIDENT_00824,Eat Drink Shop Healthy,Healthier Purchases,2026-03-11,Active,Participant,30,14.5
RESIDENT_01450,Eat Drink Shop Healthy,Healthier Purchases,2026-03-01,Active,Gold,30,62.9
RESIDENT_01487,National Steps Challenge,Steps,2026-03-23,Active,Bronze,10000,35.8
RESIDENT_00355,Move It Challenge,MVPA Minutes,2026-03-13,Active,Silver,150,47.1
RESIDENT_00874,Eat Drink Shop Healthy,Healthier Purchases,2026-03-26,Active,Platinum,30,83.3
RESIDENT_01132,Move It Challenge,MVPA Minutes,2026-03-28,Active,Bronze,150,30.0
RESIDENT_01478,Move It Challenge,MVPA Minutes,2026-03-20,Active,Bronze,150,20.5
RESIDENT_01071,Eat Drink Shop Healthy,Healthier Purchases,2026-04-02,Active,Silver,30,43.9
RESIDENT_01272,National Steps Challenge,Steps,2026-03-21,Active,Gold,10000,78.5
RESIDENT_01134,Move It Challenge,MVPA Minutes,2026-04-05,Active,Silver,150,49.6
RESIDENT_00983,Eat Drink Shop Healthy,Healthier Purchases,2026-03-13,Active,Platinum,30,85.7
RESIDENT_00607,National Steps Challenge,Steps,2026-03-19,Active,Gold,10000,72.7
RESIDENT_00805,Eat Drink Shop Healthy,Healthier Purchases,2026-03-10,Active,Silver,30,41.9
RESIDENT_01459,Move It Challenge,MVPA Minutes,2026-03-07,Active,Silver,150,51.8
RESIDENT_01097,Move It Challenge,MVPA Minutes,2026-03-10,Active,Participant,150,16.7
RESIDENT_00219,National Steps Challenge,Steps,2026-03-02,Active,Bronze,10000,26.6
RESIDENT_01464,National Steps Challenge,Steps,2026-04-01,Active,Participant,10000,13.0
RESIDENT_00289,National Steps Challenge,Steps,2026-03-23,Active,Platinum,10000,98.8
RESIDENT_00438,Eat Drink Shop Healthy,Healthier Purchases,2026-03-12,Active,Platinum,30,87.3
RESIDENT_01136,National Steps Challenge,Steps,2026-03-02,Active,Gold,10000,65.4
RESIDENT_00490,Move It Challenge,MVPA Minutes,2026-03-23,Active,Participant,150,17.3
RESIDENT_00477,National Steps Challenge,Steps,2026-03-13,Active,Gold,10000,69.6
RESIDENT_00836,National Steps Challenge,Steps,2026-03-14,Active,Platinum,10000,98.9
RESIDENT_00967,Eat Drink Shop Healthy,Healthier Purchases,2026-04-08,Active,Platinum,30,83.7
RESIDENT_00322,Move It Challenge,MVPA Minutes,2026-03-04,Active,Platinum,150,93.0
RESIDENT_00331,Move It Challenge,MVPA Minutes,2026-03-31,Active,Platinum,150,83.9
RESIDENT_00225,National Steps Challenge,Steps,2026-03-03,Active,Platinum,10000,87.3
RESIDENT_01325,Move It Challenge,MVPA Minutes,2026-04-01,Active,Silver,150,52.0
RESIDENT_00976,National Steps Challenge,Steps,2026-03-23,Active,Silver,10000,47.1
RESIDENT_00225,Move It Challenge,MVPA Minutes,2026-03-09,Active,Platinum,150,81.1
RESIDENT_00685,Move It Challenge,MVPA Minutes,2026-04-09,Active,Silver,150,57.0
RESIDENT_00110,Move It Challenge,MVPA Minutes,2026-04-04,Active,Gold,150,78.2
RESIDENT_00655,Move It Challenge,MVPA Minutes,2026-03-05,Active,Participant,150,10.0
RESIDENT_01183,National Steps Challenge,Steps,2026-03-16,Active,Silver,10000,42.7
RESIDENT_00190,Move It Challenge,MVPA Minutes,2026-03-26,Active,Bronze,150,26.7
RESIDENT_00716,National Steps Challenge,Steps,2026-03-31,Active,Platinum,10000,82.5
RESIDENT_00913,National Steps Challenge,Steps,2026-03-09,Active,Silver,10000,42.8
RESIDENT_00901,National Steps Challenge,Steps,2026-03-06,Active,Bronze,10000,24.9
RESIDENT_00931,Eat Drink Shop Healthy,Healthier Purchases,2026-04-05,Active,Gold,30,78.7
RESIDENT_00210,National Steps Challenge,Steps,2026-03-21,Active,Gold,10000,63.2
RESIDENT_00021,National Steps Challenge,Steps,2026-03-07,Active,Gold,10000,72.7
RESIDENT_01107,Eat Drink Shop Healthy,Healthier Purchases,2026-03-15,Active,Gold,30,78.4
RESIDENT_00543,Move It Challenge,MVPA Minutes,2026-03-06,Active,Participant,150,10.4
RESIDENT_00435,National Steps Challenge,Steps,2026-03-25,Active,Bronze,10000,39.4
RESIDENT_00857,National Steps Challenge,Steps,2026-03-02,Active,Gold,10000,75.2
RESIDENT_00007,Move It Challenge,MVPA Minutes,2026-03-13,Active,Gold,150,75.7
RESIDENT_00062,Eat Drink Shop Healthy,Healthier Purchases,2026-03-03,Active,Gold,30,68.1
RESIDENT_00794,Move It Challenge,MVPA Minutes,2026-03-28,Active,Platinum,150,81.3
RESIDENT_00024,Move It Challenge,MVPA Minutes,2026-03-14,Active,Platinum,150,87.9
RESIDENT_00011,National Steps Challenge,Steps,2026-03-29,Active,Gold,10000,77.8
RESIDENT_00487,Move It Challenge,MVPA Minutes,2026-04-03,Active,Participant,150,0.1
RESIDENT_01202,Eat Drink Shop Healthy,Healthier Purchases,2026-03-03,Active,Gold,30,76.4
RESIDENT_00406,National Steps Challenge,Steps,2026-03-09,Active,Silver,10000,44.1
RESIDENT_00628,National Steps Challenge,Steps,2026-03-07,Active,Participant,10000,15.7
RESIDENT_00973,Eat Drink Shop Healthy,Healthier Purchases,2026-03-09,Active,Silver,30,51.5
RESIDENT_01122,Move It Challenge,MVPA Minutes,2026-04-10,Active,Gold,150,66.0
RESIDENT_00955,Eat Drink Shop Healthy,Healthier Purchases,2026-03-23,Active,Silver,30,47.9
RESIDENT_01255,National Steps Challenge,Steps,2026-03-26,Active,Gold,10000,79.9
RESIDENT_00179,Eat Drink Shop Healthy,Healthier Purchases,2026-03-22,Active,Bronze,30,22.2
RESIDENT_00259,National Steps Challenge,Steps,2026-03-27,Active,Bronze,10000,27.0
RESIDENT_00961,Eat Drink Shop Healthy,Healthier Purchases,2026-03-15,Active,Gold,30,73.5
RESIDENT_01488,Eat Drink Shop Healthy,Healthier Purchases,2026-03-30,Active,Silver,30,50.8
RESIDENT_01353,Eat Drink Shop Healthy,Healthier Purchases,2026-04-05,Active,Gold,30,61.1
RESIDENT_00260,Eat Drink Shop Healthy,Healthier Purchases,2026-03-16,Active,Silver,30,44.0
RESIDENT_00956,Move It Challenge,MVPA Minutes,2026-03-17,Active,Gold,150,67.0
RESIDENT_00250,Move It Challenge,MVPA Minutes,2026-03-13,Active,Bronze,150,26.5
RESIDENT_01310,Move It Challenge,MVPA Minutes,2026-03-20,Active,Silver,150,58.7
RESIDENT_01140,National Steps Challenge,Steps,2026-04-09,Active,Platinum,10000,84.1
RESIDENT_00412,National Steps Challenge,Steps,2026-03-17,Active,Bronze,10000,27.7
RESIDENT_00727,National Steps Challenge,Steps,2026-03-03,Active,Silver,10000,45.6
RESIDENT_00549,Move It Challenge,MVPA Minutes,2026-03-09,Active,Participant,150,3.0
RESIDENT_01270,Move It Challenge,MVPA Minutes,2026-03-20,Active,Gold,150,79.0
RESIDENT_00168,National Steps Challenge,Steps,2026-03-10,Active,Gold,10000,68.7
RESIDENT_00445,Eat Drink Shop Healthy,Healthier Purchases,2026-03-15,Active,Gold,30,67.8
RESIDENT_00580,Eat Drink Shop Healthy,Healthier Purchases,2026-03-12,Active,Platinum,30,92.0
RESIDENT_00966,National Steps Challenge,Steps,2026-03-17,Active,Platinum,10000,81.3
RESIDENT_01368,National Steps Challenge,Steps,2026-03-05,Active,Gold,10000,78.4
RESIDENT_01042,Eat Drink Shop Healthy,Healthier Purchases,2026-03-26,Active,Participant,30,2.8
RESIDENT_01251,Move It Challenge,MVPA Minutes,2026-03-30,Active,Gold,150,76.1
RESIDENT_00338,National Steps Challenge,Steps,2026-03-27,Active,Gold,10000,67.8
RESIDENT_00962,National Steps Challenge,Steps,2026-03-18,Active,Silver,10000,59.1
RESIDENT_00603,National Steps Challenge,Steps,2026-03-29,Active,Platinum,10000,97.6
RESIDENT_00818,Eat Drink Shop Healthy,Healthier Purchases,2026-03-03,Active,Gold,30,74.7
RESIDENT_00977,Eat Drink Shop Healthy,Healthier Purchases,2026-03-07,Active,Gold,30,78.4
RESIDENT_00687,Eat Drink Shop Healthy,Healthier Purchases,2026-04-10,Active,Platinum,30,90.0
RESIDENT_00805,Move It Challenge,MVPA Minutes,2026-04-10,Active,Bronze,150,29.6
RESIDENT_01007,National Steps Challenge,Steps,2026-03-09,Active,Gold,10000,62.6
RESIDENT_01387,National Steps Challenge,Steps,2026-03-19,Active,Silver,10000,51.2
RESIDENT_01371,Move It Challenge,MVPA Minutes,2026-04-04,Active,Silver,150,54.3
RESIDENT_01465,Move It Challenge,MVPA Minutes,2026-03-05,Active,Gold,150,72.5
RESIDENT_00071,National Steps Challenge,Steps,2026-03-18,Active,Gold,10000,77.1
RESIDENT_01148,National Steps Challenge,Steps,2026-03-22,Active,Platinum,10000,83.5
RESIDENT_00768,Eat Drink Shop Healthy,Healthier Purchases,2026-03-09,Active,Gold,30,61.2
RESIDENT_00737,Move It Challenge,MVPA Minutes,2026-04-05,Active,Gold,150,63.5
RESIDENT_00912,Move It Challenge,MVPA Minutes,2026-03-03,Active,Silver,150,44.0
RESIDENT_00918,National Steps Challenge,Steps,2026-03-31,Active,Participant,10000,17.6
RESIDENT_01169,Eat Drink Shop Healthy,Healthier Purchases,2026-03-20,Active,Silver,30,40.1
RESIDENT_00732,Eat Drink Shop Healthy,Healthier Purchases,2026-03-28,Active,Participant,30,15.0
RESIDENT_00675,Move It Challenge,MVPA Minutes,2026-04-04,Active,Platinum,150,81.2
RESIDENT_01360,Eat Drink Shop Healthy,Healthier Purchases,2026-04-06,Active,Silver,30,44.1
RESIDENT_00616,National Steps Challenge,Steps,2026-03-21,Active,Gold,10000,76.4
RESIDENT_00673,Move It Challenge,MVPA Minutes,2026-04-05,Active,Gold,150,69.4
RESIDENT_00962,Move It Challenge,MVPA Minutes,2026-03-20,Active,Gold,150,74.2
RESIDENT_00780,National Steps Challenge,Steps,2026-04-07,Active,Silver,10000,49.9
RESIDENT_00347,Eat Drink Shop Healthy,Healthier Purchases,2026-03-25,Active,Bronze,30,22.8
RESIDENT_01037,Move It Challenge,MVPA Minutes,2026-03-01,Active,Bronze,150,24.0
RESIDENT_01396,Eat Drink Shop Healthy,Healthier Purchases,2026-03-05,Active,Platinum,30,81.5
RESIDENT_01464,Eat Drink Shop Healthy,Healthier Purchases,2026-04-09,Active,Bronze,30,38.5
RESIDENT_00872,Eat Drink Shop Healthy,Healthier Purchases,2026-03-03,Active,Bronze,30,29.7
RESIDENT_00283,Move It Challenge,MVPA Minutes,2026-03-13,Active,Platinum,150,98.0
RESIDENT_01404,National Steps Challenge,Steps,2026-03-16,Active,Silver,10000,55.6
RESIDENT_00746,National Steps Challenge,Steps,2026-04-05,Active,Bronze,10000,29.1
RESIDENT_00495,Move It Challenge,MVPA Minutes,2026-03-16,Active,Gold,150,77.2
RESIDENT_00976,Move It Challenge,MVPA Minutes,2026-03-18,Active,Bronze,150,27.1
RESIDENT_00569,National Steps Challenge,Steps,2026-03-05,Active,Participant,10000,19.1
RESIDENT_00543,Eat Drink Shop Healthy,Healthier Purchases,2026-04-02,Active,Silver,30,43.8
RESIDENT_01322,National Steps Challenge,Steps,2026-03-11,Active,Participant,10000,12.9
RESIDENT_00702,Move It Challenge,MVPA Minutes,2026-04-07,Active,Platinum,150,82.6
RESIDENT_00285,National Steps Challenge,Steps,2026-03-06,Active,Silver,10000,57.5
RESIDENT_01157,Eat Drink Shop Healthy,Healthier Purchases,2026-03-01,Active,Silver,30,43.7
RESIDENT_00365,National Steps Challenge,Steps,2026-03-31,Active,Platinum,10000,96.4
RESIDENT_00847,Move It Challenge,MVPA Minutes,2026-03-31,Active,Silver,150,44.3
RESIDENT_00563,National Steps Challenge,Steps,2026-03-14,Active,Participant,10000,18.5
RESIDENT_01390,Move It Challenge,MVPA Minutes,2026-04-01,Active,Gold,150,76.6
RESIDENT_01144,National Steps Challenge,Steps,2026-03-14,Active,Gold,10000,61.7
RESIDENT_00809,Move It Challenge,MVPA Minutes,2026-03-27,Active,Platinum,150,84.4
RESIDENT_00826,Eat Drink Shop Healthy,Healthier Purchases,2026-03-24,Active,Platinum,30,98.0
RESIDENT_00934,National Steps Challenge,Steps,2026-03-06,Active,Participant,10000,10.1
RESIDENT_00142,National Steps Challenge,Steps,2026-03-13,Active,Silver,10000,44.7
RESIDENT_00402,National Steps Challenge,Steps,2026-03-10,Active,Participant,10000,13.4
RESIDENT_00967,National Steps Challenge,Steps,2026-03-27,Active,Platinum,10000,82.1
RESIDENT_00214,Move It Challenge,MVPA Minutes,2026-04-02,Active,Platinum,150,84.1
RESIDENT_00600,Move It Challenge,MVPA Minutes,2026-04-04,Active,Silver,150,52.1
RESIDENT_00994,Move It Challenge,MVPA Minutes,2026-03-25,Active,Bronze,150,32.9
RESIDENT_00980,National Steps Challenge,Steps,2026-04-08,Active,Platinum,10000,80.3
RESIDENT_00714,National Steps Challenge,Steps,2026-03-04,Active,Gold,10000,61.1
RESIDENT_01166,Eat Drink Shop Healthy,Healthier Purchases,2026-03-02,Active,Gold,30,70.6
RESIDENT_00280,Move It Challenge,MVPA Minutes,2026-03-04,Active,Platinum,150,87.6
RESIDENT_00536,Move It Challenge,MVPA Minutes,2026-04-10,Active,Platinum,150,97.6
RESIDENT_00201,National Steps Challenge,Steps,2026-04-02,Active,Gold,10000,69.3
RESIDENT_01087,National Steps Challenge,Steps,2026-03-13,Active,Bronze,10000,29.8
RESIDENT_00708,Eat Drink Shop Healthy,Healthier Purchases,2026-03-08,Active,Gold,30,74.2
RESIDENT_00781,National Steps Challenge,Steps,2026-03-01,Active,Silver,10000,51.4
RESIDENT_01305,National Steps Challenge,Steps,2026-03-22,Active,Gold,10000,76.9
RESIDENT_01303,National Steps Challenge,Steps,2026-03-14,Active,Platinum,10000,83.3
RESIDENT_00804,National Steps Challenge,Steps,2026-03-28,Active,Gold,10000,68.2
RESIDENT_00212,Eat Drink Shop Healthy,Healthier Purchases,2026-04-05,Active,Gold,30,61.7
RESIDENT_01495,Move It Challenge,MVPA Minutes,2026-04-08,Active,Silver,150,40.1
RESIDENT_00418,Eat Drink Shop Healthy,Healthier Purchases,2026-03-08,Active,Participant,30,2.5
RESIDENT_00114,Move It Challenge,MVPA Minutes,2026-04-04,Active,Participant,150,13.1
RESIDENT_00774,Eat Drink Shop Healthy,Healthier Purchases,2026-03-27,Active,Gold,30,77.5
RESIDENT_01467,National Steps Challenge,Steps,2026-03-13,Active,Silver,10000,58.5
RESIDENT_00641,National Steps Challenge,Steps,2026-03-07,Active,Platinum,10000,93.9
RESIDENT_01165,Eat Drink Shop Healthy,Healthier Purchases,2026-03-06,Active,Bronze,30,23.0
RESIDENT_01022,National Steps Challenge,Steps,2026-03-01,Active,Silver,10000,57.2
RESIDENT_01103,Move It Challenge,MVPA Minutes,2026-03-27,Active,Participant,150,11.8
RESIDENT_00525,Move It Challenge,MVPA Minutes,2026-04-06,Active,Silver,150,42.7
RESIDENT_00085,Move It Challenge,MVPA Minutes,2026-03-09,Active,Gold,150,77.7
RESIDENT_00409,National Steps Challenge,Steps,2026-03-25,Active,Platinum,10000,89.5
RESIDENT_00176,Move It Challenge,MVPA Minutes,2026-03-06,Active,Silver,150,56.0
RESIDENT_00193,National Steps Challenge,Steps,2026-03-23,Active,Gold,10000,71.5
RESIDENT_00041,National Steps Challenge,Steps,2026-03-27,Active,Gold,10000,72.1
RESIDENT_00904,Eat Drink Shop Healthy,Healthier Purchases,2026-03-25,Active,Platinum,30,80.3
RESIDENT_00229,National Steps Challenge,Steps,2026-03-10,Active,Gold,10000,68.0
RESIDENT_00187,Eat Drink Shop Healthy,Healthier Purchases,2026-03-10,Active,Participant,30,17.0
RESIDENT_00143,Eat Drink Shop Healthy,Healthier Purchases,2026-04-10,Active,Silver,30,58.5
RESIDENT_00111,Eat Drink Shop Healthy,Healthier Purchases,2026-03-07,Active,Platinum,30,83.6
RESIDENT_00777,Move It Challenge,MVPA Minutes,2026-03-05,Active,Gold,150,73.2
RESIDENT_00562,National Steps Challenge,Steps,2026-03-07,Active,Bronze,10000,20.4
RESIDENT_01031,Move It Challenge,MVPA Minutes,2026-03-10,Active,Participant,150,10.0
RESIDENT_01365,Eat Drink Shop Healthy,Healthier Purchases,2026-03-14,Active,Gold,30,63.4
RESIDENT_01070,Move It Challenge,MVPA Minutes,2026-04-08,Active,Silver,150,42.4
RESIDENT_00423,National Steps Challenge,Steps,2026-03-06,Active,Participant,10000,12.5
RESIDENT_01118,National Steps Challenge,Steps,2026-03-10,Active,Platinum,10000,87.2
RESIDENT_00697,Eat Drink Shop Healthy,Healthier Purchases,2026-04-09,Active,Participant,30,1.5
RESIDENT_00095,Eat Drink Shop Healthy,Healthier Purchases,2026-04-09,Active,Bronze,30,26.0
RESIDENT_00034,Eat Drink Shop Healthy,Healthier Purchases,2026-03-25,Active,Participant,30,19.1
RESIDENT_01491,Eat Drink Shop Healthy,Healthier Purchases,2026-04-09,Active,Participant,30,18.2
RESIDENT_00028,National Steps Challenge,Steps,2026-03-05,Active,Participant,10000,6.4
RESIDENT_00356,National Steps Challenge,Steps,2026-03-25,Active,Platinum,10000,93.0
RESIDENT_00490,Eat Drink Shop Healthy,Healthier Purchases,2026-03-10,Active,Participant,30,18.4
RESIDENT_01206,Eat Drink Shop Healthy,Healthier Purchases,2026-03-04,Active,Participant,30,3.0
RESIDENT_00145,Move It Challenge,MVPA Minutes,2026-03-06,Active,Participant,150,5.1
RESIDENT_00351,Eat Drink Shop Healthy,Healthier Purchases,2026-03-20,Active,Participant,30,19.2
RESIDENT_00250,National Steps Challenge,Steps,2026-03-16,Active,Participant,10000,17.0
RESIDENT_00403,National Steps Challenge,Steps,2026-04-10,Active,Bronze,10000,29.4
RESIDENT_00572,Eat Drink Shop Healthy,Healthier Purchases,2026-03-25,Active,Platinum,30,82.1
RESIDENT_00891,Move It Challenge,MVPA Minutes,2026-04-05,Active,Participant,150,3.6
RESIDENT_00740,Eat Drink Shop Healthy,Healthier Purchases,2026-03-04,Active,Gold,30,73.0
RESIDENT_00728,Eat Drink Shop Healthy,Healthier Purchases,2026-03-21,Active,Participant,30,18.5
RESIDENT_00855,Eat Drink Shop Healthy,Healthier Purchases,2026-03-29,Active,Participant,30,12.9
RESIDENT_00960,Move It Challenge,MVPA Minutes,2026-03-08,Active,Participant,150,4.6
RESIDENT_01167,Move It Challenge,MVPA Minutes,2026-04-01,Active,Gold,150,67.6
RESIDENT_00952,National Steps Challenge,Steps,2026-03-08,Active,Participant,10000,9.7
RESIDENT_00171,Eat Drink Shop Healthy,Healthier Purchases,2026-03-26,Active,Gold,30,67.5
RESIDENT_01083,Eat Drink Shop Healthy,Healthier Purchases,2026-03-23,Active,Bronze,30,39.5
RESIDENT_00491,National Steps Challenge,Steps,2026-04-02,Active,Silver,10000,48.2
RESIDENT_00676,National Steps Challenge,Steps,2026-03-26,Active,Gold,10000,64.4
RESIDENT_00934,Move It Challenge,MVPA Minutes,2026-04-07,Active,Silver,150,45.7
RESIDENT_00817,National Steps Challenge,Steps,2026-04-10,Active,Gold,10000,66.7
RESIDENT_01324,National Steps Challenge,Steps,2026-03-19,Active,Silver,10000,59.5
RESIDENT_00464,National Steps Challenge,Steps,2026-03-02,Active,Gold,10000,67.2
RESIDENT_00383,Eat Drink Shop Healthy,Healthier Purchases,2026-03-22,Active,Participant,30,11.9
RESIDENT_01306,Move It Challenge,MVPA Minutes,2026-03-31,Active,Silver,150,56.7
RESIDENT_01008,Move It Challenge,MVPA Minutes,2026-04-08,Active,Bronze,150,27.6
RESIDENT_01337,National Steps Challenge,Steps,2026-03-11,Active,Gold,10000,63.6
RESIDENT_00144,Move It Challenge,MVPA Minutes,2026-03-09,Active,Platinum,150,92.7
RESIDENT_00002,National Steps Challenge,Steps,2026-03-08,Active,Gold,10000,79.9
RESIDENT_00777,Eat Drink Shop Healthy,Healthier Purchases,2026-03-25,Active,Platinum,30,84.9
RESIDENT_00528,National Steps Challenge,Steps,2026-04-02,Active,Gold,10000,65.5
RESIDENT_00035,Eat Drink Shop Healthy,Healthier Purchases,2026-04-07,Active,Bronze,30,28.0
RESIDENT_01195,National Steps Challenge,Steps,2026-03-19,Active,Gold,10000,73.2
RESIDENT_00500,National Steps Challenge,Steps,2026-04-09,Active,Platinum,10000,81.2
RESIDENT_00298,Eat Drink Shop Healthy,Healthier Purchases,2026-03-28,Active,Participant,30,12.5
RESIDENT_01384,National Steps Challenge,Steps,2026-03-01,Active,Silver,10000,52.6
RESIDENT_01250,Move It Challenge,MVPA Minutes,2026-03-18,Active,Bronze,150,20.9
RESIDENT_00501,National Steps Challenge,Steps,2026-03-13,Active,Bronze,10000,34.2
RESIDENT_01245,Eat Drink Shop Healthy,Healthier Purchases,2026-04-02,Active,Platinum,30,81.0
RESIDENT_01385,Move It Challenge,MVPA Minutes,2026-03-27,Active,Bronze,150,24.9
RESIDENT_00563,Move It Challenge,MVPA Minutes,2026-03-04,Active,Participant,150,18.4
RESIDENT_00187,Move It Challenge,MVPA Minutes,2026-03-07,Active,Participant,150,12.3
RESIDENT_00381,Eat Drink Shop Healthy,Healthier Purchases,2026-03-05,Active,Gold,30,74.5
RESIDENT_00256,Move It Challenge,MVPA Minutes,2026-03-09,Active,Participant,150,12.1
RESIDENT_01277,Move It Challenge,MVPA Minutes,2026-03-13,Active,Silver,150,41.8
RESIDENT_00683,National Steps Challenge,Steps,2026-03-20,Active,Gold,10000,73.7
RESIDENT_00393,National Steps Challenge,Steps,2026-03-14,Active,Gold,10000,76.3
RESIDENT_00420,Eat Drink Shop Healthy,Healthier Purchases,2026-03-31,Active,Gold,30,62.3
RESIDENT_01073,Eat Drink Shop Healthy,Healthier Purchases,2026-03-06,Active,Silver,30,42.5
RESIDENT_01079,Move It Challenge,MVPA Minutes,2026-04-09,Active,Gold,150,79.0
RESIDENT_00374,Eat Drink Shop Healthy,Healthier Purchases,2026-03-20,Active,Platinum,30,82.6
RESIDENT_00599,Eat Drink Shop Healthy,Healthier Purchases,2026-03-09,Active,Participant,30,3.3
RESIDENT_00870,Move It Challenge,MVPA Minutes,2026-03-11,Active,Platinum,150,94.2
RESIDENT_00539,Eat Drink Shop Healthy,Healthier Purchases,2026-03-19,Active,Platinum,30,91.5
RESIDENT_00820,Move It Challenge,MVPA Minutes,2026-03-08,Active,Participant,150,2.9
RESIDENT_00348,Eat Drink Shop Healthy,Healthier Purchases,2026-04-08,Active,Participant,30,12.0
RESIDENT_00985,National Steps Challenge,Steps,2026-03-02,Active,Silver,10000,45.7
RESIDENT_00132,National Steps Challenge,Steps,2026-03-26,Active,Silver,10000,53.1
RESIDENT_01312,National Steps Challenge,Steps,2026-03-10,Active,Gold,10000,67.5
RESIDENT_00770,Eat Drink Shop Healthy,Healthier Purchases,2026-04-07,Active,Silver,30,41.2
RESIDENT_00119,Move It Challenge,MVPA Minutes,2026-04-01,Active,Bronze,150,21.7
RESIDENT_00110,Eat Drink Shop Healthy,Healthier Purchases,2026-03-20,Active,Platinum,30,84.0
RESIDENT_01072,Move It Challenge,MVPA Minutes,2026-03-22,Active,Silver,150,40.1
RESIDENT_00308,Move It Challenge,MVPA Minutes,2026-03-17,Active,Gold,150,66.0
RESIDENT_00701,Eat Drink Shop Healthy,Healthier Purchases,2026-04-09,Active,Participant,30,2.7
RESIDENT_01066,Move It Challenge,MVPA Minutes,2026-03-17,Active,Silver,150,51.9
RESIDENT_00512,Move It Challenge,MVPA Minutes,2026-03-19,Active,Bronze,150,20.8
RESIDENT_01193,Move It Challenge,MVPA Minutes,2026-03-14,Active,Bronze,150,33.7
RESIDENT_00146,Move It Challenge,MVPA Minutes,2026-03-30,Active,Platinum,150,97.5
RESIDENT_00980,Move It Challenge,MVPA Minutes,2026-04-06,Active,Gold,150,78.6
RESIDENT_00716,Move It Challenge,MVPA Minutes,2026-03-14,Active,Silver,150,59.3
RESIDENT_01079,National Steps Challenge,Steps,2026-03-25,Active,Gold,10000,72.8
RESIDENT_00479,Eat Drink Shop Healthy,Healthier Purchases,2026-03-11,Active,Platinum,30,98.4
RESIDENT_00147,Move It Challenge,MVPA Minutes,2026-03-26,Active,Bronze,150,28.6
RESIDENT_00545,National Steps Challenge,Steps,2026-03-22,Active,Bronze,10000,25.1
RESIDENT_00081,Eat Drink Shop Healthy,Healthier Purchases,2026-03-16,Active,Platinum,30,87.8
RESIDENT_00436,Move It Challenge,MVPA Minutes,2026-03-25,Active,Platinum,150,83.4
RESIDENT_01436,Eat Drink Shop Healthy,Healthier Purchases,2026-04-06,Active,Gold,30,65.4
RESIDENT_00732,National Steps Challenge,Steps,2026-04-04,Active,Participant,10000,8.7
RESIDENT_00111,Move It Challenge,MVPA Minutes,2026-04-04,Active,Gold,150,77.3
RESIDENT_01367,National Steps Challenge,Steps,2026-04-01,Active,Silver,10000,48.5
RESIDENT_00927,National Steps Challenge,Steps,2026-03-09,Active,Silver,10000,55.0
RESIDENT_00724,National Steps Challenge,Steps,2026-03-01,Active,Gold,10000,62.0
RESIDENT_01489,National Steps Challenge,Steps,2026-03-16,Active,Bronze,10000,35.3
RESIDENT_00015,National Steps Challenge,Steps,2026-03-11,Active,Platinum,10000,89.9
RESIDENT_00213,National Steps Challenge,Steps,2026-03-05,Active,Bronze,10000,33.7
RESIDENT_00087,Eat Drink Shop Healthy,Healthier Purchases,2026-03-02,Active,Bronze,30,27.5
RESIDENT_00866,Eat Drink Shop Healthy,Healthier Purchases,2026-03-27,Active,Platinum,30,93.2
RESIDENT_00595,National Steps Challenge,Steps,2026-03-21,Active,Gold,10000,69.7
RESIDENT_01206,Move It Challenge,MVPA Minutes,2026-03-24,Active,Bronze,150,28.2
RESIDENT_01133,Move It Challenge,MVPA Minutes,2026-03-13,Active,Silver,150,40.7
RESIDENT_00681,Move It Challenge,MVPA Minutes,2026-03-25,Active,Gold,150,77.6
RESIDENT_00870,National Steps Challenge,Steps,2026-03-18,Active,Platinum,10000,87.4
RESIDENT_01483,National Steps Challenge,Steps,2026-04-10,Active,Gold,10000,71.7
RESIDENT_00075,National Steps Challenge,Steps,2026-04-05,Active,Silver,10000,49.0
RESIDENT_01032,Eat Drink Shop Healthy,Healthier Purchases,2026-03-07,Active,Silver,30,58.3
RESIDENT_00986,Eat Drink Shop Healthy,Healthier Purchases,2026-04-10,Active,Participant,30,17.9
RESIDENT_01473,Eat Drink Shop Healthy,Healthier Purchases,2026-03-16,Active,Silver,30,59.3
RESIDENT_00162,Eat Drink Shop Healthy,Healthier Purchases,2026-04-01,Active,Silver,30,56.2
RESIDENT_01347,Eat Drink Shop Healthy,Healthier Purchases,2026-03-04,Active,Participant,30,9.6
RESIDENT_00360,Eat Drink Shop Healthy,Healthier Purchases,2026-03-23,Active,Gold,30,65.9
RESIDENT_00325,National Steps Challenge,Steps,2026-03-13,Active,Participant,10000,1.2
RESIDENT_00586,National Steps Challenge,Steps,2026-03-21,Active,Platinum,10000,82.3
RESIDENT_00915,Move It Challenge,MVPA Minutes,2026-04-06,Active,Platinum,150,93.0
RESIDENT_00215,Move It Challenge,MVPA Minutes,2026-03-07,Active,Bronze,150,38.5
RESIDENT_00202,National Steps Challenge,Steps,2026-03-06,Completed,Platinum,10000,99.5
RESIDENT_00390,National Steps Challenge,Steps,2026-04-09,Active,Platinum,10000,81.9
RESIDENT_01231,Eat Drink Shop Healthy,Healthier Purchases,2026-04-04,Active,Gold,30,62.5
RESIDENT_00397,National Steps Challenge,Steps,2026-03-04,Active,Platinum,10000,81.3
RESIDENT_01465,Eat Drink Shop Healthy,Healthier Purchases,2026-03-31,Active,Platinum,30,80.3
RESIDENT_00601,Move It Challenge,MVPA Minutes,2026-03-03,Active,Platinum,150,97.3
RESIDENT_01116,Move It Challenge,MVPA Minutes,2026-03-23,Active,Silver,150,54.8
RESIDENT_00912,National Steps Challenge,Steps,2026-03-27,Active,Silver,10000,49.6
RESIDENT_01421,Eat Drink Shop Healthy,Healthier Purchases,2026-04-09,Active,Participant,30,16.6
RESIDENT_00907,Move It Challenge,MVPA Minutes,2026-04-09,Active,Platinum,150,92.4
RESIDENT_00665,Eat Drink Shop Healthy,Healthier Purchases,2026-03-27,Active,Gold,30,77.4
RESIDENT_01179,Move It Challenge,MVPA Minutes,2026-03-25,Active,Participant,150,14.5
RESIDENT_00887,National Steps Challenge,Steps,2026-03-09,Active,Platinum,10000,83.0
RESIDENT_00690,Move It Challenge,MVPA Minutes,2026-03-05,Active,Bronze,150,34.5
RESIDENT_01214,Move It Challenge,MVPA Minutes,2026-03-22,Active,Silver,150,46.9
RESIDENT_00561,Move It Challenge,MVPA Minutes,2026-04-10,Active,Platinum,150,96.6
RESIDENT_01076,Eat Drink Shop Healthy,Healthier Purchases,2026-04-05,Active,Participant,30,12.1
RESIDENT_00583,National Steps Challenge,Steps,2026-03-30,Active,Gold,10000,73.8
RESIDENT_01176,Move It Challenge,MVPA Minutes,2026-03-27,Active,Silver,150,41.8
RESIDENT_00705,National Steps Challenge,Steps,2026-03-20,Active,Bronze,10000,39.2
RESIDENT_01497,Move It Challenge,MVPA Minutes,2026-03-31,Active,Gold,150,72.5
RESIDENT_00811,Move It Challenge,MVPA Minutes,2026-04-07,Active,Gold,150,63.6
RESIDENT_01123,National Steps Challenge,Steps,2026-04-05,Active,Participant,10000,19.4
RESIDENT_00928,Move It Challenge,MVPA Minutes,2026-03-09,Active,Gold,150,79.6
RESIDENT_01054,Move It Challenge,MVPA Minutes,2026-03-17,Active,Bronze,150,25.9
RESIDENT_01128,Eat Drink Shop Healthy,Healthier Purchases,2026-04-03,Active,Bronze,30,31.7
RESIDENT_01253,National Steps Challenge,Steps,2026-04-01,Active,Gold,10000,70.9
RESIDENT_01179,National Steps Challenge,Steps,2026-03-07,Active,Bronze,10000,25.9
RESIDENT_01323,Eat Drink Shop Healthy,Healthier Purchases,2026-03-17,Active,Gold,30,73.4
RESIDENT_00124,Move It Challenge,MVPA Minutes,2026-03-30,Active,Bronze,150,34.9
RESIDENT_00065,Move It Challenge,MVPA Minutes,2026-03-18,Active,Gold,150,70.3
RESIDENT_00264,Move It Challenge,MVPA Minutes,2026-03-23,Active,Platinum,150,89.1
RESIDENT_00723,National Steps Challenge,Steps,2026-04-04,Active,Participant,10000,20.0
RESIDENT_00141,National Steps Challenge,Steps,2026-03-31,Active,Participant,10000,13.4
RESIDENT_00893,National Steps Challenge,Steps,2026-03-11,Active,Gold,10000,77.2
RESIDENT_00287,Eat Drink Shop Healthy,Healthier Purchases,2026-03-29,Active,Silver,30,41.5
RESIDENT_00474,National Steps Challenge,Steps,2026-03-29,Active,Platinum,10000,86.5
RESIDENT_00190,National Steps Challenge,Steps,2026-03-06,Active,Participant,10000,7.0
RESIDENT_00014,Eat Drink Shop Healthy,Healthier Purchases,2026-04-05,Active,Platinum,30,83.1
RESIDENT_01350,Move It Challenge,MVPA Minutes,2026-03-21,Active,Platinum,150,89.3
RESIDENT_00567,Eat Drink Shop Healthy,Healthier Purchases,2026-04-09,Active,Platinum,30,80.5
RESIDENT_00341,Move It Challenge,MVPA Minutes,2026-04-06,Active,Gold,150,75.2
RESIDENT_01282,Eat Drink Shop Healthy,Healthier Purchases,2026-03-15,Active,Platinum,30,86.5
RESIDENT_00327,National Steps Challenge,Steps,2026-03-19,Active,Gold,10000,64.7
RESIDENT_00153,Move It Challenge,MVPA Minutes,2026-03-10,Active,Bronze,150,27.8
RESIDENT_01216,National Steps Challenge,Steps,2026-03-25,Active,Platinum,10000,83.1
RESIDENT_00970,Eat Drink Shop Healthy,Healthier Purchases,2026-03-12,Active,Gold,30,74.2
RESIDENT_00502,Eat Drink Shop Healthy,Healthier Purchases,2026-03-27,Active,Gold,30,75.4
RESIDENT_00540,National Steps Challenge,Steps,2026-03-21,Active,Participant,10000,10.2
RESIDENT_01360,National Steps Challenge,Steps,2026-04-02,Active,Bronze,10000,39.4
RESIDENT_00733,National Steps Challenge,Steps,2026-03-15,Active,Bronze,10000,31.7
RESIDENT_01362,Move It Challenge,MVPA Minutes,2026-03-27,Active,Silver,150,53.1
RESIDENT_00707,Move It Challenge,MVPA Minutes,2026-03-16,Active,Gold,150,71.9
RESIDENT_00663,Move It Challenge,MVPA Minutes,2026-04-07,Active,Platinum,150,83.5
RESIDENT_00659,Eat Drink Shop Healthy,Healthier Purchases,2026-04-10,Active,Gold,30,69.0
RESIDENT_00520,Eat Drink Shop Healthy,Healthier Purchases,2026-03-28,Active,Silver,30,44.4
RESIDENT_00530,Eat Drink Shop Healthy,Healthier Purchases,2026-03-20,Active,Platinum,30,96.0
RESIDENT_00631,Eat Drink Shop Healthy,Healthier Purchases,2026-04-04,Active,Platinum,30,98.7
RESIDENT_01127,Move It Challenge,MVPA Minutes,2026-03-23,Active,Platinum,150,80.8
RESIDENT_00967,Move It Challenge,MVPA Minutes,2026-03-23,Active,Platinum,150,89.5
RESIDENT_00344,Eat Drink Shop Healthy,Healthier Purchases,2026-03-17,Active,Silver,30,40.2
RESIDENT_00941,National Steps Challenge,Steps,2026-03-29,Active,Silver,10000,57.2
RESIDENT_01261,Eat Drink Shop Healthy,Healthier Purchases,2026-03-04,Active,Bronze,30,25.2
RESIDENT_00137,National Steps Challenge,Steps,2026-03-25,Active,Gold,10000,79.3
RESIDENT_00848,National Steps Challenge,Steps,2026-03-02,Active,Platinum,10000,80.7
RESIDENT_00792,Move It Challenge,MVPA Minutes,2026-04-02,Active,Bronze,150,20.1
RESIDENT_01047,Move It Challenge,MVPA Minutes,2026-03-28,Active,Platinum,150,98.4
RESIDENT_00333,Eat Drink Shop Healthy,Healthier Purchases,2026-04-03,Active,Participant,30,1.3
RESIDENT_00192,National Steps Challenge,Steps,2026-04-05,Active,Participant,10000,8.9
RESIDENT_00413,Eat Drink Shop Healthy,Healthier Purchases,2026-03-05,Active,Platinum,30,80.5
RESIDENT_01146,Eat Drink Shop Healthy,Healthier Purchases,2026-03-13,Active,Platinum,30,81.1
RESIDENT_00925,Move It Challenge,MVPA Minutes,2026-03-01,Active,Platinum,150,85.6
RESIDENT_01100,Move It Challenge,MVPA Minutes,2026-03-08,Active,Bronze,150,38.7
RESIDENT_00425,Eat Drink Shop Healthy,Healthier Purchases,2026-03-12,Active,Gold,30,79.2
RESIDENT_00386,National Steps Challenge,Steps,2026-03-11,Active,Gold,10000,79.5
RESIDENT_00722,Move It Challenge,MVPA Minutes,2026-03-04,Active,Silver,150,43.4
RESIDENT_00697,National Steps Challenge,Steps,2026-04-05,Active,Bronze,10000,27.6
RESIDENT_00946,National Steps Challenge,Steps,2026-03-12,Active,Silver,10000,48.0
RESIDENT_00246,National Steps Challenge,Steps,2026-03-25,Active,Participant,10000,18.9
RESIDENT_00754,Eat Drink Shop Healthy,Healthier Purchases,2026-03-21,Active,Gold,30,76.7
RESIDENT_00510,National Steps Challenge,Steps,2026-03-24,Active,Gold,10000,77.9
RESIDENT_00013,Move It Challenge,MVPA Minutes,2026-03-08,Active,Platinum,150,87.4
RESIDENT_01100,Eat Drink Shop Healthy,Healthier Purchases,2026-03-02,Active,Participant,30,17.1
RESIDENT_00411,Move It Challenge,MVPA Minutes,2026-04-09,Active,Platinum,150,95.1
RESIDENT_00987,National Steps Challenge,Steps,2026-03-25,Active,Platinum,10000,80.9
RESIDENT_00835,Move It Challenge,MVPA Minutes,2026-03-17,Active,Silver,150,43.6
RESIDENT_00236,Move It Challenge,MVPA Minutes,2026-03-31,Active,Silver,150,49.4
RESIDENT_00849,Eat Drink Shop Healthy,Healthier Purchases,2026-03-27,Active,Silver,30,48.5
RESIDENT_00414,Move It Challenge,MVPA Minutes,2026-03-08,Active,Silver,150,58.4
RESIDENT_01168,National Steps Challenge,Steps,2026-04-10,Active,Bronze,10000,21.9
RESIDENT_00776,Move It Challenge,MVPA Minutes,2026-03-26,Active,Silver,150,41.2
RESIDENT_00882,National Steps Challenge,Steps,2026-04-08,Active,Platinum,10000,94.4
RESIDENT_00918,Eat Drink Shop Healthy,Healthier Purchases,2026-03-09,Active,Silver,30,49.2
RESIDENT_01366,Eat Drink Shop Healthy,Healthier Purchases,2026-03-20,Active,Silver,30,42.8
RESIDENT_00591,National Steps Challenge,Steps,2026-03-22,Active,Platinum,10000,86.9
RESIDENT_00407,National Steps Challenge,Steps,2026-04-07,Active,Gold,10000,76.7
RESIDENT_01427,National Steps Challenge,Steps,2026-03-31,Active,Gold,10000,73.8
RESIDENT_00395,National Steps Challenge,Steps,2026-03-06,Active,Participant,10000,11.4
RESIDENT_01239,Move It Challenge,MVPA Minutes,2026-03-12,Active,Bronze,150,27.4
RESIDENT_00550,Move It Challenge,MVPA Minutes,2026-04-05,Active,Participant,150,16.2
RESIDENT_00899,Eat Drink Shop Healthy,Healthier Purchases,2026-03-01,Active,Participant,30,7.8
RESIDENT_00945,Eat Drink Shop Healthy,Healthier Purchases,2026-03-28,Active,Gold,30,70.9
RESIDENT_01147,Eat Drink Shop Healthy,Healthier Purchases,2026-03-31,Active,Silver,30,48.4
RESIDENT_01077,Eat Drink Shop Healthy,Healthier Purchases,2026-03-19,Active,Platinum,30,81.2
RESIDENT_00121,National Steps Challenge,Steps,2026-03-05,Active,Participant,10000,18.4
RESIDENT_00269,National Steps Challenge,Steps,2026-03-02,Active,Silver,10000,58.4
RESIDENT_00514,National Steps Challenge,Steps,2026-04-01,Active,Bronze,10000,25.1
RESIDENT_00382,Eat Drink Shop Healthy,Healthier Purchases,2026-03-22,Active,Gold,30,74.4
RESIDENT_00025,National Steps Challenge,Steps,2026-03-29,Active,Gold,10000,77.6
RESIDENT_00110,National Steps Challenge,Steps,2026-03-30,Active,Platinum,10000,96.6
RESIDENT_00739,Move It Challenge,MVPA Minutes,2026-03-27,Active,Platinum,150,93.8
RESIDENT_01479,Move It Challenge,MVPA Minutes,2026-03-16,Active,Bronze,150,24.0
RESIDENT_01287,Eat Drink Shop Healthy,Healthier Purchases,2026-03-05,Active,Platinum,30,87.2
RESIDENT_00768,Move It Challenge,MVPA Minutes,2026-04-02,Active,Silver,150,51.0
RESIDENT_00306,Eat Drink Shop Healthy,Healthier Purchases,2026-03-28,Active,Bronze,30,24.8
RESIDENT_00130,Eat Drink Shop Healthy,Healthier Purchases,2026-03-14,Active,Platinum,30,89.7
RESIDENT_00448,Move It Challenge,MVPA Minutes,2026-04-05,Active,Bronze,150,23.4
RESIDENT_00184,Move It Challenge,MVPA Minutes,2026-04-03,Active,Participant,150,0.7
RESIDENT_01338,Move It Challenge,MVPA Minutes,2026-03-08,Active,Gold,150,74.5
RESIDENT_00898,Eat Drink Shop Healthy,Healthier Purchases,2026-04-10,Active,Platinum,30,88.0
RESIDENT_01190,Eat Drink Shop Healthy,Healthier Purchases,2026-04-03,Active,Platinum,30,83.4
RESIDENT_01453,Eat Drink Shop Healthy,Healthier Purchases,2026-03-14,Active,Bronze,30,34.2
RESIDENT_01375,National Steps Challenge,Steps,2026-03-20,Active,Platinum,10000,87.8
RESIDENT_00620,Eat Drink Shop Healthy,Healthier Purchases,2026-03-30,Active,Participant,30,17.6
RESIDENT_00468,Eat Drink Shop Healthy,Healthier Purchases,2026-03-18,Active,Silver,30,58.1
RESIDENT_00957,Eat Drink Shop Healthy,Healthier Purchases,2026-03-28,Active,Silver,30,44.8
RESIDENT_00944,National Steps Challenge,Steps,2026-03-20,Active,Participant,10000,17.3
RESIDENT_00275,Move It Challenge,MVPA Minutes,2026-03-22,Active,Gold,150,60.8
RESIDENT_00997,National Steps Challenge,Steps,2026-03-24,Active,Bronze,10000,21.4
RESIDENT_00141,Move It Challenge,MVPA Minutes,2026-03-04,Active,Participant,150,3.5
RESIDENT_00408,Eat Drink Shop Healthy,Healthier Purchases,2026-04-08,Active,Gold,30,73.8
RESIDENT_01110,Move It Challenge,MVPA Minutes,2026-03-11,Active,Silver,150,46.1
RESIDENT_00369,Eat Drink Shop Healthy,Healthier Purchases,2026-04-09,Active,Bronze,30,21.9
RESIDENT_00267,Eat Drink Shop Healthy,Healthier Purchases,2026-04-10,Active,Platinum,30,83.2
RESIDENT_00729,Eat Drink Shop Healthy,Healthier Purchases,2026-03-28,Active,Participant,30,10.9
RESIDENT_00205,National Steps Challenge,Steps,2026-04-08,Active,Gold,10000,64.2
RESIDENT_00734,Move It Challenge,MVPA Minutes,2026-03-17,Active,Platinum,150,87.8
RESIDENT_00055,National Steps Challenge,Steps,2026-03-31,Active,Participant,10000,6.0
RESIDENT_01463,Move It Challenge,MVPA Minutes,2026-04-10,Active,Gold,150,71.8
RESIDENT_00553,Move It Challenge,MVPA Minutes,2026-04-06,Active,Bronze,150,20.7
RESIDENT_00409,Move It Challenge,MVPA Minutes,2026-03-04,Active,Gold,150,75.0
RESIDENT_01443,Move It Challenge,MVPA Minutes,2026-03-18,Active,Gold,150,79.1
RESIDENT_01259,Move It Challenge,MVPA Minutes,2026-03-16,Active,Platinum,150,82.1
RESIDENT_00170,National Steps Challenge,Steps,2026-03-15,Active,Bronze,10000,36.5
RESIDENT_01017,Eat Drink Shop Healthy,Healthier Purchases,2026-03-11,Active,Bronze,30,21.8
RESIDENT_01480,National Steps Challenge,Steps,2026-04-03,Active,Gold,10000,72.0
RESIDENT_00649,Eat Drink Shop Healthy,Healthier Purchases,2026-03-26,Active,Silver,30,44.6
RESIDENT_00090,National Steps Challenge,Steps,2026-04-02,Active,Platinum,10000,80.9
RESIDENT_01210,Move It Challenge,MVPA Minutes,2026-03-09,Active,Participant,150,13.9
RESIDENT_00058,National Steps Challenge,Steps,2026-03-26,Active,Bronze,10000,22.2
RESIDENT_01384,Move It Challenge,MVPA Minutes,2026-03-18,Active,Silver,150,49.7
RESIDENT_01500,Move It Challenge,MVPA Minutes,2026-03-22,Active,Platinum,150,86.7
RESIDENT_01341,Move It Challenge,MVPA Minutes,2026-04-08,Active,Platinum,150,98.6
RESIDENT_00133,Eat Drink Shop Healthy,Healthier Purchases,2026-03-20,Active,Gold,30,76.2
RESIDENT_00017,Eat Drink Shop Healthy,Healthier Purchases,2026-03-09,Active,Silver,30,58.2
RESIDENT_00121,Move It Challenge,MVPA Minutes,2026-03-28,Active,Bronze,150,25.3
RESIDENT_00960,National Steps Challenge,Steps,2026-03-26,Active,Participant,10000,9.4
RESIDENT_01339,National Steps Challenge,Steps,2026-03-04,Active,Bronze,10000,33.7
RESIDENT_00860,National Steps Challenge,Steps,2026-03-26,Active,Bronze,10000,23.9
RESIDENT_00352,Move It Challenge,MVPA Minutes,2026-03-14,Active,Silver,150,43.2
RESIDENT_01338,National Steps Challenge,Steps,2026-03-14,Active,Platinum,10000,80.9
RESIDENT_00593,Eat Drink Shop Healthy,Healthier Purchases,2026-03-27,Active,Participant,30,19.6
RESIDENT_01174,National Steps Challenge,Steps,2026-04-02,Active,Silver,10000,42.8
RESIDENT_00396,National Steps Challenge,Steps,2026-04-02,Active,Silver,10000,40.4
RESIDENT_01067,Move It Challenge,MVPA Minutes,2026-03-11,Active,Bronze,150,36.6
RESIDENT_00149,Eat Drink Shop Healthy,Healthier Purchases,2026-04-02,Active,Platinum,30,85.9
RESIDENT_01274,Eat Drink Shop Healthy,Healthier Purchases,2026-04-05,Active,Platinum,30,84.7
RESIDENT_00766,Eat Drink Shop Healthy,Healthier Purchases,2026-03-01,Active,Silver,30,43.0
RESIDENT_00640,Move It Challenge,MVPA Minutes,2026-03-07,Active,Silver,150,41.9
RESIDENT_01302,Move It Challenge,MVPA Minutes,2026-03-30,Active,Bronze,150,28.4
RESIDENT_01310,Eat Drink Shop Healthy,Healthier Purchases,2026-04-08,Active,Silver,30,52.7
RESIDENT_01346,Eat Drink Shop Healthy,Healthier Purchases,2026-03-11,Active,Participant,30,17.3
RESIDENT_01202,Move It Challenge,MVPA Minutes,2026-03-16,Active,Platinum,150,83.2
RESIDENT_01061,Eat Drink Shop Healthy,Healthier Purchases,2026-03-01,Active,Bronze,30,21.6
RESIDENT_00185,National Steps Challenge,Steps,2026-03-21,Active,Gold,10000,70.0
RESIDENT_00117,National Steps Challenge,Steps,2026-03-30,Active,Gold,10000,76.1
RESIDENT_00936,Move It Challenge,MVPA Minutes,2026-03-07,Active,Gold,150,70.9
RESIDENT_00442,Move It Challenge,MVPA Minutes,2026-03-03,Active,Silver,150,47.5
RESIDENT_00399,Eat Drink Shop Healthy,Healthier Purchases,2026-03-09,Active,Participant,30,6.6
RESIDENT_00557,National Steps Challenge,Steps,2026-03-23,Active,Bronze,10000,26.8
RESIDENT_01087,Eat Drink Shop Healthy,Healthier Purchases,2026-03-23,Active,Bronze,30,22.2
RESIDENT_01062,National Steps Challenge,Steps,2026-03-27,Active,Participant,10000,19.6
RESIDENT_01450,National Steps Challenge,Steps,2026-03-08,Active,Gold,10000,74.9
RESIDENT_00046,Eat Drink Shop Healthy,Healthier Purchases,2026-03-04,Active,Silver,30,49.5
RESIDENT_01214,Eat Drink Shop Healthy,Healthier Purchases,2026-03-07,Active,Silver,30,51.2
RESIDENT_00706,Move It Challenge,MVPA Minutes,2026-03-20,Active,Gold,150,63.1
RESIDENT_01341,Eat Drink Shop Healthy,Healthier Purchases,2026-03-04,Active,Gold,30,73.9
RESIDENT_01204,Eat Drink Shop Healthy,Healthier Purchases,2026-03-02,Active,Gold,30,78.8
RESIDENT_01473,Move It Challenge,MVPA Minutes,2026-03-01,Active,Silver,150,43.6
RESIDENT_00925,Eat Drink Shop Healthy,Healthier Purchases,2026-03-28,Active,Platinum,30,97.7
RESIDENT_01053,Move It Challenge,MVPA Minutes,2026-04-07,Active,Platinum,150,96.3
RESIDENT_00059,Eat Drink Shop Healthy,Healthier Purchases,2026-03-04,Active,Bronze,30,25.1
RESIDENT_00022,National Steps Challenge,Steps,2026-04-08,Active,Gold,10000,78.3
RESIDENT_00751,National Steps Challenge,Steps,2026-03-31,Active,Bronze,10000,29.0
RESIDENT_01031,National Steps Challenge,Steps,2026-03-09,Active,Participant,10000,11.1
RESIDENT_00506,National Steps Challenge,Steps,2026-03-08,Active,Bronze,10000,24.9
RESIDENT_00629,Eat Drink Shop Healthy,Healthier Purchases,2026-04-02,Active,Bronze,30,21.4
RESIDENT_01484,Eat Drink Shop Healthy,Healthier Purchases,2026-04-04,Active,Bronze,30,29.3
RESIDENT_01412,National Steps Challenge,Steps,2026-03-09,Active,Bronze,10000,33.4
RESIDENT_00795,National Steps Challenge,Steps,2026-04-10,Active,Platinum,10000,84.5
RESIDENT_01355,National Steps Challenge,Steps,2026-03-25,Active,Silver,10000,55.5
RESIDENT_01347,National Steps Challenge,Steps,2026-03-02,Active,Bronze,10000,25.4
RESIDENT_00527,National Steps Challenge,Steps,2026-03-29,Active,Bronze,10000,34.6
RESIDENT_01279,Eat Drink Shop Healthy,Healthier Purchases,2026-03-12,Active,Participant,30,17.8
RESIDENT_01326,Eat Drink Shop Healthy,Healthier Purchases,2026-03-03,Active,Platinum,30,94.8
RESIDENT_01247,Eat Drink Shop Healthy,Healthier Purchases,2026-03-11,Active,Silver,30,51.1
RESIDENT_00917,Eat Drink Shop Healthy,Healthier Purchases,2026-03-10,Active,Silver,30,45.5
RESIDENT_00719,Move It Challenge,MVPA Minutes,2026-03-11,Active,Silver,150,40.7
RESIDENT_01470,Move It Challenge,MVPA Minutes,2026-03-08,Active,Platinum,150,83.3
RESIDENT_01042,National Steps Challenge,Steps,2026-03-01,Active,Bronze,10000,28.0
RESIDENT_00115,Move It Challenge,MVPA Minutes,2026-03-24,Active,Gold,150,63.0
RESIDENT_00218,Eat Drink Shop Healthy,Healthier Purchases,2026-03-24,Active,Bronze,30,26.5
RESIDENT_00936,National Steps Challenge,Steps,2026-03-25,Active,Silver,10000,50.4
RESIDENT_00655,Eat Drink Shop Healthy,Healthier Purchases,2026-03-03,Active,Participant,30,18.6
RESIDENT_00548,Move It Challenge,MVPA Minutes,2026-04-02,Active,Platinum,150,86.0
RESIDENT_00204,Move It Challenge,MVPA Minutes,2026-03-16,Active,Platinum,150,89.9
RESIDENT_00346,Eat Drink Shop Healthy,Healthier Purchases,2026-03-17,Active,Bronze,30,32.3
RESIDENT_00098,Move It Challenge,MVPA Minutes,2026-04-09,Active,Bronze,150,29.7
RESIDENT_00473,National Steps Challenge,Steps,2026-03-13,Active,Bronze,10000,38.1
RESIDENT_01254,National Steps Challenge,Steps,2026-04-10,Active,Gold,10000,75.3
RESIDENT_01005,Move It Challenge,MVPA Minutes,2026-03-16,Active,Participant,150,11.4
RESIDENT_01258,Move It Challenge,MVPA Minutes,2026-04-01,Active,Bronze,150,23.4
RESIDENT_01299,National Steps Challenge,Steps,2026-04-03,Active,Platinum,10000,92.3
RESIDENT_00545,Eat Drink Shop Healthy,Healthier Purchases,2026-03-20,Active,Participant,30,8.9
RESIDENT_00151,Move It Challenge,MVPA Minutes,2026-03-22,Active,Platinum,150,85.3
RESIDENT_00837,Move It Challenge,MVPA Minutes,2026-03-23,Active,Gold,150,71.5
RESIDENT_00831,Move It Challenge,MVPA Minutes,2026-03-10,Active,Platinum,150,86.4
RESIDENT_00375,National Steps Challenge,Steps,2026-04-08,Active,Platinum,10000,82.7
RESIDENT_00984,National Steps Challenge,Steps,2026-03-30,Active,Bronze,10000,20.0
RESIDENT_00201,Move It Challenge,MVPA Minutes,2026-03-14,Active,Silver,150,54.1
RESIDENT_01377,Move It Challenge,MVPA Minutes,2026-03-04,Active,Participant,150,15.6
RESIDENT_00595,Move It Challenge,MVPA Minutes,2026-03-19,Active,Gold,150,77.6
RESIDENT_00354,National Steps Challenge,Steps,2026-04-01,Active,Gold,10000,69.2
RESIDENT_00993,Eat Drink Shop Healthy,Healthier Purchases,2026-04-09,Active,Participant,30,12.5
RESIDENT_00854,Move It Challenge,MVPA Minutes,2026-03-12,Active,Participant,150,5.3
RESIDENT_00897,Move It Challenge,MVPA Minutes,2026-04-02,Active,Bronze,150,31.0
RESIDENT_00904,National Steps Challenge,Steps,2026-03-27,Active,Platinum,10000,84.0
RESIDENT_00526,Eat Drink Shop Healthy,Healthier Purchases,2026-03-07,Active,Platinum,30,88.8
RESIDENT_01158,Move It Challenge,MVPA Minutes,2026-04-03,Active,Gold,150,75.7
RESIDENT_00700,Eat Drink Shop Healthy,Healthier Purchases,2026-03-21,Active,Gold,30,74.9
RESIDENT_00081,Move It Challenge,MVPA Minutes,2026-04-06,Active,Platinum,150,81.3
RESIDENT_00441,Move It Challenge,MVPA Minutes,2026-04-02,Active,Gold,150,78.5
RESIDENT_01086,National Steps Challenge,Steps,2026-04-05,Active,Gold,10000,72.2
RESIDENT_01151,Eat Drink Shop Healthy,Healthier Purchases,2026-03-17,Active,Silver,30,53.6
RESIDENT_01026,Move It Challenge,MVPA Minutes,2026-03-28,Active,Bronze,150,22.8
RESIDENT_00466,Eat Drink Shop Healthy,Healthier Purchases,2026-03-20,Active,Gold,30,74.5
RESIDENT_00492,Eat Drink Shop Healthy,Healthier Purchases,2026-03-02,Active,Gold,30,60.9
RESIDENT_00787,Eat Drink Shop Healthy,Healthier Purchases,2026-04-05,Active,Gold,30,64.8
RESIDENT_00884,Move It Challenge,MVPA Minutes,2026-03-25,Active,Platinum,150,95.0
RESIDENT_01011,Move It Challenge,MVPA Minutes,2026-03-15,Active,Participant,150,3.1
RESIDENT_00837,Eat Drink Shop Healthy,Healthier Purchases,2026-03-03,Active,Gold,30,74.5
RESIDENT_01047,Eat Drink Shop Healthy,Healthier Purchases,2026-03-29,Active,Gold,30,70.9
RESIDENT_01208,Move It Challenge,MVPA Minutes,2026-04-09,Active,Silver,150,55.3
RESIDENT_01379,Eat Drink Shop Healthy,Healthier Purchases,2026-03-28,Active,Bronze,30,20.5
RESIDENT_00069,National Steps Challenge,Steps,2026-03-18,Active,Gold,10000,65.1
RESIDENT_00300,Eat Drink Shop Healthy,Healthier Purchases,2026-03-03,Active,Participant,30,18.9
RESIDENT_01074,National Steps Challenge,Steps,2026-03-19,Active,Platinum,10000,92.9
RESIDENT_00257,National Steps Challenge,Steps,2026-03-11,Active,Platinum,10000,94.8
RESIDENT_00783,National Steps Challenge,Steps,2026-03-06,Active,Bronze,10000,35.3
RESIDENT_01498,Eat Drink Shop Healthy,Healthier Purchases,2026-03-04,Active,Silver,30,43.5
RESIDENT_00784,National Steps Challenge,Steps,2026-03-07,Active,Bronze,10000,21.1
RESIDENT_00086,Eat Drink Shop Healthy,Healthier Purchases,2026-03-14,Active,Platinum,30,82.2
RESIDENT_01203,National Steps Challenge,Steps,2026-03-22,Active,Gold,10000,66.9
RESIDENT_00083,Move It Challenge,MVPA Minutes,2026-03-08,Active,Gold,150,79.8
RESIDENT_00732,Move It Challenge,MVPA Minutes,2026-03-06,Active,Participant,150,12.0
RESIDENT_01400,Eat Drink Shop Healthy,Healthier Purchases,2026-03-01,Active,Bronze,30,31.9
RESIDENT_00642,Move It Challenge,MVPA Minutes,2026-03-10,Active,Silver,150,40.1
RESIDENT_00431,Move It Challenge,MVPA Minutes,2026-03-01,Active,Bronze,150,26.9
RESIDENT_00905,National Steps Challenge,Steps,2026-03-10,Active,Participant,10000,17.4
RESIDENT_00627,National Steps Challenge,Steps,2026-03-22,Active,Silver,10000,49.0
RESIDENT_00312,National Steps Challenge,Steps,2026-04-03,Active,Platinum,10000,82.6
RESIDENT_00305,Eat Drink Shop Healthy,Healthier Purchases,2026-03-24,Active,Gold,30,71.6
RESIDENT_00765,National Steps Challenge,Steps,2026-03-23,Active,Gold,10000,74.1
RESIDENT_01151,Move It Challenge,MVPA Minutes,2026-04-04,Active,Gold,150,62.3
RESIDENT_00193,Move It Challenge,MVPA Minutes,2026-03-11,Active,Platinum,150,83.4
RESIDENT_00542,Move It Challenge,MVPA Minutes,2026-03-01,Active,Silver,150,55.5
RESIDENT_00304,Move It Challenge,MVPA Minutes,2026-04-09,Active,Bronze,150,39.3
RESIDENT_00068,Move It Challenge,MVPA Minutes,2026-04-01,Active,Bronze,150,38.0
RESIDENT_00540,Move It Challenge,MVPA Minutes,2026-03-27,Active,Bronze,150,20.7
RESIDENT_01186,National Steps Challenge,Steps,2026-03-28,Active,Silver,10000,52.6
RESIDENT_00613,Eat Drink Shop Healthy,Healthier Purchases,2026-03-22,Active,Participant,30,18.8
RESIDENT_00523,Eat Drink Shop Healthy,Healthier Purchases,2026-03-13,Active,Silver,30,46.3
RESIDENT_00738,Eat Drink Shop Healthy,Healthier Purchases,2026-03-09,Active,Silver,30,40.2
RESIDENT_00860,Move It Challenge,MVPA Minutes,2026-03-28,Active,Participant,150,19.2
RESIDENT_01443,National Steps Challenge,Steps,2026-04-02,Active,Gold,10000,74.9
RESIDENT_00855,National Steps Challenge,Steps,2026-03-23,Active,Silver,10000,50.0
RESIDENT_00627,Move It Challenge,MVPA Minutes,2026-03-16,Active,Silver,150,42.7
RESIDENT_01435,Eat Drink Shop Healthy,Healthier Purchases,2026-03-10,Active,Bronze,30,23.0
RESIDENT_00682,Eat Drink Shop Healthy,Healthier Purchases,2026-03-07,Active,Platinum,30,89.5
RESIDENT_00334,National Steps Challenge,Steps,2026-04-02,Active,Silver,10000,51.2
RESIDENT_01425,Eat Drink Shop Healthy,Healthier Purchases,2026-04-09,Active,Gold,30,70.9
RESIDENT_00816,Eat Drink Shop Healthy,Healthier Purchases,2026-03-05,Active,Bronze,30,39.7
RESIDENT_00206,National Steps Challenge,Steps,2026-03-15,Active,Silver,10000,48.1
RESIDENT_00422,Move It Challenge,MVPA Minutes,2026-03-16,Active,Platinum,150,84.4
RESIDENT_00589,Move It Challenge,MVPA Minutes,2026-04-03,Active,Platinum,150,97.4
RESIDENT_00273,National Steps Challenge,Steps,2026-03-02,Active,Gold,10000,70.1
RESIDENT_01443,Eat Drink Shop Healthy,Healthier Purchases,2026-04-09,Active,Gold,30,79.7
RESIDENT_01173,Eat Drink Shop Healthy,Healthier Purchases,2026-03-21,Active,Silver,30,48.2
RESIDENT_00977,National Steps Challenge,Steps,2026-04-02,Active,Silver,10000,47.3
RESIDENT_00482,Eat Drink Shop Healthy,Healthier Purchases,2026-03-20,Active,Silver,30,42.7
RESIDENT_00538,National Steps Challenge,Steps,2026-03-28,Active,Gold,10000,63.2
RESIDENT_00356,Move It Challenge,MVPA Minutes,2026-04-05,Active,Gold,150,70.1
RESIDENT_00677,Move It Challenge,MVPA Minutes,2026-03-13,Active,Platinum,150,82.2
RESIDENT_00324,Move It Challenge,MVPA Minutes,2026-03-07,Active,Silver,150,48.0
RESIDENT_00778,Move It Challenge,MVPA Minutes,2026-04-10,Active,Platinum,150,89.2
RESIDENT_01490,National Steps Challenge,Steps,2026-03-28,Active,Participant,10000,17.2
RESIDENT_00384,Eat Drink Shop Healthy,Healthier Purchases,2026-03-01,Active,Silver,30,42.9
RESIDENT_00057,National Steps Challenge,Steps,2026-03-03,Active,Bronze,10000,28.8
RESIDENT_01281,National Steps Challenge,Steps,2026-03-16,Active,Platinum,10000,82.3
RESIDENT_00300,Move It Challenge,MVPA Minutes,2026-03-18,Active,Bronze,150,21.4
RESIDENT_00688,National Steps Challenge,Steps,2026-03-04,Active,Platinum,10000,88.7
RESIDENT_01488,Move It Challenge,MVPA Minutes,2026-03-10,Active,Gold,150,71.6
RESIDENT_01097,Eat Drink Shop Healthy,Healthier Purchases,2026-03-24,Active,Silver,30,44.0
RESIDENT_00763,Eat Drink Shop Healthy,Healthier Purchases,2026-03-16,Active,Silver,30,50.5
RESIDENT_00792,National Steps Challenge,Steps,2026-03-01,Active,Participant,10000,7.2
RESIDENT_00251,Move It Challenge,MVPA Minutes,2026-03-13,Active,Gold,150,60.2
RESIDENT_00015,Move It Challenge,MVPA Minutes,2026-03-18,Active,Platinum,150,83.9
RESIDENT_01431,Move It Challenge,MVPA Minutes,2026-03-23,Active,Platinum,150,95.1
RESIDENT_00136,National Steps Challenge,Steps,2026-03-14,Active,Participant,10000,17.2
RESIDENT_00204,National Steps Challenge,Steps,2026-03-19,Active,Platinum,10000,86.9
RESIDENT_00853,Move It Challenge,MVPA Minutes,2026-03-14,Active,Platinum,150,97.8
RESIDENT_00467,Eat Drink Shop Healthy,Healthier Purchases,2026-03-23,Active,Gold,30,72.1
RESIDENT_01251,Eat Drink Shop Healthy,Healthier Purchases,2026-03-28,Active,Gold,30,68.8
RESIDENT_01394,Eat Drink Shop Healthy,Healthier Purchases,2026-03-24,Active,Gold,30,62.0
RESIDENT_01429,National Steps Challenge,Steps,2026-04-02,Active,Silver,10000,51.1
RESIDENT_00585,Move It Challenge,MVPA Minutes,2026-03-07,Active,Participant,150,17.6
RESIDENT_00531,Move It Challenge,MVPA Minutes,2026-03-11,Active,Silver,150,49.0
RESIDENT_00812,Eat Drink Shop Healthy,Healthier Purchases,2026-04-02,Active,Bronze,30,35.4
RESIDENT_00255,Move It Challenge,MVPA Minutes,2026-04-07,Completed,Platinum,150,99.4
RESIDENT_01401,Move It Challenge,MVPA Minutes,2026-03-06,Active,Platinum,150,97.4
RESIDENT_00155,National Steps Challenge,Steps,2026-04-08,Active,Bronze,10000,20.1
RESIDENT_01391,Move It Challenge,MVPA Minutes,2026-03-17,Active,Silver,150,50.8
RESIDENT_01120,Move It Challenge,MVPA Minutes,2026-04-06,Active,Bronze,150,23.1
RESIDENT_00809,National Steps Challenge,Steps,2026-03-11,Active,Gold,10000,65.3
RESIDENT_01090,Move It Challenge,MVPA Minutes,2026-04-06,Active,Gold,150,79.3
RESIDENT_00799,Move It Challenge,MVPA Minutes,2026-03-29,Active,Gold,150,70.2
RESIDENT_00965,Move It Challenge,MVPA Minutes,2026-03-22,Active,Bronze,150,33.6
RESIDENT_01144,Eat Drink Shop Healthy,Healthier Purchases,2026-04-08,Active,Silver,30,43.9
RESIDENT_01292,Eat Drink Shop Healthy,Healthier Purchases,2026-03-26,Active,Platinum,30,93.9
RESIDENT_00283,National Steps Challenge,Steps,2026-04-08,Active,Gold,10000,74.7
RESIDENT_00868,Move It Challenge,MVPA Minutes,2026-04-07,Active,Gold,150,63.0
RESIDENT_00113,Eat Drink Shop Healthy,Healthier Purchases,2026-03-14,Active,Silver,30,55.4
RESIDENT_00658,Eat Drink Shop Healthy,Healthier Purchases,2026-03-05,Active,Gold,30,72.5
RESIDENT_00345,Move It Challenge,MVPA Minutes,2026-03-08,Active,Platinum,150,82.0
RESIDENT_01283,Eat Drink Shop Healthy,Healthier Purchases,2026-03-17,Active,Gold,30,74.9
RESIDENT_01070,Eat Drink Shop Healthy,Healthier Purchases,2026-03-25,Active,Platinum,30,81.2
RESIDENT_00465,Eat Drink Shop Healthy,Healthier Purchases,2026-04-05,Active,Platinum,30,82.5
RESIDENT_00237,Eat Drink Shop Healthy,Healthier Purchases,2026-03-17,Active,Platinum,30,81.8
RESIDENT_01223,National Steps Challenge,Steps,2026-03-20,Active,Participant,10000,17.1
RESIDENT_00709,Eat Drink Shop Healthy,Healthier Purchases,2026-03-17,Active,Gold,30,61.2
RESIDENT_01159,Move It Challenge,MVPA Minutes,2026-03-23,Active,Silver,150,42.4
RESIDENT_01011,National Steps Challenge,Steps,2026-03-19,Active,Participant,10000,9.8
RESIDENT_01296,Eat Drink Shop Healthy,Healthier Purchases,2026-03-03,Active,Bronze,30,26.1
RESIDENT_00199,Move It Challenge,MVPA Minutes,2026-04-01,Active,Platinum,150,86.6
RESIDENT_00839,Eat Drink Shop Healthy,Healthier Purchases,2026-04-05,Active,Silver,30,46.7
RESIDENT_00416,Move It Challenge,MVPA Minutes,2026-04-09,Active,Platinum,150,81.9
RESIDENT_01281,Move It Challenge,MVPA Minutes,2026-03-22,Active,Silver,150,41.6
RESIDENT_00430,Move It Challenge,MVPA Minutes,2026-03-21,Active,Participant,150,13.4
RESIDENT_01458,Move It Challenge,MVPA Minutes,2026-03-22,Active,Gold,150,79.1
RESIDENT_00988,Eat Drink Shop Healthy,Healthier Purchases,2026-03-17,Active,Platinum,30,82.1
RESIDENT_00645,National Steps Challenge,Steps,2026-03-17,Active,Bronze,10000,30.0
RESIDENT_00349,National Steps Challenge,Steps,2026-04-06,Active,Silver,10000,47.0
RESIDENT_00471,Eat Drink Shop Healthy,Healthier Purchases,2026-04-05,Active,Participant,30,10.2
RESIDENT_01007,Eat Drink Shop Healthy,Healthier Purchases,2026-03-30,Active,Silver,30,57.5
RESIDENT_01060,National Steps Challenge,Steps,2026-03-29,Active,Bronze,10000,25.4
RESIDENT_00258,Move It Challenge,MVPA Minutes,2026-03-04,Active,Participant,150,16.3
RESIDENT_00740,Move It Challenge,MVPA Minutes,2026-03-13,Active,Silver,150,49.5
RESIDENT_00339,Move It Challenge,MVPA Minutes,2026-03-28,Active,Silver,150,47.2
RESIDENT_00641,Move It Challenge,MVPA Minutes,2026-03-14,Active,Platinum,150,98.5
RESIDENT_00883,Move It Challenge,MVPA Minutes,2026-03-29,Active,Bronze,150,23.6
RESIDENT_00508,Eat Drink Shop Healthy,Healthier Purchases,2026-03-03,Active,Bronze,30,22.6
RESIDENT_00936,Eat Drink Shop Healthy,Healthier Purchases,2026-03-14,Active,Gold,30,73.3
RESIDENT_00856,Eat Drink Shop Healthy,Healthier Purchases,2026-03-01,Active,Silver,30,45.0
RESIDENT_01412,Eat Drink Shop Healthy,Healthier Purchases,2026-04-04,Active,Silver,30,48.9
RESIDENT_00948,National Steps Challenge,Steps,2026-03-05,Active,Bronze,10000,27.2
RESIDENT_00104,Move It Challenge,MVPA Minutes,2026-03-02,Active,Platinum,150,81.4
RESIDENT_00834,Move It Challenge,MVPA Minutes,2026-03-18,Active,Silver,150,59.0
RESIDENT_00056,Move It Challenge,MVPA Minutes,2026-03-19,Active,Gold,150,60.8
RESIDENT_00602,National Steps Challenge,Steps,2026-03-06,Active,Participant,10000,8.1
RESIDENT_01487,Move It Challenge,MVPA Minutes,2026-04-02,Active,Bronze,150,26.7
RESIDENT_01004,Eat Drink Shop Healthy,Healthier Purchases,2026-03-03,Active,Silver,30,58.3
RESIDENT_00387,Eat Drink Shop Healthy,Healthier Purchases,2026-03-12,Active,Participant,30,14.1
RESIDENT_00263,Eat Drink Shop Healthy,Healthier Purchases,2026-03-17,Active,Participant,30,10.6
RESIDENT_00699,Eat Drink Shop Healthy,Healthier Purchases,2026-03-14,Active,Platinum,30,86.2
RESIDENT_00906,Eat Drink Shop Healthy,Healthier Purchases,2026-03-04,Active,Silver,30,45.2
RESIDENT_00116,Eat Drink Shop Healthy,Healthier Purchases,2026-03-13,Active,Gold,30,60.7
RESIDENT_01486,National Steps Challenge,Steps,2026-03-02,Active,Platinum,10000,83.0
RESIDENT_00342,Eat Drink Shop Healthy,Healthier Purchases,2026-03-29,Active,Participant,30,5.2
RESIDENT_01007,Move It Challenge,MVPA Minutes,2026-04-05,Active,Silver,150,54.5
RESIDENT_01419,Move It Challenge,MVPA Minutes,2026-04-10,Active,Bronze,150,27.3
RESIDENT_01367,Eat Drink Shop Healthy,Healthier Purchases,2026-04-05,Active,Participant,30,12.1
RESIDENT_00727,Move It Challenge,MVPA Minutes,2026-03-21,Active,Silver,150,46.3
RESIDENT_01329,National Steps Challenge,Steps,2026-04-05,Active,Platinum,10000,81.7
RESIDENT_00663,National Steps Challenge,Steps,2026-04-06,Active,Platinum,10000,93.2
RESIDENT_01259,Eat Drink Shop Healthy,Healthier Purchases,2026-03-29,Active,Platinum,30,84.9
RESIDENT_00827,National Steps Challenge,Steps,2026-03-15,Active,Silver,10000,58.9
RESIDENT_00378,Eat Drink Shop Healthy,Healthier Purchases,2026-03-04,Active,Gold,30,79.7
RESIDENT_00665,National Steps Challenge,Steps,2026-03-22,Active,Platinum,10000,84.3
RESIDENT_01199,Move It Challenge,MVPA Minutes,2026-04-10,Active,Silver,150,50.6
RESIDENT_01014,National Steps Challenge,Steps,2026-03-07,Active,Gold,10000,79.2
RESIDENT_00530,National Steps Challenge,Steps,2026-03-08,Active,Gold,10000,70.4
RESIDENT_00800,Eat Drink Shop Healthy,Healthier Purchases,2026-03-05,Active,Participant,30,14.9
RESIDENT_00655,National Steps Challenge,Steps,2026-03-15,Active,Participant,10000,6.8
RESIDENT_00932,Eat Drink Shop Healthy,Healthier Purchases,2026-03-29,Active,Silver,30,40.0
RESIDENT_00497,National Steps Challenge,Steps,2026-03-04,Active,Participant,10000,17.7
RESIDENT_00016,National Steps Challenge,Steps,2026-03-04,Active,Platinum,10000,80.4
RESIDENT_01260,Eat Drink Shop Healthy,Healthier Purchases,2026-03-11,Active,Silver,30,56.3
RESIDENT_00666,Move It Challenge,MVPA Minutes,2026-03-22,Active,Silver,150,41.8
RESIDENT_01235,National Steps Challenge,Steps,2026-04-06,Active,Gold,10000,77.3
RESIDENT_00996,National Steps Challenge,Steps,2026-03-24,Active,Silver,10000,44.9
RESIDENT_01412,Move It Challenge,MVPA Minutes,2026-03-31,Active,Bronze,150,25.1
RESIDENT_00730,Eat Drink Shop Healthy,Healthier Purchases,2026-04-07,Active,Platinum,30,98.7
RESIDENT_00519,National Steps Challenge,Steps,2026-03-23,Active,Silver,10000,58.0
RESIDENT_00290,Move It Challenge,MVPA Minutes,2026-03-28,Active,Platinum,150,81.9
RESIDENT_01172,Move It Challenge,MVPA Minutes,2026-03-14,Active,Platinum,150,81.3
RESIDENT_01238,Eat Drink Shop Healthy,Healthier Purchases,2026-04-02,Active,Gold,30,61.9
RESIDENT_01068,Move It Challenge,MVPA Minutes,2026-03-07,Active,Participant,150,19.2
RESIDENT_01281,Eat Drink Shop Healthy,Healthier Purchases,2026-04-02,Active,Platinum,30,82.7
RESIDENT_00679,National Steps Challenge,Steps,2026-03-15,Active,Participant,10000,2.5
RESIDENT_00330,National Steps Challenge,Steps,2026-03-05,Active,Gold,10000,77.4
RESIDENT_00449,Eat Drink Shop Healthy,Healthier Purchases,2026-04-09,Active,Gold,30,76.9
RESIDENT_00026,National Steps Challenge,Steps,2026-03-01,Active,Silver,10000,46.5
RESIDENT_00340,Move It Challenge,MVPA Minutes,2026-04-07,Active,Participant,150,2.5
RESIDENT_00698,Move It Challenge,MVPA Minutes,2026-03-13,Active,Participant,150,11.5
RESIDENT_00080,Eat Drink Shop Healthy,Healthier Purchases,2026-03-05,Active,Participant,30,4.4
RESIDENT_00989,Move It Challenge,MVPA Minutes,2026-03-30,Active,Silver,150,51.9
RESIDENT_01245,National Steps Challenge,Steps,2026-03-13,Active,Silver,10000,42.8
RESIDENT_00466,Move It Challenge,MVPA Minutes,2026-04-04,Active,Platinum,150,85.9
RESIDENT_01264,Eat Drink Shop Healthy,Healthier Purchases,2026-03-15,Active,Bronze,30,26.5
RESIDENT_00652,National Steps Challenge,Steps,2026-03-09,Active,Gold,10000,75.4
RESIDENT_00088,Move It Challenge,MVPA Minutes,2026-03-31,Active,Platinum,150,82.2
RESIDENT_01278,Eat Drink Shop Healthy,Healthier Purchases,2026-03-15,Active,Bronze,30,26.1
RESIDENT_00342,National Steps Challenge,Steps,2026-03-25,Active,Bronze,10000,21.2
RESIDENT_00954,Move It Challenge,MVPA Minutes,2026-03-15,Active,Platinum,150,97.3
RESIDENT_00609,Move It Challenge,MVPA Minutes,2026-04-05,Active,Silver,150,41.4
RESIDENT_00032,Move It Challenge,MVPA Minutes,2026-04-07,Active,Silver,150,44.5
RESIDENT_00022,Move It Challenge,MVPA Minutes,2026-03-02,Active,Gold,150,72.2
RESIDENT_00136,Eat Drink Shop Healthy,Healthier Purchases,2026-03-15,Active,Silver,30,48.8
RESIDENT_01363,Move It Challenge,MVPA Minutes,2026-04-08,Active,Platinum,150,89.7
RESIDENT_00544,Move It Challenge,MVPA Minutes,2026-03-20,Active,Silver,150,41.3
RESIDENT_00360,National Steps Challenge,Steps,2026-03-16,Active,Silver,10000,43.3
RESIDENT_00203,Move It Challenge,MVPA Minutes,2026-03-28,Active,Silver,150,44.7
RESIDENT_01156,Eat Drink Shop Healthy,Healthier Purchases,2026-03-24,Active,Participant,30,12.8
RESIDENT_00266,National Steps Challenge,Steps,2026-03-06,Active,Platinum,10000,88.0
RESIDENT_00749,Eat Drink Shop Healthy,Healthier Purchases,2026-03-09,Active,Bronze,30,38.9
RESIDENT_00568,National Steps Challenge,Steps,2026-03-16,Active,Silver,10000,46.1
RESIDENT_01499,Move It Challenge,MVPA Minutes,2026-03-23,Active,Bronze,150,27.9
RESIDENT_00469,Eat Drink Shop Healthy,Healthier Purchases,2026-03-02,Active,Silver,30,56.2
RESIDENT_01263,Move It Challenge,MVPA Minutes,2026-03-31,Active,Gold,150,70.2
RESIDENT_00040,Move It Challenge,MVPA Minutes,2026-03-31,Active,Bronze,150,39.3
RESIDENT_00402,Eat Drink Shop Healthy,Healthier Purchases,2026-03-26,Active,Bronze,30,20.3
RESIDENT_00102,Move It Challenge,MVPA Minutes,2026-03-03,Active,Silver,150,50.7
RESIDENT_00054,Eat Drink Shop Healthy,Healthier Purchases,2026-03-21,Active,Silver,30,49.2
RESIDENT_00865,National Steps Challenge,Steps,2026-03-04,Active,Participant,10000,15.4
RESIDENT_00122,Move It Challenge,MVPA Minutes,2026-04-07,Active,Gold,150,78.0
RESIDENT_00173,Move It Challenge,MVPA Minutes,2026-03-12,Active,Participant,150,4.7
RESIDENT_00822,Move It Challenge,MVPA Minutes,2026-04-01,Active,Gold,150,79.9
RESIDENT_00749,National Steps Challenge,Steps,2026-04-08,Active,Participant,10000,19.8
RESIDENT_01397,Move It Challenge,MVPA Minutes,2026-03-21,Active,Participant,150,14.8
RESIDENT_00947,Move It Challenge,MVPA Minutes,2026-03-14,Active,Silver,150,48.5
RESIDENT_00041,Move It Challenge,MVPA Minutes,2026-03-26,Active,Silver,150,48.4
RESIDENT_00597,Move It Challenge,MVPA Minutes,2026-03-18,Active,Participant,150,16.1
RESIDENT_01335,Eat Drink Shop Healthy,Healthier Purchases,2026-03-30,Active,Participant,30,11.5
RESIDENT_00992,National Steps Challenge,Steps,2026-04-07,Active,Silver,10000,43.6
RESIDENT_00846,National Steps Challenge,Steps,2026-03-09,Active,Participant,10000,10.6
RESIDENT_01121,Move It Challenge,MVPA Minutes,2026-04-04,Active,Gold,150,74.5
RESIDENT_00632,National Steps Challenge,Steps,2026-04-02,Active,Silver,10000,42.0
RESIDENT_00847,National Steps Challenge,Steps,2026-04-03,Active,Participant,10000,10.2
RESIDENT_00172,Move It Challenge,MVPA Minutes,2026-03-26,Active,Platinum,150,80.4
RESIDENT_01276,Move It Challenge,MVPA Minutes,2026-03-03,Active,Gold,150,79.5
RESIDENT_01185,National Steps Challenge,Steps,2026-03-24,Active,Participant,10000,19.7
RESIDENT_00243,Move It Challenge,MVPA Minutes,2026-03-30,Active,Platinum,150,89.5
RESIDENT_00597,National Steps Challenge,Steps,2026-03-05,Active,Participant,10000,14.7
RESIDENT_01191,National Steps Challenge,Steps,2026-04-05,Active,Platinum,10000,83.4
RESIDENT_00105,Eat Drink Shop Healthy,Healthier Purchases,2026-03-30,Active,Silver,30,43.8
RESIDENT_01416,Move It Challenge,MVPA Minutes,2026-03-14,Active,Gold,150,76.4
RESIDENT_01479,National Steps Challenge,Steps,2026-03-28,Active,Participant,10000,16.8
RESIDENT_00450,Move It Challenge,MVPA Minutes,2026-03-05,Active,Platinum,150,96.3
RESIDENT_01240,Eat Drink Shop Healthy,Healthier Purchases,2026-04-02,Active,Silver,30,56.3
RESIDENT_01266,Eat Drink Shop Healthy,Healthier Purchases,2026-03-21,Active,Silver,30,59.6
RESIDENT_00299,National Steps Challenge,Steps,2026-03-29,Active,Gold,10000,76.5
RESIDENT_00946,Eat Drink Shop Healthy,Healthier Purchases,2026-03-04,Active,Bronze,30,29.0
RESIDENT_01286,Eat Drink Shop Healthy,Healthier Purchases,2026-03-21,Active,Gold,30,79.2
RESIDENT_00335,Move It Challenge,MVPA Minutes,2026-03-27,Active,Bronze,150,34.2
RESIDENT_00314,Move It Challenge,MVPA Minutes,2026-04-02,Active,Platinum,150,91.3
RESIDENT_01187,Eat Drink Shop Healthy,Healthier Purchases,2026-04-09,Active,Silver,30,45.6
RESIDENT_00953,National Steps Challenge,Steps,2026-03-30,Active,Bronze,10000,39.5
RESIDENT_00893,Eat Drink Shop Healthy,Healthier Purchases,2026-03-03,Active,Gold,30,74.4
RESIDENT_00233,Move It Challenge,MVPA Minutes,2026-03-19,Active,Platinum,150,91.3
RESIDENT_01016,National Steps Challenge,Steps,2026-03-05,Active,Platinum,10000,90.3
RESIDENT_00295,Move It Challenge,MVPA Minutes,2026-03-10,Active,Participant,150,13.1
RESIDENT_01360,Move It Challenge,MVPA Minutes,2026-03-18,Active,Participant,150,11.8
RESIDENT_00787,National Steps Challenge,Steps,2026-03-19,Active,Gold,10000,64.3
RESIDENT_00276,National Steps Challenge,Steps,2026-03-02,Active,Bronze,10000,32.9
RESIDENT_01012,National Steps Challenge,Steps,2026-03-24,Active,Participant,10000,14.2
RESIDENT_01106,National Steps Challenge,Steps,2026-03-07,Active,Participant,10000,1.7
RESIDENT_00564,Move It Challenge,MVPA Minutes,2026-04-06,Active,Gold,150,70.6
RESIDENT_00130,National Steps Challenge,Steps,2026-03-01,Active,Platinum,10000,83.0
RESIDENT_01300,National Steps Challenge,Steps,2026-04-04,Active,Platinum,10000,87.3
RESIDENT_01428,Move It Challenge,MVPA Minutes,2026-04-08,Active,Silver,150,46.4
RESIDENT_00232,National Steps Challenge,Steps,2026-04-09,Active,Gold,10000,70.4
RESIDENT_00876,National Steps Challenge,Steps,2026-03-23,Active,Platinum,10000,98.3
RESIDENT_00388,Move It Challenge,MVPA Minutes,2026-03-16,Active,Silver,150,45.2
RESIDENT_00554,Eat Drink Shop Healthy,Healthier Purchases,2026-03-29,Active,Bronze,30,27.7
RESIDENT_00933,Eat Drink Shop Healthy,Healthier Purchases,2026-03-31,Active,Gold,30,70.8
RESIDENT_00647,National Steps Challenge,Steps,2026-04-08,Active,Bronze,10000,37.5
RESIDENT_00791,Move It Challenge,MVPA Minutes,2026-03-09,Active,Gold,150,71.1
RESIDENT_00109,National Steps Challenge,Steps,2026-03-03,Active,Platinum,10000,80.2
RESIDENT_01222,Eat Drink Shop Healthy,Healthier Purchases,2026-03-29,Active,Bronze,30,39.8
RESIDENT_01152,Eat Drink Shop Healthy,Healthier Purchases,2026-03-07,Active,Gold,30,74.7
RESIDENT_00596,National Steps Challenge,Steps,2026-03-30,Active,Bronze,10000,32.5
RESIDENT_01055,National Steps Challenge,Steps,2026-03-15,Active,Silver,10000,51.4
RESIDENT_00135,Eat Drink Shop Healthy,Healthier Purchases,2026-04-06,Active,Bronze,30,28.1
RESIDENT_00225,Eat Drink Shop Healthy,Healthier Purchases,2026-03-17,Active,Gold,30,73.6
RESIDENT_01153,Move It Challenge,MVPA Minutes,2026-03-09,Active,Participant,150,11.3
RESIDENT_00666,National Steps Challenge,Steps,2026-04-03,Active,Silver,10000,45.8
RESIDENT_00374,National Steps Challenge,Steps,2026-03-27,Active,Silver,10000,53.6
RESIDENT_00172,National Steps Challenge,Steps,2026-03-22,Active,Gold,10000,71.6
RESIDENT_01023,Move It Challenge,MVPA Minutes,2026-04-10,Active,Silver,150,48.9
RESIDENT_00678,National Steps Challenge,Steps,2026-03-07,Active,Gold,10000,75.4
RESIDENT_00590,Move It Challenge,MVPA Minutes,2026-03-14,Active,Silver,150,54.1
RESIDENT_01444,Move It Challenge,MVPA Minutes,2026-03-05,Active,Participant,150,14.4
RESIDENT_00630,Move It Challenge,MVPA Minutes,2026-03-12,Active,Bronze,150,28.0
RESIDENT_00246,Move It Challenge,MVPA Minutes,2026-03-31,Active,Participant,150,2.7
RESIDENT_00230,National Steps Challenge,Steps,2026-03-23,Active,Silver,10000,41.8
RESIDENT_01213,Move It Challenge,MVPA Minutes,2026-03-08,Active,Participant,150,9.0
RESIDENT_01336,Eat Drink Shop Healthy,Healthier Purchases,2026-04-08,Active,Platinum,30,90.1
RESIDENT_00744,National Steps Challenge,Steps,2026-03-21,Active,Participant,10000,11.5
RESIDENT_01484,National Steps Challenge,Steps,2026-04-07,Active,Bronze,10000,23.1
RESIDENT_00654,National Steps Challenge,Steps,2026-03-11,Active,Gold,10000,67.2
RESIDENT_00308,Eat Drink Shop Healthy,Healthier Purchases,2026-03-15,Active,Gold,30,64.5
RESIDENT_01403,Eat Drink Shop Healthy,Healthier Purchases,2026-03-18,Active,Participant,30,8.6
RESIDENT_00570,Move It Challenge,MVPA Minutes,2026-03-27,Active,Gold,150,70.8
RESIDENT_00798,National Steps Challenge,Steps,2026-03-01,Active,Gold,10000,75.6
RESIDENT_00717,National Steps Challenge,Steps,2026-04-08,Active,Platinum,10000,85.9
RESIDENT_00072,National Steps Challenge,Steps,2026-03-30,Active,Participant,10000,12.8
RESIDENT_01069,Move It Challenge,MVPA Minutes,2026-04-05,Active,Gold,150,75.2
RESIDENT_01053,Eat Drink Shop Healthy,Healthier Purchases,2026-03-24,Active,Platinum,30,91.7
RESIDENT_01215,Move It Challenge,MVPA Minutes,2026-03-26,Active,Gold,150,60.9
RESIDENT_00407,Eat Drink Shop Healthy,Healthier Purchases,2026-03-01,Active,Platinum,30,96.2
RESIDENT_00584,Move It Challenge,MVPA Minutes,2026-03-07,Active,Platinum,150,97.1
RESIDENT_00924,National Steps Challenge,Steps,2026-03-01,Active,Bronze,10000,32.5
RESIDENT_01494,Move It Challenge,MVPA Minutes,2026-03-30,Active,Gold,150,71.3
RESIDENT_01291,National Steps Challenge,Steps,2026-03-05,Active,Silver,10000,40.4
RESIDENT_00269,Eat Drink Shop Healthy,Healthier Purchases,2026-03-23,Active,Gold,30,79.2
RESIDENT_01098,Move It Challenge,MVPA Minutes,2026-03-03,Active,Silver,150,45.8
RESIDENT_00337,Move It Challenge,MVPA Minutes,2026-03-02,Active,Gold,150,79.7
RESIDENT_00864,Eat Drink Shop Healthy,Healthier Purchases,2026-04-04,Active,Participant,30,18.9
RESIDENT_01192,National Steps Challenge,Steps,2026-03-25,Active,Gold,10000,73.9
RESIDENT_01450,Move It Challenge,MVPA Minutes,2026-03-15,Active,Gold,150,69.7
RESIDENT_01039,National Steps Challenge,Steps,2026-04-07,Active,Silver,10000,48.7
RESIDENT_01106,Eat Drink Shop Healthy,Healthier Purchases,2026-03-14,Active,Participant,30,0.7
RESIDENT_01052,National Steps Challenge,Steps,2026-03-09,Completed,Platinum,10000,99.4
RESIDENT_01420,Eat Drink Shop Healthy,Healthier Purchases,2026-03-04,Active,Platinum,30,96.3
RESIDENT_00613,National Steps Challenge,Steps,2026-03-06,Active,Bronze,10000,20.1
RESIDENT_00348,Move It Challenge,MVPA Minutes,2026-03-22,Active,Participant,150,19.8
RESIDENT_00039,National Steps Challenge,Steps,2026-03-12,Active,Platinum,10000,80.9
RESIDENT_00021,Move It Challenge,MVPA Minutes,2026-03-02,Active,Silver,150,42.3
RESIDENT_00489,National Steps Challenge,Steps,2026-03-13,Active,Bronze,10000,25.1
RESIDENT_00198,Eat Drink Shop Healthy,Healthier Purchases,2026-04-03,Active,Bronze,30,28.7
RESIDENT_00748,Eat Drink Shop Healthy,Healthier Purchases,2026-03-03,Active,Platinum,30,81.8
RESIDENT_00078,Eat Drink Shop Healthy,Healthier Purchases,2026-04-08,Active,Gold,30,70.8
RESIDENT_00508,National Steps Challenge,Steps,2026-03-19,Active,Bronze,10000,26.0
RESIDENT_01198,Eat Drink Shop Healthy,Healthier Purchases,2026-03-27,Active,Participant,30,10.4
RESIDENT_00483,National Steps Challenge,Steps,2026-03-27,Active,Silver,10000,49.3
RESIDENT_01483,Move It Challenge,MVPA Minutes,2026-03-05,Active,Gold,150,79.8
RESIDENT_01312,Move It Challenge,MVPA Minutes,2026-04-01,Active,Platinum,150,84.8
RESIDENT_00592,National Steps Challenge,Steps,2026-04-02,Active,Bronze,10000,31.2
RESIDENT_00760,Eat Drink Shop Healthy,Healthier Purchases,2026-03-03,Active,Gold,30,76.5
RESIDENT_01408,National Steps Challenge,Steps,2026-04-01,Active,Silver,10000,54.4
RESIDENT_01130,National Steps Challenge,Steps,2026-03-02,Active,Gold,10000,74.7
RESIDENT_01413,Eat Drink Shop Healthy,Healthier Purchases,2026-03-30,Active,Platinum,30,99.0
RESIDENT_00141,Eat Drink Shop Healthy,Healthier Purchases,2026-03-09,Active,Bronze,30,29.9
RESIDENT_01410,Eat Drink Shop Healthy,Healthier Purchases,2026-03-17,Active,Bronze,30,22.8
RESIDENT_01196,Move It Challenge,MVPA Minutes,2026-03-21,Active,Gold,150,77.1
RESIDENT_00571,Move It Challenge,MVPA Minutes,2026-03-09,Active,Participant,150,11.5
RESIDENT_00184,National Steps Challenge,Steps,2026-04-08,Active,Participant,10000,17.9
RESIDENT_00373,Move It Challenge,MVPA Minutes,2026-03-25,Active,Gold,150,69.0
RESIDENT_01423,Eat Drink Shop Healthy,Healthier Purchases,2026-03-28,Active,Bronze,30,22.5
RESIDENT_01026,Eat Drink Shop Healthy,Healthier Purchases,2026-03-11,Active,Participant,30,7.5
RESIDENT_01378,Move It Challenge,MVPA Minutes,2026-04-10,Active,Participant,150,5.7
RESIDENT_01274,National Steps Challenge,Steps,2026-03-27,Active,Platinum,10000,80.4
RESIDENT_01444,Eat Drink Shop Healthy,Healthier Purchases,2026-04-02,Active,Silver,30,43.0
RESIDENT_00509,Eat Drink Shop Healthy,Healthier Purchases,2026-03-04,Active,Silver,30,56.4
RESIDENT_01451,Move It Challenge,MVPA Minutes,2026-03-14,Active,Participant,150,15.6
RESIDENT_01415,National Steps Challenge,Steps,2026-03-10,Active,Silver,10000,59.9
RESIDENT_01357,Move It Challenge,MVPA Minutes,2026-03-04,Active,Participant,150,0.5
RESIDENT_00046,Move It Challenge,MVPA Minutes,2026-03-29,Active,Silver,150,46.7
RESIDENT_00719,National Steps Challenge,Steps,2026-03-20,Active,Silver,10000,45.2
RESIDENT_00815,Eat Drink Shop Healthy,Healthier Purchases,2026-04-03,Active,Gold,30,77.3
RESIDENT_01248,Move It Challenge,MVPA Minutes,2026-03-15,Active,Gold,150,73.2
RESIDENT_00165,National Steps Challenge,Steps,2026-03-06,Active,Silver,10000,54.3
RESIDENT_00670,Eat Drink Shop Healthy,Healthier Purchases,2026-03-27,Active,Platinum,30,84.1
RESIDENT_01025,Move It Challenge,MVPA Minutes,2026-04-03,Active,Silver,150,51.0
RESIDENT_00286,Eat Drink Shop Healthy,Healthier Purchases,2026-03-08,Active,Silver,30,51.5
RESIDENT_00143,National Steps Challenge,Steps,2026-03-30,Active,Silver,10000,44.8
RESIDENT_00197,Move It Challenge,MVPA Minutes,2026-03-02,Active,Platinum,150,93.3
RESIDENT_00120,National Steps Challenge,Steps,2026-03-25,Active,Participant,10000,11.8
RESIDENT_00453,National Steps Challenge,Steps,2026-03-19,Active,Platinum,10000,83.6
RESIDENT_00966,Eat Drink Shop Healthy,Healthier Purchases,2026-03-22,Active,Gold,30,75.1
RESIDENT_00161,National Steps Challenge,Steps,2026-04-01,Active,Gold,10000,74.7
RESIDENT_00637,National Steps Challenge,Steps,2026-03-19,Active,Gold,10000,72.4
RESIDENT_00833,Eat Drink Shop Healthy,Healthier Purchases,2026-04-10,Active,Participant,30,16.6
RESIDENT_01070,National Steps Challenge,Steps,2026-03-19,Active,Gold,10000,73.5
RESIDENT_00819,National Steps Challenge,Steps,2026-03-02,Active,Platinum,10000,84.9
RESIDENT_01082,National Steps Challenge,Steps,2026-03-14,Active,Bronze,10000,22.4
RESIDENT_01023,National Steps Challenge,Steps,2026-03-05,Active,Gold,10000,75.1
RESIDENT_01317,National Steps Challenge,Steps,2026-03-30,Active,Participant,10000,19.6
RESIDENT_00502,Move It Challenge,MVPA Minutes,2026-03-16,Active,Gold,150,72.8
RESIDENT_00460,Eat Drink Shop Healthy,Healthier Purchases,2026-04-03,Active,Platinum,30,81.9
RESIDENT_01391,Eat Drink Shop Healthy,Healthier Purchases,2026-03-27,Active,Silver,30,50.4
RESIDENT_00247,Move It Challenge,MVPA Minutes,2026-03-07,Active,Bronze,150,26.7
RESIDENT_01429,Eat Drink Shop Healthy,Healthier Purchases,2026-04-10,Active,Gold,30,76.4
RESIDENT_01056,Move It Challenge,MVPA Minutes,2026-03-18,Active,Silver,150,47.8
RESIDENT_00587,National Steps Challenge,Steps,2026-03-27,Active,Bronze,10000,29.8
RESIDENT_00873,Move It Challenge,MVPA Minutes,2026-03-22,Active,Participant,150,12.1
RESIDENT_01143,Eat Drink Shop Healthy,Healthier Purchases,2026-04-08,Active,Participant,30,15.7
RESIDENT_00515,Move It Challenge,MVPA Minutes,2026-03-01,Active,Bronze,150,40.0
RESIDENT_01044,National Steps Challenge,Steps,2026-03-25,Active,Gold,10000,64.8
RESIDENT_00639,National Steps Challenge,Steps,2026-04-06,Active,Platinum,10000,80.9
RESIDENT_00370,National Steps Challenge,Steps,2026-03-16,Active,Participant,10000,12.8
RESIDENT_00582,National Steps Challenge,Steps,2026-03-01,Active,Gold,10000,71.3
RESIDENT_00549,National Steps Challenge,Steps,2026-03-29,Active,Participant,10000,1.3
RESIDENT_00492,Move It Challenge,MVPA Minutes,2026-03-23,Active,Gold,150,72.3
RESIDENT_00434,National Steps Challenge,Steps,2026-04-01,Active,Platinum,10000,80.0
RESIDENT_00857,Move It Challenge,MVPA Minutes,2026-03-27,Active,Platinum,150,80.2
RESIDENT_01129,National Steps Challenge,Steps,2026-04-02,Active,Bronze,10000,23.2
RESIDENT_01142,National Steps Challenge,Steps,2026-03-07,Active,Platinum,10000,84.0
RESIDENT_01321,National Steps Challenge,Steps,2026-04-04,Active,Bronze,10000,33.6
RESIDENT_00687,National Steps Challenge,Steps,2026-03-03,Active,Platinum,10000,85.5
RESIDENT_00759,Eat Drink Shop Healthy,Healthier Purchases,2026-03-31,Active,Bronze,30,20.0
RESIDENT_00982,National Steps Challenge,Steps,2026-03-28,Active,Gold,10000,79.3
RESIDENT_00280,Eat Drink Shop Healthy,Healthier Purchases,2026-04-07,Active,Gold,30,73.9
RESIDENT_00803,National Steps Challenge,Steps,2026-03-31,Active,Platinum,10000,91.9
RESIDENT_01439,National Steps Challenge,Steps,2026-03-14,Active,Bronze,10000,35.5
RESIDENT_00755,Move It Challenge,MVPA Minutes,2026-03-10,Active,Gold,150,70.9
RESIDENT_01134,Eat Drink Shop Healthy,Healthier Purchases,2026-04-02,Active,Participant,30,15.2
RESIDENT_01125,Move It Challenge,MVPA Minutes,2026-03-28,Active,Silver,150,42.0
RESIDENT_01453,Move It Challenge,MVPA Minutes,2026-03-25,Active,Bronze,150,33.8
RESIDENT_01157,National Steps Challenge,Steps,2026-03-11,Active,Silver,10000,48.3
RESIDENT_00380,Move It Challenge,MVPA Minutes,2026-03-18,Active,Bronze,150,23.2
RESIDENT_00285,Eat Drink Shop Healthy,Healthier Purchases,2026-03-13,Active,Silver,30,57.1
RESIDENT_01214,National Steps Challenge,Steps,2026-04-03,Active,Silver,10000,45.6
RESIDENT_01236,Move It Challenge,MVPA Minutes,2026-03-06,Active,Silver,150,44.5
RESIDENT_00061,National Steps Challenge,Steps,2026-03-27,Active,Bronze,10000,22.0
RESIDENT_00241,National Steps Challenge,Steps,2026-03-15,Active,Platinum,10000,83.2
RESIDENT_00589,National Steps Challenge,Steps,2026-04-09,Active,Platinum,10000,97.7
RESIDENT_01100,National Steps Challenge,Steps,2026-04-10,Active,Bronze,10000,32.4
RESIDENT_00715,Eat Drink Shop Healthy,Healthier Purchases,2026-04-06,Active,Participant,30,0.6
RESIDENT_00144,Eat Drink Shop Healthy,Healthier Purchases,2026-03-07,Active,Gold,30,77.4
RESIDENT_00066,Move It Challenge,MVPA Minutes,2026-03-06,Active,Bronze,150,27.3
RESIDENT_00268,Move It Challenge,MVPA Minutes,2026-04-05,Active,Participant,150,5.3
RESIDENT_00220,Eat Drink Shop Healthy,Healthier Purchases,2026-03-11,Active,Participant,30,16.9
RESIDENT_00937,Move It Challenge,MVPA Minutes,2026-03-06,Active,Gold,150,72.8
RESIDENT_00029,Move It Challenge,MVPA Minutes,2026-03-25,Completed,Platinum,150,99.9
RESIDENT_00240,Eat Drink Shop Healthy,Healthier Purchases,2026-04-03,Active,Platinum,30,98.0
RESIDENT_00859,Eat Drink Shop Healthy,Healthier Purchases,2026-03-26,Active,Participant,30,1.5
RESIDENT_00331,National Steps Challenge,Steps,2026-03-25,Active,Gold,10000,73.9
RESIDENT_00564,National Steps Challenge,Steps,2026-04-01,Active,Silver,10000,49.2
RESIDENT_01091,National Steps Challenge,Steps,2026-04-10,Active,Silver,10000,40.5
RESIDENT_00413,National Steps Challenge,Steps,2026-04-06,Active,Gold,10000,77.7
RESIDENT_01433,Move It Challenge,MVPA Minutes,2026-04-09,Active,Bronze,150,25.4
RESIDENT_01223,Eat Drink Shop Healthy,Healthier Purchases,2026-03-06,Active,Bronze,30,27.5
RESIDENT_00618,Eat Drink Shop Healthy,Healthier Purchases,2026-03-17,Active,Participant,30,17.3
RESIDENT_00575,Eat Drink Shop Healthy,Healthier Purchases,2026-04-04,Active,Bronze,30,23.6
RESIDENT_01430,National Steps Challenge,Steps,2026-04-07,Active,Bronze,10000,21.4
RESIDENT_00611,Move It Challenge,MVPA Minutes,2026-04-02,Active,Bronze,150,23.4
RESIDENT_01338,Eat Drink Shop Healthy,Healthier Purchases,2026-03-25,Active,Platinum,30,98.3
RESIDENT_01186,Move It Challenge,MVPA Minutes,2026-04-08,Active,Gold,150,71.4
RESIDENT_00965,National Steps Challenge,Steps,2026-03-27,Active,Participant,10000,15.3
RESIDENT_01392,National Steps Challenge,Steps,2026-03-29,Active,Participant,10000,11.6
RESIDENT_00547,Move It Challenge,MVPA Minutes,2026-03-23,Active,Gold,150,76.6
RESIDENT_00227,National Steps Challenge,Steps,2026-04-09,Active,Silver,10000,49.5
RESIDENT_01242,Move It Challenge,MVPA Minutes,2026-03-18,Active,Participant,150,15.5
RESIDENT_00306,National Steps Challenge,Steps,2026-03-29,Active,Bronze,10000,25.7
RESIDENT_00429,Move It Challenge,MVPA Minutes,2026-04-06,Active,Participant,150,5.9
RESIDENT_00262,Move It Challenge,MVPA Minutes,2026-03-13,Active,Gold,150,76.5
RESIDENT_00650,Eat Drink Shop Healthy,Healthier Purchases,2026-03-02,Active,Silver,30,45.0
RESIDENT_01331,Move It Challenge,MVPA Minutes,2026-03-19,Active,Gold,150,77.1
RESIDENT_00933,Move It Challenge,MVPA Minutes,2026-03-24,Active,Platinum,150,82.9
RESIDENT_00882,Eat Drink Shop Healthy,Healthier Purchases,2026-03-02,Active,Platinum,30,81.1
RESIDENT_00099,Move It Challenge,MVPA Minutes,2026-04-01,Active,Gold,150,69.3
RESIDENT_00724,Move It Challenge,MVPA Minutes,2026-04-01,Active,Gold,150,64.5
RESIDENT_01313,Eat Drink Shop Healthy,Healthier Purchases,2026-03-09,Active,Gold,30,75.0
RESIDENT_01361,Eat Drink Shop Healthy,Healthier Purchases,2026-03-28,Active,Participant,30,12.5
RESIDENT_00513,National Steps Challenge,Steps,2026-03-28,Active,Bronze,10000,26.5
RESIDENT_00481,National Steps Challenge,Steps,2026-03-07,Active,Bronze,10000,21.6
RESIDENT_00605,Move It Challenge,MVPA Minutes,2026-04-04,Active,Gold,150,66.6
RESIDENT_01154,Eat Drink Shop Healthy,Healthier Purchases,2026-03-17,Active,Gold,30,74.4
RESIDENT_01312,Eat Drink Shop Healthy,Healthier Purchases,2026-03-16,Active,Silver,30,47.5
RESIDENT_00419,Eat Drink Shop Healthy,Healthier Purchases,2026-03-21,Active,Bronze,30,26.1
RESIDENT_00820,Eat Drink Shop Healthy,Healthier Purchases,2026-03-11,Active,Participant,30,19.5
RESIDENT_00591,Move It Challenge,MVPA Minutes,2026-03-14,Active,Platinum,150,96.7
RESIDENT_00710,Eat Drink Shop Healthy,Healthier Purchases,2026-04-10,Active,Silver,30,55.6
RESIDENT_01099,Move It Challenge,MVPA Minutes,2026-03-06,Active,Participant,150,15.3
RESIDENT_01237,Move It Challenge,MVPA Minutes,2026-03-01,Active,Bronze,150,21.4
RESIDENT_01168,Eat Drink Shop Healthy,Healthier Purchases,2026-03-16,Active,Bronze,30,32.5
RESIDENT_00226,Move It Challenge,MVPA Minutes,2026-03-06,Active,Gold,150,62.0
RESIDENT_00370,Move It Challenge,MVPA Minutes,2026-03-14,Active,Bronze,150,20.8
RESIDENT_00362,National Steps Challenge,Steps,2026-04-04,Active,Bronze,10000,22.9
RESIDENT_00361,Move It Challenge,MVPA Minutes,2026-03-30,Active,Bronze,150,36.8
RESIDENT_01441,Move It Challenge,MVPA Minutes,2026-03-12,Active,Platinum,150,82.7
RESIDENT_01395,National Steps Challenge,Steps,2026-03-02,Active,Bronze,10000,29.0
RESIDENT_01340,National Steps Challenge,Steps,2026-03-23,Active,Participant,10000,19.4
RESIDENT_01148,Move It Challenge,MVPA Minutes,2026-03-29,Active,Gold,150,68.1
RESIDENT_01396,Move It Challenge,MVPA Minutes,2026-03-08,Active,Platinum,150,98.7
RESIDENT_00070,Move It Challenge,MVPA Minutes,2026-03-24,Active,Participant,150,12.7
RESIDENT_01101,National Steps Challenge,Steps,2026-04-10,Active,Gold,10000,69.8
RESIDENT_00239,Move It Challenge,MVPA Minutes,2026-03-22,Active,Gold,150,72.8
RESIDENT_01188,Eat Drink Shop Healthy,Healthier Purchases,2026-03-09,Active,Gold,30,70.4
RESIDENT_01253,Move It Challenge,MVPA Minutes,2026-03-14,Active,Silver,150,40.9
RESIDENT_00065,Eat Drink Shop Healthy,Healthier Purchases,2026-03-04,Active,Gold,30,78.1
RESIDENT_00558,Eat Drink Shop Healthy,Healthier Purchases,2026-03-23,Active,Bronze,30,26.1
RESIDENT_00958,Move It Challenge,MVPA Minutes,2026-03-09,Active,Participant,150,14.0
RESIDENT_00625,National Steps Challenge,Steps,2026-04-03,Active,Platinum,10000,85.9
RESIDENT_00656,National Steps Challenge,Steps,2026-03-17,Active,Participant,10000,18.5
RESIDENT_00843,National Steps Challenge,Steps,2026-03-21,Active,Participant,10000,2.8
RESIDENT_00760,National Steps Challenge,Steps,2026-04-02,Active,Silver,10000,45.1
RESIDENT_00282,National Steps Challenge,Steps,2026-03-07,Active,Bronze,10000,23.2
RESIDENT_01369,Eat Drink Shop Healthy,Healthier Purchases,2026-04-03,Active,Silver,30,52.2
RESIDENT_01419,National Steps Challenge,Steps,2026-03-22,Active,Bronze,10000,35.2
RESIDENT_00091,Eat Drink Shop Healthy,Healthier Purchases,2026-03-10,Active,Gold,30,71.4
RESIDENT_00036,National Steps Challenge,Steps,2026-03-18,Active,Bronze,10000,20.3
RESIDENT_01478,National Steps Challenge,Steps,2026-03-12,Active,Participant,10000,7.4
RESIDENT_01142,Eat Drink Shop Healthy,Healthier Purchases,2026-03-26,Active,Platinum,30,80.5
RESIDENT_00829,Eat Drink Shop Healthy,Healthier Purchases,2026-03-17,Active,Gold,30,72.8
RESIDENT_00359,Eat Drink Shop Healthy,Healthier Purchases,2026-03-22,Active,Bronze,30,26.7
RESIDENT_00506,Eat Drink Shop Healthy,Healthier Purchases,2026-04-06,Active,Participant,30,1.0
RESIDENT_00427,Move It Challenge,MVPA Minutes,2026-04-01,Active,Participant,150,19.6
RESIDENT_00559,Eat Drink Shop Healthy,Healthier Purchases,2026-04-07,Active,Platinum,30,81.5
RESIDENT_01189,Eat Drink Shop Healthy,Healthier Purchases,2026-04-06,Active,Participant,30,19.2
RESIDENT_00499,National Steps Challenge,Steps,2026-03-28,Active,Platinum,10000,84.6
RESIDENT_00364,National Steps Challenge,Steps,2026-03-31,Active,Gold,10000,70.1
RESIDENT_00098,National Steps Challenge,Steps,2026-04-07,Active,Bronze,10000,22.1
RESIDENT_00150,Move It Challenge,MVPA Minutes,2026-04-10,Active,Gold,150,74.7
RESIDENT_01124,Eat Drink Shop Healthy,Healthier Purchases,2026-03-17,Active,Silver,30,57.0
RESIDENT_01416,National Steps Challenge,Steps,2026-04-08,Active,Platinum,10000,96.2
RESIDENT_00524,National Steps Challenge,Steps,2026-03-06,Active,Platinum,10000,85.4
RESIDENT_00440,National Steps Challenge,Steps,2026-03-07,Active,Gold,10000,79.6
RESIDENT_00953,Eat Drink Shop Healthy,Healthier Purchases,2026-03-23,Active,Bronze,30,21.2
RESIDENT_00654,Eat Drink Shop Healthy,Healthier Purchases,2026-03-22,Active,Silver,30,50.6
RESIDENT_01300,Eat Drink Shop Healthy,Healthier Purchases,2026-03-17,Active,Gold,30,72.6
RESIDENT_00029,Eat Drink Shop Healthy,Healthier Purchases,2026-03-29,Active,Platinum,30,92.6
RESIDENT_00229,Eat Drink Shop Healthy,Healthier Purchases,2026-04-03,Active,Gold,30,73.8
RESIDENT_00917,National Steps Challenge,Steps,2026-04-03,Active,Silver,10000,43.2
RESIDENT_01187,Move It Challenge,MVPA Minutes,2026-03-25,Active,Gold,150,66.3
RESIDENT_00020,Eat Drink Shop Healthy,Healthier Purchases,2026-04-07,Active,Silver,30,58.9
RESIDENT_00475,Move It Challenge,MVPA Minutes,2026-03-28,Active,Bronze,150,26.5
RESIDENT_00084,Eat Drink Shop Healthy,Healthier Purchases,2026-04-02,Active,Bronze,30,27.3
RESIDENT_01111,Eat Drink Shop Healthy,Healthier Purchases,2026-04-10,Active,Platinum,30,91.7
RESIDENT_00825,National Steps Challenge,Steps,2026-04-03,Active,Participant,10000,0.2
RESIDENT_00005,Move It Challenge,MVPA Minutes,2026-04-08,Active,Silver,150,48.3
RESIDENT_00533,Move It Challenge,MVPA Minutes,2026-03-19,Active,Gold,150,73.5
RESIDENT_01084,Eat Drink Shop Healthy,Healthier Purchases,2026-04-07,Active,Bronze,30,20.6
RESIDENT_00390,Move It Challenge,MVPA Minutes,2026-03-10,Active,Gold,150,78.8
RESIDENT_00540,Eat Drink Shop Healthy,Healthier Purchases,2026-03-11,Active,Bronze,30,20.1
RESIDENT_00038,Eat Drink Shop Healthy,Healthier Purchases,2026-03-10,Active,Silver,30,49.5
RESIDENT_00169,Eat Drink Shop Healthy,Healthier Purchases,2026-03-09,Active,Bronze,30,21.1
RESIDENT_00047,Move It Challenge,MVPA Minutes,2026-03-25,Active,Gold,150,75.6
RESIDENT_01079,Eat Drink Shop Healthy,Healthier Purchases,2026-03-17,Active,Gold,30,78.0
RESIDENT_01474,Move It Challenge,MVPA Minutes,2026-03-13,Active,Silver,150,49.8
RESIDENT_01182,National Steps Challenge,Steps,2026-03-01,Active,Gold,10000,76.3
RESIDENT_00649,National Steps Challenge,Steps,2026-03-19,Active,Bronze,10000,22.1
RESIDENT_00513,Eat Drink Shop Healthy,Healthier Purchases,2026-03-13,Active,Bronze,30,36.8
RESIDENT_00473,Eat Drink Shop Healthy,Healthier Purchases,2026-03-04,Active,Participant,30,10.4
RESIDENT_00908,National Steps Challenge,Steps,2026-04-07,Active,Gold,10000,74.2
RESIDENT_01284,National Steps Challenge,Steps,2026-04-07,Active,Silver,10000,44.5
RESIDENT_00922,Eat Drink Shop Healthy,Healthier Purchases,2026-04-10,Active,Bronze,30,27.2
RESIDENT_01335,Move It Challenge,MVPA Minutes,2026-03-29,Active,Silver,150,49.5
RESIDENT_00707,National Steps Challenge,Steps,2026-04-05,Active,Platinum,10000,87.5
RESIDENT_01440,Eat Drink Shop Healthy,Healthier Purchases,2026-03-31,Active,Platinum,30,89.4
RESIDENT_00790,Eat Drink Shop Healthy,Healthier Purchases,2026-03-23,Active,Silver,30,45.6
RESIDENT_01472,Move It Challenge,MVPA Minutes,2026-03-23,Active,Silver,150,41.7
RESIDENT_00188,Move It Challenge,MVPA Minutes,2026-03-02,Active,Gold,150,77.8
RESIDENT_00412,Move It Challenge,MVPA Minutes,2026-04-07,Active,Participant,150,7.7
RESIDENT_00918,Move It Challenge,MVPA Minutes,2026-03-08,Active,Participant,150,17.0
RESIDENT_01204,Move It Challenge,MVPA Minutes,2026-03-20,Active,Platinum,150,80.1
RESIDENT_00316,National Steps Challenge,Steps,2026-04-05,Active,Gold,10000,77.1
RESIDENT_00097,Eat Drink Shop Healthy,Healthier Purchases,2026-03-09,Active,Gold,30,74.1
RESIDENT_00929,Eat Drink Shop Healthy,Healthier Purchases,2026-04-05,Active,Platinum,30,89.1
RESIDENT_01221,Move It Challenge,MVPA Minutes,2026-04-09,Active,Gold,150,71.1
RESIDENT_00534,National Steps Challenge,Steps,2026-03-23,Active,Bronze,10000,29.9
RESIDENT_01268,National Steps Challenge,Steps,2026-03-22,Active,Gold,10000,60.8
RESIDENT_00423,Move It Challenge,MVPA Minutes,2026-03-21,Active,Bronze,150,23.1
RESIDENT_00308,National Steps Challenge,Steps,2026-03-02,Active,Silver,10000,59.9
RESIDENT_01415,Move It Challenge,MVPA Minutes,2026-03-05,Active,Platinum,150,82.6
RESIDENT_01202,National Steps Challenge,Steps,2026-03-17,Active,Gold,10000,75.5
RESIDENT_00281,Move It Challenge,MVPA Minutes,2026-03-30,Active,Participant,150,15.8
RESIDENT_01366,Move It Challenge,MVPA Minutes,2026-03-11,Active,Silver,150,53.7
RESIDENT_00580,Move It Challenge,MVPA Minutes,2026-03-28,Active,Gold,150,77.4
RESIDENT_00036,Move It Challenge,MVPA Minutes,2026-04-06,Active,Participant,150,5.5
RESIDENT_01221,Eat Drink Shop Healthy,Healthier Purchases,2026-03-04,Active,Platinum,30,95.0
RESIDENT_00088,National Steps Challenge,Steps,2026-04-09,Active,Gold,10000,77.9
RESIDENT_00296,Eat Drink Shop Healthy,Healthier Purchases,2026-03-23,Active,Bronze,30,22.6
RESIDENT_00155,Eat Drink Shop Healthy,Healthier Purchases,2026-03-05,Active,Participant,30,15.1
RESIDENT_00687,Move It Challenge,MVPA Minutes,2026-03-29,Active,Platinum,150,94.0
RESIDENT_01452,Eat Drink Shop Healthy,Healthier Purchases,2026-03-30,Active,Gold,30,70.3
RESIDENT_00984,Eat Drink Shop Healthy,Healthier Purchases,2026-03-29,Active,Participant,30,18.7
RESIDENT_00133,Move It Challenge,MVPA Minutes,2026-04-03,Active,Platinum,150,82.2
RESIDENT_00447,National Steps Challenge,Steps,2026-04-05,Active,Silver,10000,40.3
RESIDENT_00128,Move It Challenge,MVPA Minutes,2026-03-10,Active,Silver,150,40.8
RESIDENT_00788,National Steps Challenge,Steps,2026-03-26,Active,Platinum,10000,99.0
RESIDENT_01330,Eat Drink Shop Healthy,Healthier Purchases,2026-03-15,Active,Participant,30,11.1
RESIDENT_00650,National Steps Challenge,Steps,2026-03-11,Active,Gold,10000,68.3
RESIDENT_01319,National Steps Challenge,Steps,2026-04-10,Active,Silver,10000,58.9
RESIDENT_01417,Eat Drink Shop Healthy,Healthier Purchases,2026-03-05,Active,Gold,30,67.3
RESIDENT_01027,Move It Challenge,MVPA Minutes,2026-03-12,Active,Silver,150,46.0
RESIDENT_00380,National Steps Challenge,Steps,2026-03-16,Active,Participant,10000,17.6
RESIDENT_01477,Eat Drink Shop Healthy,Healthier Purchases,2026-03-26,Active,Bronze,30,32.7
RESIDENT_00060,Move It Challenge,MVPA Minutes,2026-03-02,Active,Gold,150,60.8
RESIDENT_01032,National Steps Challenge,Steps,2026-03-12,Active,Silver,10000,46.9
RESIDENT_01344,Eat Drink Shop Healthy,Healthier Purchases,2026-04-01,Active,Participant,30,13.4
RESIDENT_00084,National Steps Challenge,Steps,2026-03-31,Active,Bronze,10000,29.4
RESIDENT_00123,Eat Drink Shop Healthy,Healthier Purchases,2026-03-07,Active,Gold,30,74.2
RESIDENT_00028,Move It Challenge,MVPA Minutes,2026-03-30,Active,Participant,150,9.0
RESIDENT_00937,Eat Drink Shop Healthy,Healthier Purchases,2026-03-18,Active,Platinum,30,90.5
RESIDENT_00950,National Steps Challenge,Steps,2026-03-22,Active,Gold,10000,76.5
RESIDENT_01343,Eat Drink Shop Healthy,Healthier Purchases,2026-04-07,Active,Bronze,30,35.8
RESIDENT_00885,Move It Challenge,MVPA Minutes,2026-03-14,Active,Platinum,150,96.2
RESIDENT_01294,National Steps Challenge,Steps,2026-03-09,Active,Bronze,10000,30.0
RESIDENT_00132,Move It Challenge,MVPA Minutes,2026-03-04,Active,Silver,150,58.3
RESIDENT_01267,Eat Drink Shop Healthy,Healthier Purchases,2026-04-10,Active,Platinum,30,91.4
RESIDENT_00669,National Steps Challenge,Steps,2026-04-07,Active,Platinum,10000,81.2
RESIDENT_00914,National Steps Challenge,Steps,2026-03-30,Active,Participant,10000,2.7
RESIDENT_01355,Eat Drink Shop Healthy,Healthier Purchases,2026-03-01,Active,Platinum,30,81.0
RESIDENT_00033,Move It Challenge,MVPA Minutes,2026-04-08,Active,Participant,150,15.3
RESIDENT_00529,National Steps Challenge,Steps,2026-03-30,Active,Bronze,10000,29.4
RESIDENT_00081,National Steps Challenge,Steps,2026-04-07,Active,Gold,10000,77.0
RESIDENT_00956,Eat Drink Shop Healthy,Healthier Purchases,2026-03-31,Active,Silver,30,51.7
RESIDENT_01133,Eat Drink Shop Healthy,Healthier Purchases,2026-04-09,Active,Gold,30,74.0
RESIDENT_01305,Move It Challenge,MVPA Minutes,2026-03-28,Active,Platinum,150,80.4
RESIDENT_00464,Eat Drink Shop Healthy,Healthier Purchases,2026-03-08,Active,Gold,30,68.0
RESIDENT_00617,Move It Challenge,MVPA Minutes,2026-03-05,Active,Silver,150,43.8
RESIDENT_01020,National Steps Challenge,Steps,2026-04-04,Active,Bronze,10000,28.7
RESIDENT_00213,Eat Drink Shop Healthy,Healthier Purchases,2026-03-26,Active,Silver,30,46.3
RESIDENT_00357,National Steps Challenge,Steps,2026-03-04,Active,Participant,10000,15.6
RESIDENT_00970,National Steps Challenge,Steps,2026-04-05,Active,Platinum,10000,93.2
RESIDENT_00063,National Steps Challenge,Steps,2026-03-24,Active,Gold,10000,67.4
RESIDENT_01222,National Steps Challenge,Steps,2026-03-20,Active,Silver,10000,41.4
RESIDENT_00478,Move It Challenge,MVPA Minutes,2026-04-06,Active,Silver,150,54.6
RESIDENT_01408,Eat Drink Shop Healthy,Healthier Purchases,2026-03-05,Active,Silver,30,44.6
RESIDENT_00191,National Steps Challenge,Steps,2026-03-21,Active,Gold,10000,75.3
RESIDENT_00541,Eat Drink Shop Healthy,Healthier Purchases,2026-03-26,Active,Platinum,30,85.0
RESIDENT_00660,Eat Drink Shop Healthy,Healthier Purchases,2026-04-05,Active,Gold,30,72.5
RESIDENT_00089,Move It Challenge,MVPA Minutes,2026-04-05,Active,Gold,150,61.6
RESIDENT_00969,Move It Challenge,MVPA Minutes,2026-03-19,Active,Participant,150,12.8
RESIDENT_01030,Eat Drink Shop Healthy,Healthier Purchases,2026-03-27,Active,Participant,30,14.8
RESIDENT_00386,Move It Challenge,MVPA Minutes,2026-04-04,Active,Platinum,150,96.1
RESIDENT_00469,National Steps Challenge,Steps,2026-03-10,Active,Silver,10000,55.9
RESIDENT_01324,Move It Challenge,MVPA Minutes,2026-04-03,Active,Silver,150,56.8
RESIDENT_00999,Move It Challenge,MVPA Minutes,2026-03-08,Active,Silver,150,53.6
RESIDENT_00512,Eat Drink Shop Healthy,Healthier Purchases,2026-04-10,Active,Bronze,30,31.2
RESIDENT_01485,Eat Drink Shop Healthy,Healthier Purchases,2026-03-25,Active,Gold,30,76.4
RESIDENT_01236,National Steps Challenge,Steps,2026-04-10,Active,Silver,10000,59.1
RESIDENT_00943,National Steps Challenge,Steps,2026-03-06,Active,Gold,10000,68.1
RESIDENT_01012,Eat Drink Shop Healthy,Healthier Purchases,2026-04-10,Active,Bronze,30,23.4
RESIDENT_00353,Move It Challenge,MVPA Minutes,2026-03-14,Active,Silver,150,43.2
RESIDENT_00270,Move It Challenge,MVPA Minutes,2026-03-13,Active,Bronze,150,23.3
RESIDENT_00489,Eat Drink Shop Healthy,Healthier Purchases,2026-03-20,Active,Participant,30,4.9
RESIDENT_00093,Move It Challenge,MVPA Minutes,2026-03-10,Active,Bronze,150,39.7
RESIDENT_01429,Move It Challenge,MVPA Minutes,2026-03-22,Active,Silver,150,46.9
RESIDENT_01433,Eat Drink Shop Healthy,Healthier Purchases,2026-03-20,Active,Bronze,30,37.7
RESIDENT_01460,Eat Drink Shop Healthy,Healthier Purchases,2026-03-30,Active,Participant,30,17.5
RESIDENT_01215,National Steps Challenge,Steps,2026-04-09,Active,Gold,10000,73.1
RESIDENT_01227,National Steps Challenge,Steps,2026-03-17,Active,Gold,10000,79.9
RESIDENT_01365,Move It Challenge,MVPA Minutes,2026-03-04,Active,Gold,150,60.3
RESIDENT_00930,Eat Drink Shop Healthy,Healthier Purchases,2026-03-30,Active,Silver,30,49.0
RESIDENT_00739,Eat Drink Shop Healthy,Healthier Purchases,2026-03-27,Active,Platinum,30,93.5
RESIDENT_00310,National Steps Challenge,Steps,2026-03-08,Active,Platinum,10000,86.2
RESIDENT_00951,National Steps Challenge,Steps,2026-04-05,Active,Platinum,10000,81.2
RESIDENT_01226,Eat Drink Shop Healthy,Healthier Purchases,2026-03-06,Active,Participant,30,10.9
RESIDENT_00392,Move It Challenge,MVPA Minutes,2026-03-08,Active,Silver,150,57.0
RESIDENT_00094,Move It Challenge,MVPA Minutes,2026-04-10,Active,Platinum,150,94.3
RESIDENT_00919,Move It Challenge,MVPA Minutes,2026-03-08,Active,Participant,150,9.1
RESIDENT_01351,Move It Challenge,MVPA Minutes,2026-04-05,Active,Gold,150,71.0
RESIDENT_01044,Eat Drink Shop Healthy,Healthier Purchases,2026-04-02,Active,Gold,30,64.8
RESIDENT_00743,National Steps Challenge,Steps,2026-03-04,Active,Silver,10000,48.7
RESIDENT_00471,Move It Challenge,MVPA Minutes,2026-04-04,Active,Silver,150,41.2
RESIDENT_00278,Eat Drink Shop Healthy,Healthier Purchases,2026-04-04,Active,Participant,30,13.3
RESIDENT_01179,Eat Drink Shop Healthy,Healthier Purchases,2026-03-11,Active,Bronze,30,23.0
RESIDENT_00541,Move It Challenge,MVPA Minutes,2026-03-02,Active,Gold,150,75.4
RESIDENT_00316,Eat Drink Shop Healthy,Healthier Purchases,2026-03-02,Active,Gold,30,62.7
RESIDENT_00195,Eat Drink Shop Healthy,Healthier Purchases,2026-03-29,Active,Platinum,30,88.8
RESIDENT_01043,National Steps Challenge,Steps,2026-04-06,Active,Gold,10000,63.4
RESIDENT_00639,Eat Drink Shop Healthy,Healthier Purchases,2026-04-07,Active,Gold,30,64.3
RESIDENT_01224,Eat Drink Shop Healthy,Healthier Purchases,2026-03-13,Active,Silver,30,57.8
RESIDENT_00224,Eat Drink Shop Healthy,Healthier Purchases,2026-03-17,Active,Bronze,30,36.0
RESIDENT_01456,National Steps Challenge,Steps,2026-04-03,Active,Bronze,10000,34.7
RESIDENT_01103,Eat Drink Shop Healthy,Healthier Purchases,2026-04-04,Active,Participant,30,2.5
RESIDENT_01315,Eat Drink Shop Healthy,Healthier Purchases,2026-03-30,Active,Gold,30,62.8
RESIDENT_01347,Move It Challenge,MVPA Minutes,2026-03-01,Active,Participant,150,15.5
RESIDENT_01228,National Steps Challenge,Steps,2026-03-02,Active,Participant,10000,19.2
RESIDENT_01256,Eat Drink Shop Healthy,Healthier Purchases,2026-03-16,Active,Gold,30,76.0
RESIDENT_00398,National Steps Challenge,Steps,2026-04-09,Active,Platinum,10000,80.5
RESIDENT_00433,Move It Challenge,MVPA Minutes,2026-03-10,Active,Platinum,150,93.3
RESIDENT_00690,National Steps Challenge,Steps,2026-04-08,Active,Bronze,10000,28.6
RESIDENT_00964,Eat Drink Shop Healthy,Healthier Purchases,2026-04-01,Active,Participant,30,0.7
RESIDENT_00675,Eat Drink Shop Healthy,Healthier Purchases,2026-03-23,Active,Platinum,30,90.7
RESIDENT_00894,National Steps Challenge,Steps,2026-04-05,Completed,Platinum,10000,99.9
RESIDENT_00793,National Steps Challenge,Steps,2026-03-15,Active,Platinum,10000,98.6
RESIDENT_01272,Move It Challenge,MVPA Minutes,2026-04-04,Active,Silver,150,53.4
RESIDENT_00431,Eat Drink Shop Healthy,Healthier Purchases,2026-03-05,Active,Bronze,30,24.7
RESIDENT_00411,National Steps Challenge,Steps,2026-03-08,Active,Gold,10000,70.3
RESIDENT_00633,National Steps Challenge,Steps,2026-03-30,Active,Platinum,10000,84.6
RESIDENT_00452,Eat Drink Shop Healthy,Healthier Purchases,2026-03-22,Active,Silver,30,57.6
RESIDENT_01128,National Steps Challenge,Steps,2026-04-10,Active,Participant,10000,14.9
RESIDENT_01358,Move It Challenge,MVPA Minutes,2026-03-31,Active,Gold,150,73.3
RESIDENT_00333,Move It Challenge,MVPA Minutes,2026-04-07,Active,Participant,150,1.6
RESIDENT_01194,Eat Drink Shop Healthy,Healthier Purchases,2026-03-21,Active,Gold,30,75.8
RESIDENT_01488,National Steps Challenge,Steps,2026-03-25,Active,Silver,10000,50.2
RESIDENT_00161,Move It Challenge,MVPA Minutes,2026-03-10,Active,Gold,150,61.0
RESIDENT_00268,Eat Drink Shop Healthy,Healthier Purchases,2026-03-17,Active,Participant,30,0.0
RESIDENT_00043,Eat Drink Shop Healthy,Healthier Purchases,2026-03-30,Active,Gold,30,75.4
RESIDENT_00741,National Steps Challenge,Steps,2026-03-01,Active,Platinum,10000,94.5
RESIDENT_00558,National Steps Challenge,Steps,2026-03-21,Active,Silver,10000,49.9
RESIDENT_01284,Eat Drink Shop Healthy,Healthier Purchases,2026-03-19,Active,Gold,30,74.3
RESIDENT_00874,National Steps Challenge,Steps,2026-03-29,Active,Silver,10000,47.1
RESIDENT_00426,Eat Drink Shop Healthy,Healthier Purchases,2026-03-18,Active,Silver,30,58.6
RESIDENT_01196,National Steps Challenge,Steps,2026-04-05,Active,Platinum,10000,90.6
RESIDENT_01120,National Steps Challenge,Steps,2026-04-09,Active,Participant,10000,12.7
RESIDENT_00814,Move It Challenge,MVPA Minutes,2026-03-25,Active,Gold,150,77.0
RESIDENT_00107,Eat Drink Shop Healthy,Healthier Purchases,2026-03-09,Active,Gold,30,67.0
RESIDENT_00333,National Steps Challenge,Steps,2026-04-08,Active,Participant,10000,10.3
RESIDENT_01136,Eat Drink Shop Healthy,Healthier Purchases,2026-03-25,Active,Gold,30,76.4
RESIDENT_00814,National Steps Challenge,Steps,2026-03-10,Active,Platinum,10000,81.4
RESIDENT_00099,Eat Drink Shop Healthy,Healthier Purchases,2026-04-02,Active,Gold,30,75.2
RESIDENT_00848,Eat Drink Shop Healthy,Healthier Purchases,2026-04-10,Active,Platinum,30,84.5
RESIDENT_01487,Eat Drink Shop Healthy,Healthier Purchases,2026-03-14,Active,Silver,30,42.0
RESIDENT_01153,National Steps Challenge,Steps,2026-04-10,Active,Participant,10000,12.3
RESIDENT_00705,Move It Challenge,MVPA Minutes,2026-03-06,Active,Bronze,150,23.2
RESIDENT_00202,Eat Drink Shop Healthy,Healthier Purchases,2026-03-26,Active,Platinum,30,82.0
RESIDENT_00365,Eat Drink Shop Healthy,Healthier Purchases,2026-03-18,Completed,Platinum,30,99.6
RESIDENT_00850,Move It Challenge,MVPA Minutes,2026-03-08,Active,Platinum,150,86.6
RESIDENT_01163,Move It Challenge,MVPA Minutes,2026-03-08,Active,Bronze,150,23.2
RESIDENT_01250,Eat Drink Shop Healthy,Healthier Purchases,2026-03-10,Active,Bronze,30,29.5
RESIDENT_00583,Move It Challenge,MVPA Minutes,2026-04-05,Active,Gold,150,71.4
RESIDENT_00028,Eat Drink Shop Healthy,Healthier Purchases,2026-03-02,Active,Participant,30,5.2
RESIDENT_01307,Move It Challenge,MVPA Minutes,2026-04-03,Active,Gold,150,77.6
RESIDENT_01212,Move It Challenge,MVPA Minutes,2026-03-29,Active,Platinum,150,80.6
RESIDENT_01051,Move It Challenge,MVPA Minutes,2026-03-07,Active,Gold,150,76.9
RESIDENT_00395,Eat Drink Shop Healthy,Healthier Purchases,2026-04-06,Active,Bronze,30,29.0
RESIDENT_01440,Move It Challenge,MVPA Minutes,2026-03-21,Active,Platinum,150,82.9
RESIDENT_00313,Eat Drink Shop Healthy,Healthier Purchases,2026-03-20,Active,Participant,30,19.1
RESIDENT_00106,Move It Challenge,MVPA Minutes,2026-03-12,Active,Gold,150,72.6
RESIDENT_00621,Move It Challenge,MVPA Minutes,2026-03-20,Active,Bronze,150,23.6
RESIDENT_00061,Move It Challenge,MVPA Minutes,2026-03-11,Active,Participant,150,17.2
RESIDENT_01491,National Steps Challenge,Steps,2026-04-08,Active,Silver,10000,49.1
RESIDENT_01114,Eat Drink Shop Healthy,Healthier Purchases,2026-03-05,Active,Silver,30,40.0
RESIDENT_01314,National Steps Challenge,Steps,2026-04-03,Active,Participant,10000,13.1
RESIDENT_00146,Eat Drink Shop Healthy,Healthier Purchases,2026-03-29,Active,Platinum,30,83.6
RESIDENT_00624,Eat Drink Shop Healthy,Healthier Purchases,2026-03-03,Active,Silver,30,43.9
RESIDENT_00653,Eat Drink Shop Healthy,Healthier Purchases,2026-04-06,Active,Gold,30,69.1
RESIDENT_01138,Move It Challenge,MVPA Minutes,2026-03-28,Active,Participant,150,9.7
RESIDENT_00554,National Steps Challenge,Steps,2026-03-03,Active,Bronze,10000,24.8
RESIDENT_00318,Move It Challenge,MVPA Minutes,2026-03-10,Active,Participant,150,0.2
RESIDENT_00007,Eat Drink Shop Healthy,Healthier Purchases,2026-03-22,Active,Silver,30,43.1
RESIDENT_00845,Eat Drink Shop Healthy,Healthier Purchases,2026-03-07,Active,Gold,30,75.1
RESIDENT_00244,National Steps Challenge,Steps,2026-03-21,Active,Silver,10000,46.4
RESIDENT_00743,Eat Drink Shop Healthy,Healthier Purchases,2026-03-23,Active,Gold,30,66.0
RESIDENT_01012,Move It Challenge,MVPA Minutes,2026-03-25,Active,Bronze,150,25.3
RESIDENT_01112,Eat Drink Shop Healthy,Healthier Purchases,2026-03-27,Active,Platinum,30,95.7
RESIDENT_00977,Move It Challenge,MVPA Minutes,2026-03-06,Active,Gold,150,61.4
RESIDENT_01309,Move It Challenge,MVPA Minutes,2026-04-10,Active,Participant,150,15.7
RESIDENT_00862,Eat Drink Shop Healthy,Healthier Purchases,2026-03-09,Active,Bronze,30,24.7
RESIDENT_00472,Move It Challenge,MVPA Minutes,2026-03-19,Active,Gold,150,69.5
RESIDENT_00074,National Steps Challenge,Steps,2026-03-03,Active,Silver,10000,41.9
RESIDENT_00208,Eat Drink Shop Healthy,Healthier Purchases,2026-03-08,Active,Platinum,30,83.2
RESIDENT_01285,Move It Challenge,MVPA Minutes,2026-04-02,Active,Silver,150,42.4
RESIDENT_00277,Eat Drink Shop Healthy,Healthier Purchases,2026-03-12,Active,Silver,30,53.4
RESIDENT_00920,Eat Drink Shop Healthy,Healthier Purchases,2026-03-19,Active,Gold,30,74.5
RESIDENT_00129,Eat Drink Shop Healthy,Healthier Purchases,2026-03-18,Active,Participant,30,6.5
RESIDENT_00550,Eat Drink Shop Healthy,Healthier Purchases,2026-03-05,Active,Bronze,30,24.6
RESIDENT_00609,National Steps Challenge,Steps,2026-04-02,Active,Silver,10000,59.4
RESIDENT_00159,Eat Drink Shop Healthy,Healthier Purchases,2026-04-02,Active,Gold,30,61.7
RESIDENT_00211,Eat Drink Shop Healthy,Healthier Purchases,2026-03-18,Active,Participant,30,7.0
RESIDENT_00830,Move It Challenge,MVPA Minutes,2026-03-23,Active,Gold,150,63.3
RESIDENT_00791,National Steps Challenge,Steps,2026-04-09,Active,Gold,10000,71.2
RESIDENT_00298,National Steps Challenge,Steps,2026-03-10,Active,Participant,10000,11.3
RESIDENT_00100,National Steps Challenge,Steps,2026-04-07,Active,Platinum,10000,96.3
RESIDENT_00660,National Steps Challenge,Steps,2026-04-09,Active,Platinum,10000,81.5
RESIDENT_01255,Eat Drink Shop Healthy,Healthier Purchases,2026-04-02,Active,Silver,30,46.1
RESIDENT_00492,National Steps Challenge,Steps,2026-03-07,Active,Silver,10000,44.4
RESIDENT_01295,Eat Drink Shop Healthy,Healthier Purchases,2026-04-05,Active,Bronze,30,28.4
RESIDENT_01164,Eat Drink Shop Healthy,Healthier Purchases,2026-03-30,Active,Platinum,30,84.2
RESIDENT_00865,Move It Challenge,MVPA Minutes,2026-03-03,Active,Participant,150,11.1
RESIDENT_01329,Eat Drink Shop Healthy,Healthier Purchases,2026-04-02,Active,Gold,30,75.1
RESIDENT_00462,Move It Challenge,MVPA Minutes,2026-04-06,Active,Participant,150,18.7
RESIDENT_00183,National Steps Challenge,Steps,2026-04-05,Active,Silver,10000,41.1
RESIDENT_01422,National Steps Challenge,Steps,2026-04-03,Active,Gold,10000,71.1
RESIDENT_00852,National Steps Challenge,Steps,2026-04-04,Active,Gold,10000,69.5
RESIDENT_00625,Eat Drink Shop Healthy,Healthier Purchases,2026-03-26,Active,Platinum,30,94.1
RESIDENT_00325,Eat Drink Shop Healthy,Healthier Purchases,2026-04-02,Active,Bronze,30,21.1
RESIDENT_01471,National Steps Challenge,Steps,2026-03-30,Active,Participant,10000,10.6
RESIDENT_00658,National Steps Challenge,Steps,2026-03-29,Active,Platinum,10000,80.1
RESIDENT_00863,Eat Drink Shop Healthy,Healthier Purchases,2026-04-06,Active,Platinum,30,86.8
RESIDENT_00365,Move It Challenge,MVPA Minutes,2026-03-07,Active,Platinum,150,85.5
RESIDENT_01359,National Steps Challenge,Steps,2026-03-02,Active,Platinum,10000,92.0
RESIDENT_01093,National Steps Challenge,Steps,2026-03-09,Active,Silver,10000,49.6
RESIDENT_00905,Eat Drink Shop Healthy,Healthier Purchases,2026-04-02,Active,Silver,30,42.1
RESIDENT_00911,Eat Drink Shop Healthy,Healthier Purchases,2026-03-07,Active,Bronze,30,24.5
RESIDENT_01188,National Steps Challenge,Steps,2026-03-17,Active,Gold,10000,73.0
RESIDENT_01325,Eat Drink Shop Healthy,Healthier Purchases,2026-04-08,Active,Silver,30,44.1
RESIDENT_00569,Eat Drink Shop Healthy,Healthier Purchases,2026-03-29,Active,Participant,30,19.6
RESIDENT_00692,Move It Challenge,MVPA Minutes,2026-03-11,Active,Gold,150,69.9
RESIDENT_00950,Move It Challenge,MVPA Minutes,2026-03-11,Completed,Platinum,150,99.5
RESIDENT_00667,National Steps Challenge,Steps,2026-03-14,Active,Platinum,10000,84.2
RESIDENT_00850,National Steps Challenge,Steps,2026-03-07,Active,Gold,10000,78.2
RESIDENT_01105,National Steps Challenge,Steps,2026-03-10,Active,Gold,10000,72.6
RESIDENT_01343,National Steps Challenge,Steps,2026-03-03,Active,Silver,10000,43.0
RESIDENT_00369,National Steps Challenge,Steps,2026-03-08,Active,Bronze,10000,28.2
RESIDENT_00704,National Steps Challenge,Steps,2026-03-10,Active,Silver,10000,46.4
RESIDENT_01229,National Steps Challenge,Steps,2026-04-01,Active,Participant,10000,14.8
RESIDENT_01375,Eat Drink Shop Healthy,Healthier Purchases,2026-04-08,Active,Gold,30,76.0
RESIDENT_01441,Eat Drink Shop Healthy,Healthier Purchases,2026-03-06,Active,Silver,30,55.5
RESIDENT_01160,Eat Drink Shop Healthy,Healthier Purchases,2026-03-07,Active,Gold,30,64.2
RESIDENT_01210,National Steps Challenge,Steps,2026-03-13,Active,Participant,10000,13.8
RESIDENT_00309,Eat Drink Shop Healthy,Healthier Purchases,2026-03-31,Active,Gold,30,74.5
RESIDENT_00886,Eat Drink Shop Healthy,Healthier Purchases,2026-03-25,Active,Silver,30,41.8
RESIDENT_00669,Eat Drink Shop Healthy,Healthier Purchases,2026-03-11,Active,Silver,30,41.8
RESIDENT_01477,National Steps Challenge,Steps,2026-03-26,Active,Bronze,10000,23.7
RESIDENT_00442,Eat Drink Shop Healthy,Healthier Purchases,2026-04-08,Active,Bronze,30,38.6
RESIDENT_00392,National Steps Challenge,Steps,2026-03-25,Active,Platinum,10000,83.4
RESIDENT_01298,Move It Challenge,MVPA Minutes,2026-03-13,Active,Bronze,150,36.9
RESIDENT_01077,National Steps Challenge,Steps,2026-03-27,Active,Gold,10000,74.8
RESIDENT_00856,Move It Challenge,MVPA Minutes,2026-03-31,Active,Bronze,150,21.2
RESIDENT_01285,National Steps Challenge,Steps,2026-03-12,Active,Gold,10000,65.4
RESIDENT_00505,National Steps Challenge,Steps,2026-04-07,Active,Silver,10000,57.0
RESIDENT_01065,National Steps Challenge,Steps,2026-03-21,Active,Silver,10000,45.7
RESIDENT_00044,Move It Challenge,MVPA Minutes,2026-03-15,Active,Platinum,150,82.7
RESIDENT_01250,National Steps Challenge,Steps,2026-03-22,Active,Bronze,10000,38.9
RESIDENT_01456,Move It Challenge,MVPA Minutes,2026-03-22,Active,Participant,150,16.9
RESIDENT_00227,Move It Challenge,MVPA Minutes,2026-04-05,Active,Silver,150,57.3
RESIDENT_00635,National Steps Challenge,Steps,2026-03-12,Active,Participant,10000,8.8
RESIDENT_00429,Eat Drink Shop Healthy,Healthier Purchases,2026-03-29,Active,Participant,30,7.9
RESIDENT_01175,National Steps Challenge,Steps,2026-03-01,Active,Platinum,10000,87.5
RESIDENT_01267,National Steps Challenge,Steps,2026-03-08,Active,Gold,10000,76.2
RESIDENT_01225,Eat Drink Shop Healthy,Healthier Purchases,2026-03-01,Active,Bronze,30,38.6
RESIDENT_00652,Eat Drink Shop Healthy,Healthier Purchases,2026-03-20,Active,Silver,30,43.2
RESIDENT_00098,Eat Drink Shop Healthy,Healthier Purchases,2026-03-12,Active,Bronze,30,39.4
RESIDENT_00618,Move It Challenge,MVPA Minutes,2026-03-05,Active,Bronze,150,20.2
RESIDENT_00946,Move It Challenge,MVPA Minutes,2026-03-16,Active,Silver,150,42.3
RESIDENT_00196,Move It Challenge,MVPA Minutes,2026-04-04,Active,Silver,150,57.5
RESIDENT_01150,Move It Challenge,MVPA Minutes,2026-03-11,Active,Silver,150,58.0
RESIDENT_00140,Move It Challenge,MVPA Minutes,2026-03-05,Active,Gold,150,70.9
RESIDENT_01063,Eat Drink Shop Healthy,Healthier Purchases,2026-03-23,Active,Gold,30,68.6
RESIDENT_00021,Eat Drink Shop Healthy,Healthier Purchases,2026-03-17,Active,Gold,30,62.3
RESIDENT_00683,Eat Drink Shop Healthy,Healthier Purchases,2026-03-18,Active,Gold,30,75.8
RESIDENT_01380,Move It Challenge,MVPA Minutes,2026-03-16,Active,Platinum,150,91.0
RESIDENT_00978,Eat Drink Shop Healthy,Healthier Purchases,2026-03-02,Active,Gold,30,64.7
RESIDENT_00968,National Steps Challenge,Steps,2026-03-26,Active,Silver,10000,45.2
RESIDENT_00129,National Steps Challenge,Steps,2026-03-18,Active,Participant,10000,12.8
RESIDENT_00463,National Steps Challenge,Steps,2026-03-14,Active,Platinum,10000,96.3
RESIDENT_01109,Eat Drink Shop Healthy,Healthier Purchases,2026-03-31,Active,Silver,30,50.9
RESIDENT_01428,Eat Drink Shop Healthy,Healthier Purchases,2026-03-15,Active,Bronze,30,30.3
RESIDENT_01425,Move It Challenge,MVPA Minutes,2026-04-02,Active,Silver,150,53.3
RESIDENT_00262,National Steps Challenge,Steps,2026-04-06,Active,Gold,10000,79.6
RESIDENT_00694,National Steps Challenge,Steps,2026-03-23,Active,Silver,10000,46.0
RESIDENT_00913,Eat Drink Shop Healthy,Healthier Purchases,2026-03-07,Active,Gold,30,64.8
RESIDENT_00078,Move It Challenge,MVPA Minutes,2026-04-01,Active,Gold,150,77.3
RESIDENT_00731,Move It Challenge,MVPA Minutes,2026-03-10,Active,Silver,150,40.8
RESIDENT_01021,Eat Drink Shop Healthy,Healthier Purchases,2026-03-03,Active,Silver,30,49.2
RESIDENT_01451,National Steps Challenge,Steps,2026-04-03,Active,Silver,10000,40.2
RESIDENT_01465,National Steps Challenge,Steps,2026-03-15,Active,Platinum,10000,89.6
RESIDENT_00504,Eat Drink Shop Healthy,Healthier Purchases,2026-04-06,Active,Gold,30,65.4
RESIDENT_01295,Move It Challenge,MVPA Minutes,2026-03-05,Active,Bronze,150,22.6
RESIDENT_00518,Move It Challenge,MVPA Minutes,2026-04-08,Active,Silver,150,55.6
RESIDENT_00573,National Steps Challenge,Steps,2026-03-09,Active,Gold,10000,70.7
RESIDENT_01075,Eat Drink Shop Healthy,Healthier Purchases,2026-03-22,Active,Gold,30,77.5
RESIDENT_00455,National Steps Challenge,Steps,2026-03-29,Active,Silver,10000,50.5
RESIDENT_00114,National Steps Challenge,Steps,2026-03-23,Active,Bronze,10000,29.5
RESIDENT_00921,Move It Challenge,MVPA Minutes,2026-03-17,Active,Participant,150,0.0
RESIDENT_00890,Eat Drink Shop Healthy,Healthier Purchases,2026-03-15,Active,Participant,30,13.8
RESIDENT_00694,Move It Challenge,MVPA Minutes,2026-03-13,Active,Gold,150,68.4
RESIDENT_00973,National Steps Challenge,Steps,2026-04-09,Active,Gold,10000,61.7
RESIDENT_00381,Move It Challenge,MVPA Minutes,2026-03-23,Active,Gold,150,80.0
RESIDENT_01219,National Steps Challenge,Steps,2026-03-16,Active,Silver,10000,53.6
RESIDENT_01046,National Steps Challenge,Steps,2026-04-09,Active,Silver,10000,41.3
RESIDENT_01308,Eat Drink Shop Healthy,Healthier Purchases,2026-04-06,Active,Platinum,30,87.8
RESIDENT_00126,National Steps Challenge,Steps,2026-03-25,Active,Bronze,10000,28.0
RESIDENT_01330,Move It Challenge,MVPA Minutes,2026-03-16,Active,Participant,150,17.2
RESIDENT_00971,National Steps Challenge,Steps,2026-04-01,Active,Bronze,10000,39.9
RESIDENT_00344,National Steps Challenge,Steps,2026-03-27,Active,Gold,10000,67.2
RESIDENT_00747,Move It Challenge,MVPA Minutes,2026-03-08,Active,Platinum,150,90.7
RESIDENT_00544,National Steps Challenge,Steps,2026-03-24,Active,Platinum,10000,81.0
RESIDENT_01162,National Steps Challenge,Steps,2026-03-25,Active,Participant,10000,15.7
RESIDENT_01141,Eat Drink Shop Healthy,Healthier Purchases,2026-03-17,Active,Platinum,30,94.1
RESIDENT_01386,Eat Drink Shop Healthy,Healthier Purchases,2026-04-09,Active,Silver,30,44.3
RESIDENT_00506,Move It Challenge,MVPA Minutes,2026-03-14,Active,Bronze,150,22.2
RESIDENT_01049,National Steps Challenge,Steps,2026-03-21,Active,Gold,10000,70.5
RESIDENT_00730,Move It Challenge,MVPA Minutes,2026-04-01,Active,Gold,150,76.3
RESIDENT_00338,Eat Drink Shop Healthy,Healthier Purchases,2026-03-08,Active,Gold,30,71.7
RESIDENT_01291,Move It Challenge,MVPA Minutes,2026-03-18,Active,Silver,150,42.7
RESIDENT_00939,Eat Drink Shop Healthy,Healthier Purchases,2026-04-07,Active,Silver,30,58.1
RESIDENT_00998,National Steps Challenge,Steps,2026-03-06,Active,Bronze,10000,27.9
RESIDENT_01366,National Steps Challenge,Steps,2026-03-30,Active,Silver,10000,43.3
RESIDENT_00208,National Steps Challenge,Steps,2026-04-06,Active,Silver,10000,57.2
RESIDENT_01054,National Steps Challenge,Steps,2026-03-09,Active,Silver,10000,48.5
RESIDENT_00762,Eat Drink Shop Healthy,Healthier Purchases,2026-04-07,Active,Participant,30,19.7
RESIDENT_00272,Move It Challenge,MVPA Minutes,2026-03-05,Active,Gold,150,70.4
RESIDENT_00529,Eat Drink Shop Healthy,Healthier Purchases,2026-03-04,Active,Participant,30,11.6
RESIDENT_00522,Move It Challenge,MVPA Minutes,2026-03-24,Active,Gold,150,76.6
RESIDENT_01106,Move It Challenge,MVPA Minutes,2026-03-05,Active,Participant,150,3.2
RESIDENT_00643,Eat Drink Shop Healthy,Healthier Purchases,2026-04-10,Active,Silver,30,48.5
RESIDENT_01276,Eat Drink Shop Healthy,Healthier Purchases,2026-04-03,Active,Gold,30,74.1
RESIDENT_00359,National Steps Challenge,Steps,2026-04-02,Active,Bronze,10000,38.6
RESIDENT_01211,Move It Challenge,MVPA Minutes,2026-03-19,Active,Gold,150,77.2
RESIDENT_01044,Move It Challenge,MVPA Minutes,2026-03-08,Active,Silver,150,53.6
RESIDENT_00617,National Steps Challenge,Steps,2026-04-03,Active,Silver,10000,48.7
RESIDENT_00927,Move It Challenge,MVPA Minutes,2026-04-02,Active,Silver,150,52.7
RESIDENT_00573,Move It Challenge,MVPA Minutes,2026-03-28,Active,Platinum,150,97.1
RESIDENT_00760,Move It Challenge,MVPA Minutes,2026-03-01,Active,Gold,150,78.2
RESIDENT_00891,Eat Drink Shop Healthy,Healthier Purchases,2026-03-15,Active,Participant,30,10.5
RESIDENT_01034,National Steps Challenge,Steps,2026-04-01,Active,Gold,10000,70.6
RESIDENT_00511,National Steps Challenge,Steps,2026-04-06,Active,Silver,10000,46.8
RESIDENT_00929,Move It Challenge,MVPA Minutes,2026-03-13,Active,Platinum,150,86.5
RESIDENT_00868,National Steps Challenge,Steps,2026-03-09,Active,Silver,10000,58.7
RESIDENT_00493,Eat Drink Shop Healthy,Healthier Purchases,2026-04-03,Active,Platinum,30,85.6
RESIDENT_01405,Move It Challenge,MVPA Minutes,2026-03-31,Active,Gold,150,77.8
RESIDENT_00429,National Steps Challenge,Steps,2026-04-02,Active,Participant,10000,16.4
RESIDENT_00406,Eat Drink Shop Healthy,Healthier Purchases,2026-03-03,Active,Platinum,30,82.0
RESIDENT_00116,National Steps Challenge,Steps,2026-04-08,Active,Silver,10000,51.3
RESIDENT_01158,National Steps Challenge,Steps,2026-03-21,Active,Platinum,10000,97.3
RESIDENT_00007,National Steps Challenge,Steps,2026-03-11,Active,Silver,10000,47.5
RESIDENT_00030,Move It Challenge,MVPA Minutes,2026-04-10,Active,Silver,150,40.3
RESIDENT_00724,Eat Drink Shop Healthy,Healthier Purchases,2026-03-06,Active,Gold,30,76.1
RESIDENT_00164,National Steps Challenge,Steps,2026-03-21,Active,Silver,10000,40.6
RESIDENT_00550,National Steps Challenge,Steps,2026-03-13,Active,Bronze,10000,32.1
RESIDENT_00601,National Steps Challenge,Steps,2026-03-03,Active,Platinum,10000,82.1
RESIDENT_00014,Move It Challenge,MVPA Minutes,2026-03-14,Active,Silver,150,46.0
RESIDENT_00346,National Steps Challenge,Steps,2026-04-08,Active,Bronze,10000,39.2
RESIDENT_00135,National Steps Challenge,Steps,2026-03-20,Active,Bronze,10000,39.2
RESIDENT_00548,National Steps Challenge,Steps,2026-03-28,Active,Platinum,10000,94.5
RESIDENT_00793,Move It Challenge,MVPA Minutes,2026-03-24,Active,Platinum,150,85.5
RESIDENT_00073,Eat Drink Shop Healthy,Healthier Purchases,2026-03-02,Active,Platinum,30,95.4
RESIDENT_00444,National Steps Challenge,Steps,2026-03-17,Active,Platinum,10000,84.5
RESIDENT_00235,Eat Drink Shop Healthy,Healthier Purchases,2026-03-23,Active,Participant,30,19.4
RESIDENT_00248,Eat Drink Shop Healthy,Healthier Purchases,2026-03-25,Active,Bronze,30,21.1
RESIDENT_00441,Eat Drink Shop Healthy,Healthier Purchases,2026-03-11,Active,Gold,30,72.8
RESIDENT_00913,Move It Challenge,MVPA Minutes,2026-04-05,Active,Gold,150,78.6
RESIDENT_01321,Move It Challenge,MVPA Minutes,2026-03-06,Active,Bronze,150,31.7
RESIDENT_01345,Move It Challenge,MVPA Minutes,2026-03-24,Active,Bronze,150,39.5
RESIDENT_00893,Move It Challenge,MVPA Minutes,2026-03-20,Active,Gold,150,63.8
RESIDENT_01492,National Steps Challenge,Steps,2026-04-01,Active,Silver,10000,41.2
RESIDENT_00774,National Steps Challenge,Steps,2026-03-24,Active,Platinum,10000,98.1
RESIDENT_01435,Move It Challenge,MVPA Minutes,2026-03-13,Active,Participant,150,4.4
RESIDENT_01449,Move It Challenge,MVPA Minutes,2026-03-03,Active,Bronze,150,33.2
RESIDENT_01320,Eat Drink Shop Healthy,Healthier Purchases,2026-03-25,Active,Platinum,30,82.2
RESIDENT_00082,National Steps Challenge,Steps,2026-03-22,Active,Silver,10000,44.4
RESIDENT_00150,National Steps Challenge,Steps,2026-03-09,Active,Platinum,10000,83.3
RESIDENT_01292,Move It Challenge,MVPA Minutes,2026-03-20,Active,Platinum,150,81.7
RESIDENT_01286,National Steps Challenge,Steps,2026-03-13,Active,Silver,10000,45.0
RESIDENT_01099,National Steps Challenge,Steps,2026-03-09,Active,Participant,10000,14.5
RESIDENT_01050,Move It Challenge,MVPA Minutes,2026-03-15,Active,Gold,150,74.9
RESIDENT_00215,Eat Drink Shop Healthy,Healthier Purchases,2026-03-17,Active,Bronze,30,38.1
RESIDENT_01289,Move It Challenge,MVPA Minutes,2026-03-06,Active,Gold,150,69.7
RESIDENT_00274,Eat Drink Shop Healthy,Healthier Purchases,2026-03-21,Active,Silver,30,45.0
RESIDENT_00796,Eat Drink Shop Healthy,Healthier Purchases,2026-03-13,Active,Participant,30,14.0
RESIDENT_01272,Eat Drink Shop Healthy,Healthier Purchases,2026-03-31,Active,Silver,30,45.1
RESIDENT_00382,Move It Challenge,MVPA Minutes,2026-03-29,Active,Platinum,150,83.7
RESIDENT_00207,National Steps Challenge,Steps,2026-03-27,Active,Silver,10000,43.7
RESIDENT_00324,Eat Drink Shop Healthy,Healthier Purchases,2026-04-10,Active,Bronze,30,29.9
RESIDENT_01286,Move It Challenge,MVPA Minutes,2026-03-18,Active,Gold,150,66.6
RESIDENT_01395,Move It Challenge,MVPA Minutes,2026-03-10,Active,Bronze,150,23.7
RESIDENT_00039,Eat Drink Shop Healthy,Healthier Purchases,2026-03-09,Active,Platinum,30,85.3
RESIDENT_00578,Eat Drink Shop Healthy,Healthier Purchases,2026-03-04,Active,Gold,30,76.6
RESIDENT_01276,National Steps Challenge,Steps,2026-04-07,Active,Gold,10000,73.3
RESIDENT_00104,National Steps Challenge,Steps,2026-04-08,Active,Silver,10000,53.3
RESIDENT_01011,Eat Drink Shop Healthy,Healthier Purchases,2026-04-10,Active,Participant,30,4.7
RESIDENT_00320,Eat Drink Shop Healthy,Healthier Purchases,2026-04-04,Active,Gold,30,76.4
RESIDENT_00443,Eat Drink Shop Healthy,Healthier Purchases,2026-03-29,Active,Gold,30,70.1
RESIDENT_01173,Move It Challenge,MVPA Minutes,2026-03-20,Active,Silver,150,59.4
RESIDENT_00496,National Steps Challenge,Steps,2026-03-09,Active,Participant,10000,7.1
RESIDENT_01365,National Steps Challenge,Steps,2026-03-25,Active,Silver,10000,45.5
RESIDENT_00537,Eat Drink Shop Healthy,Healthier Purchases,2026-04-04,Active,Participant,30,4.8
RESIDENT_00980,Eat Drink Shop Healthy,Healthier Purchases,2026-04-07,Active,Platinum,30,90.9
RESIDENT_01350,National Steps Challenge,Steps,2026-03-13,Active,Platinum,10000,86.0
RESIDENT_00562,Eat Drink Shop Healthy,Healthier Purchases,2026-03-25,Active,Participant,30,2.3
RESIDENT_01336,National Steps Challenge,Steps,2026-03-06,Active,Gold,10000,78.7
RESIDENT_00703,Move It Challenge,MVPA Minutes,2026-04-04,Active,Silver,150,50.9
RESIDENT_00194,Move It Challenge,MVPA Minutes,2026-03-04,Active,Silver,150,51.2
RESIDENT_00055,Eat Drink Shop Healthy,Healthier Purchases,2026-03-10,Active,Participant,30,1.0
RESIDENT_00252,National Steps Challenge,Steps,2026-03-10,Active,Silver,10000,48.1
RESIDENT_00947,Eat Drink Shop Healthy,Healthier Purchases,2026-04-08,Active,Gold,30,68.5
RESIDENT_00228,Eat Drink Shop Healthy,Healthier Purchases,2026-03-19,Active,Gold,30,79.4
RESIDENT_01107,National Steps Challenge,Steps,2026-03-22,Active,Platinum,10000,90.3
RESIDENT_00900,National Steps Challenge,Steps,2026-03-10,Active,Platinum,10000,96.0
RESIDENT_00767,Move It Challenge,MVPA Minutes,2026-03-03,Active,Gold,150,73.2
RESIDENT_01212,Eat Drink Shop Healthy,Healthier Purchases,2026-04-09,Active,Platinum,30,92.2
RESIDENT_01216,Eat Drink Shop Healthy,Healthier Purchases,2026-04-02,Active,Gold,30,76.6
RESIDENT_00148,Eat Drink Shop Healthy,Healthier Purchases,2026-03-26,Active,Bronze,30,30.4
RESIDENT_01387,Eat Drink Shop Healthy,Healthier Purchases,2026-03-15,Active,Platinum,30,80.3
RESIDENT_01125,Eat Drink Shop Healthy,Healthier Purchases,2026-03-13,Active,Participant,30,18.0
RESIDENT_01323,Move It Challenge,MVPA Minutes,2026-03-17,Active,Platinum,150,91.8
RESIDENT_00125,National Steps Challenge,Steps,2026-03-16,Active,Bronze,10000,28.6
RESIDENT_01342,Move It Challenge,MVPA Minutes,2026-03-03,Active,Gold,150,71.7
RESIDENT_00128,Eat Drink Shop Healthy,Healthier Purchases,2026-03-19,Active,Silver,30,40.5
RESIDENT_00888,Eat Drink Shop Healthy,Healthier Purchases,2026-04-03,Active,Bronze,30,22.9
RESIDENT_01449,National Steps Challenge,Steps,2026-03-31,Active,Participant,10000,17.0
RESIDENT_01086,Move It Challenge,MVPA Minutes,2026-04-09,Active,Silver,150,47.8
RESIDENT_00615,Move It Challenge,MVPA Minutes,2026-03-22,Active,Bronze,150,25.0
RESIDENT_00130,Move It Challenge,MVPA Minutes,2026-03-05,Active,Platinum,150,84.6
RESIDENT_01317,Move It Challenge,MVPA Minutes,2026-04-05,Active,Bronze,150,32.9
RESIDENT_00389,Move It Challenge,MVPA Minutes,2026-03-21,Active,Platinum,150,84.5
RESIDENT_00989,National Steps Challenge,Steps,2026-03-04,Active,Silver,10000,42.9
RESIDENT_01489,Eat Drink Shop Healthy,Healthier Purchases,2026-03-21,Active,Silver,30,47.0
RESIDENT_01178,Move It Challenge,MVPA Minutes,2026-03-05,Active,Silver,150,48.5
RESIDENT_00615,National Steps Challenge,Steps,2026-04-08,Active,Participant,10000,15.4
RESIDENT_00785,Move It Challenge,MVPA Minutes,2026-03-11,Active,Participant,150,14.5
RESIDENT_01212,National Steps Challenge,Steps,2026-03-28,Active,Gold,10000,75.2
RESIDENT_00838,National Steps Challenge,Steps,2026-03-08,Active,Platinum,10000,87.4
RESIDENT_00405,Move It Challenge,MVPA Minutes,2026-03-31,Active,Gold,150,78.7
RESIDENT_00403,Eat Drink Shop Healthy,Healthier Purchases,2026-04-02,Active,Participant,30,18.0
RESIDENT_00746,Move It Challenge,MVPA Minutes,2026-03-07,Active,Bronze,150,25.3
RESIDENT_01207,National Steps Challenge,Steps,2026-04-09,Active,Participant,10000,10.8
RESIDENT_00986,National Steps Challenge,Steps,2026-03-18,Active,Silver,10000,47.5
RESIDENT_00587,Move It Challenge,MVPA Minutes,2026-03-24,Active,Silver,150,46.1
RESIDENT_00842,Eat Drink Shop Healthy,Healthier Purchases,2026-04-01,Active,Bronze,30,22.9
RESIDENT_01390,Eat Drink Shop Healthy,Healthier Purchases,2026-03-07,Active,Platinum,30,93.4
RESIDENT_01017,Move It Challenge,MVPA Minutes,2026-04-07,Active,Bronze,150,21.4
RESIDENT_00210,Move It Challenge,MVPA Minutes,2026-03-19,Active,Silver,150,59.4
RESIDENT_00357,Eat Drink Shop Healthy,Healthier Purchases,2026-04-08,Active,Participant,30,9.0
RESIDENT_01149,Eat Drink Shop Healthy,Healthier Purchases,2026-03-29,Completed,Platinum,30,100.0
RESIDENT_01256,Move It Challenge,MVPA Minutes,2026-03-23,Active,Silver,150,58.9
RESIDENT_01237,Eat Drink Shop Healthy,Healthier Purchases,2026-03-25,Active,Bronze,30,31.5
RESIDENT_01170,Eat Drink Shop Healthy,Healthier Purchases,2026-03-09,Active,Bronze,30,38.9
RESIDENT_01301,Eat Drink Shop Healthy,Healthier Purchases,2026-03-26,Active,Participant,30,13.0
RESIDENT_00548,Eat Drink Shop Healthy,Healthier Purchases,2026-03-06,Active,Gold,30,71.5
RESIDENT_00668,Eat Drink Shop Healthy,Healthier Purchases,2026-03-09,Active,Silver,30,50.6
RESIDENT_01224,National Steps Challenge,Steps,2026-03-01,Active,Gold,10000,65.8
RESIDENT_00768,National Steps Challenge,Steps,2026-03-08,Active,Silver,10000,58.9
RESIDENT_01182,Eat Drink Shop Healthy,Healthier Purchases,2026-03-29,Active,Gold,30,65.4
RESIDENT_00819,Eat Drink Shop Healthy,Healthier Purchases,2026-03-10,Active,Gold,30,72.8
RESIDENT_00608,National Steps Challenge,Steps,2026-03-04,Active,Bronze,10000,25.2
RESIDENT_01190,National Steps Challenge,Steps,2026-03-31,Active,Platinum,10000,80.3
RESIDENT_00766,Move It Challenge,MVPA Minutes,2026-03-18,Active,Participant,150,11.3
RESIDENT_00731,Eat Drink Shop Healthy,Healthier Purchases,2026-03-10,Active,Participant,30,19.9
RESIDENT_00987,Move It Challenge,MVPA Minutes,2026-04-03,Completed,Platinum,150,99.4
RESIDENT_00985,Move It Challenge,MVPA Minutes,2026-03-16,Active,Bronze,150,35.5
RESIDENT_01363,National Steps Challenge,Steps,2026-03-14,Active,Platinum,10000,96.9
RESIDENT_00542,Eat Drink Shop Healthy,Healthier Purchases,2026-03-31,Active,Silver,30,44.1
RESIDENT_00053,Eat Drink Shop Healthy,Healthier Purchases,2026-03-26,Active,Participant,30,10.8
RESIDENT_00959,Move It Challenge,MVPA Minutes,2026-03-04,Active,Gold,150,77.0
RESIDENT_00680,Move It Challenge,MVPA Minutes,2026-03-07,Active,Silver,150,40.9
RESIDENT_00137,Eat Drink Shop Healthy,Healthier Purchases,2026-04-05,Active,Silver,30,40.1
RESIDENT_00053,National Steps Challenge,Steps,2026-04-07,Active,Bronze,10000,20.2
RESIDENT_00433,Eat Drink Shop Healthy,Healthier Purchases,2026-03-24,Active,Platinum,30,96.9
RESIDENT_01352,Move It Challenge,MVPA Minutes,2026-03-03,Active,Participant,150,19.5
RESIDENT_00714,Move It Challenge,MVPA Minutes,2026-04-02,Active,Gold,150,67.7
RESIDENT_01254,Move It Challenge,MVPA Minutes,2026-03-28,Active,Platinum,150,98.4
RESIDENT_01003,Move It Challenge,MVPA Minutes,2026-03-19,Active,Gold,150,65.1
RESIDENT_00337,National Steps Challenge,Steps,2026-04-08,Active,Silver,10000,41.6
RESIDENT_00940,National Steps Challenge,Steps,2026-03-28,Active,Gold,10000,70.6
RESIDENT_00116,Move It Challenge,MVPA Minutes,2026-03-30,Active,Silver,150,59.5
RESIDENT_00604,Eat Drink Shop Healthy,Healthier Purchases,2026-03-27,Active,Silver,30,50.7
RESIDENT_00634,Move It Challenge,MVPA Minutes,2026-03-20,Active,Platinum,150,84.7
RESIDENT_01232,National Steps Challenge,Steps,2026-03-08,Active,Participant,10000,14.3
RESIDENT_01136,Move It Challenge,MVPA Minutes,2026-03-28,Active,Silver,150,50.9
RESIDENT_01318,National Steps Challenge,Steps,2026-03-01,Active,Platinum,10000,96.4
RESIDENT_01462,Eat Drink Shop Healthy,Healthier Purchases,2026-03-02,Active,Platinum,30,81.0
RESIDENT_00741,Move It Challenge,MVPA Minutes,2026-03-18,Active,Platinum,150,84.0
RESIDENT_00901,Move It Challenge,MVPA Minutes,2026-03-31,Active,Bronze,150,26.5
RESIDENT_00577,Move It Challenge,MVPA Minutes,2026-03-06,Active,Platinum,150,98.2
RESIDENT_00621,National Steps Challenge,Steps,2026-03-12,Active,Bronze,10000,34.2
RESIDENT_01374,Move It Challenge,MVPA Minutes,2026-04-07,Active,Bronze,150,27.3
RESIDENT_00002,Eat Drink Shop Healthy,Healthier Purchases,2026-03-14,Active,Silver,30,59.0
RESIDENT_00773,Eat Drink Shop Healthy,Healthier Purchases,2026-03-23,Active,Silver,30,43.1
RESIDENT_01187,National Steps Challenge,Steps,2026-03-07,Active,Silver,10000,58.7
RESIDENT_01316,National Steps Challenge,Steps,2026-04-10,Active,Silver,10000,44.0
RESIDENT_00285,Move It Challenge,MVPA Minutes,2026-03-21,Active,Gold,150,72.4
RESIDENT_00619,Eat Drink Shop Healthy,Healthier Purchases,2026-04-03,Active,Platinum,30,95.8
RESIDENT_01472,National Steps Challenge,Steps,2026-03-18,Active,Participant,10000,18.9
RESIDENT_01143,Move It Challenge,MVPA Minutes,2026-03-18,Active,Bronze,150,20.0
RESIDENT_00695,Eat Drink Shop Healthy,Healthier Purchases,2026-03-23,Active,Gold,30,71.8
RESIDENT_00327,Move It Challenge,MVPA Minutes,2026-03-29,Active,Gold,150,64.4
RESIDENT_00515,National Steps Challenge,Steps,2026-03-03,Active,Bronze,10000,27.3
RESIDENT_00588,Eat Drink Shop Healthy,Healthier Purchases,2026-03-07,Active,Silver,30,47.7
RESIDENT_00668,National Steps Challenge,Steps,2026-04-06,Active,Silver,10000,52.7
RESIDENT_01435,National Steps Challenge,Steps,2026-03-24,Active,Participant,10000,15.3
RESIDENT_00384,National Steps Challenge,Steps,2026-04-08,Active,Silver,10000,42.7
RESIDENT_00598,National Steps Challenge,Steps,2026-03-12,Active,Silver,10000,44.4
RESIDENT_00813,Move It Challenge,MVPA Minutes,2026-03-10,Active,Silver,150,47.0
RESIDENT_01072,Eat Drink Shop Healthy,Healthier Purchases,2026-04-05,Active,Bronze,30,35.0
RESIDENT_00750,Move It Challenge,MVPA Minutes,2026-04-09,Completed,Platinum,150,99.1
RESIDENT_01364,National Steps Challenge,Steps,2026-03-29,Active,Participant,10000,17.9
RESIDENT_01473,National Steps Challenge,Steps,2026-03-17,Active,Gold,10000,64.9
RESIDENT_01421,National Steps Challenge,Steps,2026-03-08,Active,Bronze,10000,20.1
RESIDENT_00995,Eat Drink Shop Healthy,Healthier Purchases,2026-04-01,Active,Bronze,30,22.7
RESIDENT_00692,Eat Drink Shop Healthy,Healthier Purchases,2026-03-18,Active,Gold,30,65.4
RESIDENT_00779,Eat Drink Shop Healthy,Healthier Purchases,2026-03-21,Active,Bronze,30,27.2
RESIDENT_00180,Move It Challenge,MVPA Minutes,2026-03-18,Active,Gold,150,74.6
RESIDENT_01247,Move It Challenge,MVPA Minutes,2026-04-03,Active,Silver,150,41.2
RESIDENT_00327,Eat Drink Shop Healthy,Healthier Purchases,2026-03-20,Active,Gold,30,67.5
RESIDENT_00713,Move It Challenge,MVPA Minutes,2026-03-13,Active,Platinum,150,81.4
RESIDENT_01069,Eat Drink Shop Healthy,Healthier Purchases,2026-03-20,Active,Platinum,30,86.6
RESIDENT_00606,Move It Challenge,MVPA Minutes,2026-04-07,Active,Silver,150,48.5
RESIDENT_00887,Eat Drink Shop Healthy,Healthier Purchases,2026-03-19,Active,Gold,30,70.1
RESIDENT_00181,National Steps Challenge,Steps,2026-04-09,Active,Silver,10000,54.1
RESIDENT_01262,National Steps Challenge,Steps,2026-03-26,Completed,Platinum,10000,99.6
RESIDENT_00020,National Steps Challenge,Steps,2026-03-05,Active,Gold,10000,67.5
RESIDENT_00680,Eat Drink Shop Healthy,Healthier Purchases,2026-03-03,Active,Bronze,30,25.9
RESIDENT_01248,National Steps Challenge,Steps,2026-03-22,Active,Gold,10000,74.9
RESIDENT_00184,Eat Drink Shop Healthy,Healthier Purchases,2026-03-20,Active,Bronze,30,26.8
RESIDENT_01218,Move It Challenge,MVPA Minutes,2026-03-15,Active,Bronze,150,35.5
RESIDENT_00897,Eat Drink Shop Healthy,Healthier Purchases,2026-03-28,Active,Participant,30,11.0
RESIDENT_01310,National Steps Challenge,Steps,2026-03-14,Active,Silver,10000,55.3
RESIDENT_01049,Eat Drink Shop Healthy,Healthier Purchases,2026-03-20,Active,Gold,30,70.7
RESIDENT_00725,Eat Drink Shop Healthy,Healthier Purchases,2026-03-19,Active,Participant,30,16.3
RESIDENT_00560,Eat Drink Shop Healthy,Healthier Purchases,2026-03-13,Active,Silver,30,46.7
RESIDENT_01459,Eat Drink Shop Healthy,Healthier Purchases,2026-04-08,Active,Silver,30,50.4
RESIDENT_01033,Move It Challenge,MVPA Minutes,2026-03-08,Active,Gold,150,73.4
RESIDENT_00496,Eat Drink Shop Healthy,Healthier Purchases,2026-03-31,Active,Participant,30,1.6
RESIDENT_01483,Eat Drink Shop Healthy,Healthier Purchases,2026-04-03,Active,Gold,30,77.4
RESIDENT_00851,National Steps Challenge,Steps,2026-03-17,Active,Silver,10000,51.3
RESIDENT_00153,Eat Drink Shop Healthy,Healthier Purchases,2026-04-03,Active,Participant,30,5.0
RESIDENT_00651,National Steps Challenge,Steps,2026-03-25,Active,Participant,10000,1.9
RESIDENT_01103,National Steps Challenge,Steps,2026-03-01,Active,Participant,10000,4.9
RESIDENT_00486,National Steps Challenge,Steps,2026-03-30,Active,Platinum,10000,90.2
RESIDENT_00875,National Steps Challenge,Steps,2026-03-12,Active,Gold,10000,76.3
RESIDENT_01303,Eat Drink Shop Healthy,Healthier Purchases,2026-03-18,Active,Gold,30,76.5
RESIDENT_00217,National Steps Challenge,Steps,2026-03-30,Active,Participant,10000,1.9
RESIDENT_00878,Eat Drink Shop Healthy,Healthier Purchases,2026-03-13,Active,Silver,30,47.7
RESIDENT_00424,Move It Challenge,MVPA Minutes,2026-03-19,Completed,Platinum,150,99.4
RESIDENT_00129,Move It Challenge,MVPA Minutes,2026-03-04,Active,Bronze,150,24.1
RESIDENT_00567,Move It Challenge,MVPA Minutes,2026-03-14,Active,Platinum,150,84.5
RESIDENT_01222,Move It Challenge,MVPA Minutes,2026-03-24,Active,Bronze,150,36.6
RESIDENT_00684,Move It Challenge,MVPA Minutes,2026-04-08,Active,Silver,150,56.3
RESIDENT_00742,National Steps Challenge,Steps,2026-03-10,Active,Participant,10000,19.1
RESIDENT_00197,Eat Drink Shop Healthy,Healthier Purchases,2026-04-07,Active,Gold,30,78.2
RESIDENT_00163,National Steps Challenge,Steps,2026-03-18,Active,Platinum,10000,89.4
RESIDENT_00575,Move It Challenge,MVPA Minutes,2026-03-31,Active,Bronze,150,35.3
RESIDENT_00371,Move It Challenge,MVPA Minutes,2026-04-08,Active,Gold,150,73.9
RESIDENT_01124,National Steps Challenge,Steps,2026-03-17,Active,Silver,10000,53.7
RESIDENT_00140,National Steps Challenge,Steps,2026-03-03,Active,Silver,10000,53.2
RESIDENT_00928,National Steps Challenge,Steps,2026-03-11,Active,Silver,10000,51.3
RESIDENT_00721,Eat Drink Shop Healthy,Healthier Purchases,2026-03-25,Active,Participant,30,12.9
RESIDENT_00634,Eat Drink Shop Healthy,Healthier Purchases,2026-03-06,Active,Gold,30,79.7
RESIDENT_01484,Move It Challenge,MVPA Minutes,2026-03-17,Active,Participant,150,16.7
RESIDENT_01246,Move It Challenge,MVPA Minutes,2026-04-10,Active,Platinum,150,85.0
RESIDENT_01048,National Steps Challenge,Steps,2026-04-07,Active,Gold,10000,72.3
RESIDENT_01441,National Steps Challenge,Steps,2026-03-24,Active,Silver,10000,49.9
RESIDENT_00209,Move It Challenge,MVPA Minutes,2026-04-03,Active,Silver,150,54.5
RESIDENT_01268,Eat Drink Shop Healthy,Healthier Purchases,2026-03-19,Active,Gold,30,74.2
RESIDENT_01091,Move It Challenge,MVPA Minutes,2026-03-12,Active,Silver,150,43.3
RESIDENT_00756,Move It Challenge,MVPA Minutes,2026-03-14,Active,Platinum,150,95.9
RESIDENT_01280,National Steps Challenge,Steps,2026-03-10,Active,Bronze,10000,23.4
RESIDENT_01119,Move It Challenge,MVPA Minutes,2026-03-15,Active,Gold,150,78.4
RESIDENT_00877,National Steps Challenge,Steps,2026-04-01,Active,Platinum,10000,80.3
RESIDENT_00398,Eat Drink Shop Healthy,Healthier Purchases,2026-03-13,Active,Platinum,30,93.2
RESIDENT_00367,National Steps Challenge,Steps,2026-03-11,Active,Gold,10000,77.6
RESIDENT_01158,Eat Drink Shop Healthy,Healthier Purchases,2026-03-26,Active,Platinum,30,94.0
RESIDENT_01201,Move It Challenge,MVPA Minutes,2026-03-21,Active,Participant,150,15.9
RESIDENT_01176,National Steps Challenge,Steps,2026-03-17,Active,Silver,10000,57.4
RESIDENT_00860,Eat Drink Shop Healthy,Healthier Purchases,2026-03-01,Active,Bronze,30,25.0
RESIDENT_00499,Move It Challenge,MVPA Minutes,2026-04-10,Active,Gold,150,79.4
RESIDENT_00761,Eat Drink Shop Healthy,Healthier Purchases,2026-03-30,Active,Gold,30,75.4
RESIDENT_00293,National Steps Challenge,Steps,2026-03-22,Active,Silver,10000,51.6
RESIDENT_00717,Eat Drink Shop Healthy,Healthier Purchases,2026-03-12,Active,Platinum,30,91.7
RESIDENT_00991,Move It Challenge,MVPA Minutes,2026-03-09,Active,Silver,150,55.9
RESIDENT_00772,Move It Challenge,MVPA Minutes,2026-03-04,Active,Participant,150,9.3
RESIDENT_00845,Move It Challenge,MVPA Minutes,2026-03-28,Active,Gold,150,74.1
RESIDENT_01293,Eat Drink Shop Healthy,Healthier Purchases,2026-04-08,Active,Gold,30,78.4
RESIDENT_00699,National Steps Challenge,Steps,2026-03-13,Active,Platinum,10000,96.6
RESIDENT_00317,Eat Drink Shop Healthy,Healthier Purchases,2026-04-03,Active,Bronze,30,27.5
RESIDENT_00827,Move It Challenge,MVPA Minutes,2026-04-06,Active,Gold,150,67.8
RESIDENT_00610,National Steps Challenge,Steps,2026-03-26,Active,Bronze,10000,36.4
RESIDENT_01094,National Steps Challenge,Steps,2026-03-15,Active,Platinum,10000,82.7
RESIDENT_00488,Move It Challenge,MVPA Minutes,2026-03-13,Active,Silver,150,47.8
RESIDENT_01104,Eat Drink Shop Healthy,Healthier Purchases,2026-04-07,Active,Bronze,30,25.1
RESIDENT_00843,Move It Challenge,MVPA Minutes,2026-04-03,Active,Participant,150,2.4
RESIDENT_00802,Move It Challenge,MVPA Minutes,2026-03-08,Active,Platinum,150,91.0
RESIDENT_00701,National Steps Challenge,Steps,2026-03-07,Active,Participant,10000,9.5
RESIDENT_00691,Eat Drink Shop Healthy,Healthier Purchases,2026-03-03,Active,Participant,30,13.7
RESIDENT_00366,Eat Drink Shop Healthy,Healthier Purchases,2026-03-24,Active,Gold,30,70.4
RESIDENT_00330,Move It Challenge,MVPA Minutes,2026-04-04,Active,Platinum,150,97.0
RESIDENT_01145,National Steps Challenge,Steps,2026-03-13,Active,Bronze,10000,28.5
RESIDENT_00477,Eat Drink Shop Healthy,Healthier Purchases,2026-03-14,Active,Silver,30,51.4
RESIDENT_01217,National Steps Challenge,Steps,2026-03-15,Active,Silver,10000,45.3
RESIDENT_01481,Eat Drink Shop Healthy,Healthier Purchases,2026-03-11,Active,Silver,30,44.3
RESIDENT_00881,Move It Challenge,MVPA Minutes,2026-03-22,Active,Silver,150,43.4
RESIDENT_01437,Move It Challenge,MVPA Minutes,2026-04-09,Active,Platinum,150,84.1
RESIDENT_00076,National Steps Challenge,Steps,2026-03-03,Active,Platinum,10000,81.2
RESIDENT_00305,National Steps Challenge,Steps,2026-03-21,Active,Platinum,10000,84.1
RESIDENT_00324,National Steps Challenge,Steps,2026-03-07,Active,Participant,10000,18.7
RESIDENT_00205,Eat Drink Shop Healthy,Healthier Purchases,2026-03-17,Active,Gold,30,71.4
RESIDENT_00179,Move It Challenge,MVPA Minutes,2026-04-04,Active,Silver,150,48.8
RESIDENT_00030,National Steps Challenge,Steps,2026-03-19,Active,Silver,10000,47.8
RESIDENT_00212,National Steps Challenge,Steps,2026-03-16,Active,Gold,10000,72.2
RESIDENT_01168,Move It Challenge,MVPA Minutes,2026-03-26,Active,Bronze,150,35.4
RESIDENT_00120,Eat Drink Shop Healthy,Healthier Purchases,2026-03-03,Active,Bronze,30,20.5
RESIDENT_00481,Eat Drink Shop Healthy,Healthier Purchases,2026-04-05,Active,Participant,30,3.9
RESIDENT_00596,Eat Drink Shop Healthy,Healthier Purchases,2026-03-05,Active,Bronze,30,21.5
RESIDENT_01138,Eat Drink Shop Healthy,Healthier Purchases,2026-04-03,Active,Participant,30,18.9
RESIDENT_00754,National Steps Challenge,Steps,2026-04-07,Active,Gold,10000,75.9
RESIDENT_01497,National Steps Challenge,Steps,2026-03-18,Active,Gold,10000,78.6
RESIDENT_00199,Eat Drink Shop Healthy,Healthier Purchases,2026-04-10,Active,Platinum,30,83.9
RESIDENT_00076,Eat Drink Shop Healthy,Healthier Purchases,2026-03-24,Active,Gold,30,77.5
RESIDENT_00585,Eat Drink Shop Healthy,Healthier Purchases,2026-03-05,Active,Bronze,30,39.8
RESIDENT_00855,Move It Challenge,MVPA Minutes,2026-03-13,Active,Bronze,150,23.7
RESIDENT_00291,Eat Drink Shop Healthy,Healthier Purchases,2026-03-30,Active,Gold,30,79.8
RESIDENT_00415,Move It Challenge,MVPA Minutes,2026-03-31,Active,Gold,150,63.8
RESIDENT_00507,Eat Drink Shop Healthy,Healthier Purchases,2026-03-23,Active,Bronze,30,35.5
RESIDENT_01078,Eat Drink Shop Healthy,Healthier Purchases,2026-03-06,Active,Gold,30,64.3
RESIDENT_01356,Move It Challenge,MVPA Minutes,2026-03-21,Active,Silver,150,42.2
RESIDENT_01239,National Steps Challenge,Steps,2026-03-16,Active,Participant,10000,19.2
RESIDENT_00444,Eat Drink Shop Healthy,Healthier Purchases,2026-03-15,Active,Platinum,30,95.4
RESIDENT_00329,National Steps Challenge,Steps,2026-03-20,Active,Gold,10000,79.1
RESIDENT_00408,National Steps Challenge,Steps,2026-03-19,Active,Gold,10000,71.0
RESIDENT_00257,Eat Drink Shop Healthy,Healthier Purchases,2026-04-05,Active,Platinum,30,86.7
RESIDENT_01139,Move It Challenge,MVPA Minutes,2026-03-26,Active,Gold,150,75.4
RESIDENT_00379,Eat Drink Shop Healthy,Healthier Purchases,2026-03-29,Active,Gold,30,73.4
RESIDENT_01126,Move It Challenge,MVPA Minutes,2026-03-02,Active,Gold,150,78.7
RESIDENT_00862,Move It Challenge,MVPA Minutes,2026-03-05,Active,Bronze,150,32.6
RESIDENT_00268,National Steps Challenge,Steps,2026-03-10,Active,Participant,10000,15.4
RESIDENT_01200,National Steps Challenge,Steps,2026-03-24,Active,Participant,10000,13.6
RESIDENT_00192,Eat Drink Shop Healthy,Healthier Purchases,2026-03-12,Active,Participant,30,3.5
RESIDENT_00389,National Steps Challenge,Steps,2026-03-26,Active,Platinum,10000,80.3
RESIDENT_00228,Move It Challenge,MVPA Minutes,2026-04-02,Active,Gold,150,73.0
RESIDENT_01226,National Steps Challenge,Steps,2026-04-10,Active,Participant,10000,17.3
RESIDENT_00616,Eat Drink Shop Healthy,Healthier Purchases,2026-03-03,Active,Platinum,30,86.2
RESIDENT_01040,National Steps Challenge,Steps,2026-03-08,Active,Gold,10000,76.5
RESIDENT_00864,National Steps Challenge,Steps,2026-03-20,Active,Bronze,10000,28.3
RESIDENT_00736,National Steps Challenge,Steps,2026-03-18,Active,Gold,10000,60.3
RESIDENT_00680,National Steps Challenge,Steps,2026-04-05,Active,Bronze,10000,20.9
RESIDENT_00647,Move It Challenge,MVPA Minutes,2026-04-02,Active,Silver,150,49.9
RESIDENT_00164,Eat Drink Shop Healthy,Healthier Purchases,2026-03-15,Active,Bronze,30,25.1
RESIDENT_00710,Move It Challenge,MVPA Minutes,2026-03-25,Active,Silver,150,47.2
RESIDENT_01370,Move It Challenge,MVPA Minutes,2026-03-20,Active,Bronze,150,29.6
RESIDENT_00034,Move It Challenge,MVPA Minutes,2026-04-09,Active,Bronze,150,27.1
RESIDENT_00773,Move It Challenge,MVPA Minutes,2026-04-05,Active,Silver,150,42.0
RESIDENT_01479,Eat Drink Shop Healthy,Healthier Purchases,2026-04-07,Active,Silver,30,45.4
RESIDENT_00126,Eat Drink Shop Healthy,Healthier Purchases,2026-04-04,Active,Bronze,30,20.4
RESIDENT_01033,Eat Drink Shop Healthy,Healthier Purchases,2026-03-11,Active,Gold,30,79.2
RESIDENT_00581,National Steps Challenge,Steps,2026-03-29,Active,Participant,10000,18.8
RESIDENT_01297,Eat Drink Shop Healthy,Healthier Purchases,2026-04-09,Active,Silver,30,46.8
RESIDENT_01056,Eat Drink Shop Healthy,Healthier Purchases,2026-03-25,Active,Silver,30,51.0
RESIDENT_00807,Eat Drink Shop Healthy,Healthier Purchases,2026-03-19,Active,Participant,30,15.2
RESIDENT_00546,Move It Challenge,MVPA Minutes,2026-04-08,Active,Platinum,150,93.9
RESIDENT_00501,Eat Drink Shop Healthy,Healthier Purchases,2026-03-28,Active,Bronze,30,21.7
RESIDENT_00607,Move It Challenge,MVPA Minutes,2026-03-25,Active,Gold,150,60.1
RESIDENT_00112,Move It Challenge,MVPA Minutes,2026-03-21,Active,Bronze,150,21.5
RESIDENT_01493,National Steps Challenge,Steps,2026-04-07,Active,Platinum,10000,83.6
RESIDENT_01399,Eat Drink Shop Healthy,Healthier Purchases,2026-04-06,Active,Participant,30,19.4
RESIDENT_00504,Move It Challenge,MVPA Minutes,2026-03-22,Active,Gold,150,69.5
RESIDENT_00244,Eat Drink Shop Healthy,Healthier Purchases,2026-03-12,Active,Participant,30,19.1
RESIDENT_00705,Eat Drink Shop Healthy,Healthier Purchases,2026-03-05,Active,Silver,30,42.6
RESIDENT_00652,Move It Challenge,MVPA Minutes,2026-03-03,Active,Platinum,150,84.4
RESIDENT_00524,Eat Drink Shop Healthy,Healthier Purchases,2026-03-22,Active,Gold,30,73.5
RESIDENT_01317,Eat Drink Shop Healthy,Healthier Purchases,2026-03-13,Active,Bronze,30,29.0
RESIDENT_00571,Eat Drink Shop Healthy,Healthier Purchases,2026-03-20,Active,Bronze,30,24.9
RESIDENT_01065,Eat Drink Shop Healthy,Healthier Purchases,2026-03-22,Active,Bronze,30,34.7
RESIDENT_00089,National Steps Challenge,Steps,2026-03-01,Active,Silver,10000,52.5
RESIDENT_00488,National Steps Challenge,Steps,2026-03-21,Active,Participant,10000,19.0
RESIDENT_00505,Move It Challenge,MVPA Minutes,2026-03-05,Active,Silver,150,57.6
RESIDENT_00671,Move It Challenge,MVPA Minutes,2026-03-24,Active,Bronze,150,25.6
RESIDENT_00629,National Steps Challenge,Steps,2026-03-11,Active,Bronze,10000,27.5
RESIDENT_00623,National Steps Challenge,Steps,2026-04-01,Active,Participant,10000,1.7
RESIDENT_00647,Eat Drink Shop Healthy,Healthier Purchases,2026-03-06,Active,Bronze,30,25.8
RESIDENT_01400,National Steps Challenge,Steps,2026-03-10,Active,Bronze,10000,35.6
RESIDENT_00930,National Steps Challenge,Steps,2026-03-10,Active,Bronze,10000,35.7
RESIDENT_00034,National Steps Challenge,Steps,2026-03-12,Active,Bronze,10000,27.5
RESIDENT_00555,National Steps Challenge,Steps,2026-04-09,Active,Gold,10000,62.1
RESIDENT_00808,Move It Challenge,MVPA Minutes,2026-03-08,Active,Gold,150,79.5
RESIDENT_00484,Eat Drink Shop Healthy,Healthier Purchases,2026-03-09,Active,Participant,30,16.8
RESIDENT_00410,National Steps Challenge,Steps,2026-03-09,Active,Silver,10000,41.1
RESIDENT_01031,Eat Drink Shop Healthy,Healthier Purchases,2026-03-26,Active,Bronze,30,25.0
RESIDENT_00198,National Steps Challenge,Steps,2026-03-20,Active,Bronze,10000,22.2
RESIDENT_01291,Eat Drink Shop Healthy,Healthier Purchases,2026-04-01,Active,Bronze,30,34.7
RESIDENT_01372,Move It Challenge,MVPA Minutes,2026-03-10,Active,Gold,150,73.1
RESIDENT_00279,Move It Challenge,MVPA Minutes,2026-03-07,Completed,Platinum,150,100.0
RESIDENT_01211,Eat Drink Shop Healthy,Healthier Purchases,2026-03-06,Active,Platinum,30,82.9
RESIDENT_01228,Move It Challenge,MVPA Minutes,2026-03-08,Active,Silver,150,42.2
RESIDENT_00435,Move It Challenge,MVPA Minutes,2026-03-25,Active,Bronze,150,36.4
RESIDENT_00020,Move It Challenge,MVPA Minutes,2026-03-06,Active,Silver,150,47.5
RESIDENT_00313,National Steps Challenge,Steps,2026-04-08,Active,Bronze,10000,21.7
RESIDENT_00869,National Steps Challenge,Steps,2026-04-09,Active,Gold,10000,79.1
RESIDENT_00416,National Steps Challenge,Steps,2026-03-22,Active,Silver,10000,48.0
RESIDENT_00008,Move It Challenge,MVPA Minutes,2026-03-22,Active,Gold,150,62.5
RESIDENT_00823,Move It Challenge,MVPA Minutes,2026-03-25,Active,Silver,150,45.4
RESIDENT_00023,Move It Challenge,MVPA Minutes,2026-04-02,Active,Gold,150,66.6
RESIDENT_00837,National Steps Challenge,Steps,2026-03-04,Active,Gold,10000,72.0
RESIDENT_00591,Eat Drink Shop Healthy,Healthier Purchases,2026-03-12,Active,Platinum,30,96.8
RESIDENT_00499,Eat Drink Shop Healthy,Healthier Purchases,2026-03-26,Active,Gold,30,71.4
RESIDENT_00672,Move It Challenge,MVPA Minutes,2026-03-28,Active,Bronze,150,27.2
RESIDENT_00751,Eat Drink Shop Healthy,Healthier Purchases,2026-04-02,Active,Silver,30,43.6
RESIDENT_00848,Move It Challenge,MVPA Minutes,2026-04-04,Active,Gold,150,63.5
RESIDENT_00949,Eat Drink Shop Healthy,Healthier Purchases,2026-03-31,Active,Platinum,30,82.5
RESIDENT_00632,Move It Challenge,MVPA Minutes,2026-03-22,Active,Silver,150,42.9
RESIDENT_00500,Eat Drink Shop Healthy,Healthier Purchases,2026-03-30,Active,Platinum,30,84.3
RESIDENT_00265,Move It Challenge,MVPA Minutes,2026-04-01,Active,Gold,150,79.1
RESIDENT_01005,National Steps Challenge,Steps,2026-03-28,Active,Bronze,10000,24.3
RESIDENT_00079,National Steps Challenge,Steps,2026-04-06,Active,Gold,10000,77.3
RESIDENT_00981,National Steps Challenge,Steps,2026-03-13,Active,Bronze,10000,33.4
RESIDENT_00725,National Steps Challenge,Steps,2026-03-16,Active,Bronze,10000,27.7
RESIDENT_00446,Move It Challenge,MVPA Minutes,2026-04-06,Active,Platinum,150,89.4
RESIDENT_00537,Move It Challenge,MVPA Minutes,2026-04-10,Active,Participant,150,18.5
RESIDENT_00347,National Steps Challenge,Steps,2026-03-15,Active,Bronze,10000,23.0
RESIDENT_00096,Move It Challenge,MVPA Minutes,2026-03-14,Active,Bronze,150,22.6
RESIDENT_00353,Eat Drink Shop Healthy,Healthier Purchases,2026-04-01,Active,Bronze,30,28.5
RESIDENT_01260,National Steps Challenge,Steps,2026-03-26,Active,Platinum,10000,80.1
RESIDENT_00503,National Steps Challenge,Steps,2026-03-10,Active,Platinum,10000,80.4
RESIDENT_01081,Move It Challenge,MVPA Minutes,2026-03-15,Active,Bronze,150,22.5
RESIDENT_01442,National Steps Challenge,Steps,2026-04-03,Active,Platinum,10000,90.9
RESIDENT_00291,Move It Challenge,MVPA Minutes,2026-03-05,Active,Gold,150,73.9
RESIDENT_01074,Eat Drink Shop Healthy,Healthier Purchases,2026-03-14,Active,Platinum,30,90.4
RESIDENT_00185,Eat Drink Shop Healthy,Healthier Purchases,2026-03-13,Active,Gold,30,68.0
RESIDENT_01407,National Steps Challenge,Steps,2026-03-11,Active,Silver,10000,45.8
RESIDENT_01350,Eat Drink Shop Healthy,Healthier Purchases,2026-03-26,Completed,Platinum,30,99.2
RESIDENT_01035,Move It Challenge,MVPA Minutes,2026-03-03,Active,Gold,150,66.2
RESIDENT_00824,National Steps Challenge,Steps,2026-03-27,Active,Bronze,10000,36.1
RESIDENT_01375,Move It Challenge,MVPA Minutes,2026-03-31,Active,Gold,150,75.8
RESIDENT_00885,Eat Drink Shop Healthy,Healthier Purchases,2026-03-22,Active,Gold,30,76.0
RESIDENT_00049,Eat Drink Shop Healthy,Healthier Purchases,2026-03-27,Active,Platinum,30,98.8
RESIDENT_00704,Eat Drink Shop Healthy,Healthier Purchases,2026-03-05,Active,Silver,30,43.0
RESIDENT_00041,Eat Drink Shop Healthy,Healthier Purchases,2026-03-02,Active,Silver,30,42.4
RESIDENT_01095,National Steps Challenge,Steps,2026-03-14,Active,Platinum,10000,91.1
RESIDENT_00056,Eat Drink Shop Healthy,Healthier Purchases,2026-04-05,Active,Gold,30,79.7
RESIDENT_00929,National Steps Challenge,Steps,2026-03-14,Active,Gold,10000,72.2
RESIDENT_00510,Eat Drink Shop Healthy,Healthier Purchases,2026-03-03,Active,Gold,30,72.1
RESIDENT_01490,Eat Drink Shop Healthy,Healthier Purchases,2026-04-02,Active,Participant,30,12.4
RESIDENT_00399,National Steps Challenge,Steps,2026-03-30,Active,Participant,10000,8.7
RESIDENT_00802,Eat Drink Shop Healthy,Healthier Purchases,2026-03-06,Active,Platinum,30,91.0
RESIDENT_00654,Move It Challenge,MVPA Minutes,2026-04-02,Active,Gold,150,67.0
RESIDENT_00678,Move It Challenge,MVPA Minutes,2026-03-13,Active,Platinum,150,85.1
RESIDENT_00862,National Steps Challenge,Steps,2026-03-30,Active,Silver,10000,41.3
RESIDENT_00586,Move It Challenge,MVPA Minutes,2026-03-21,Active,Gold,150,75.7
RESIDENT_00539,National Steps Challenge,Steps,2026-03-09,Active,Gold,10000,76.6
RESIDENT_00189,Move It Challenge,MVPA Minutes,2026-03-04,Active,Platinum,150,82.1
RESIDENT_00834,Eat Drink Shop Healthy,Healthier Purchases,2026-03-04,Active,Silver,30,51.6
RESIDENT_00298,Move It Challenge,MVPA Minutes,2026-04-05,Active,Participant,150,16.3
RESIDENT_00415,National Steps Challenge,Steps,2026-03-01,Active,Silver,10000,45.4
RESIDENT_00064,Move It Challenge,MVPA Minutes,2026-03-28,Active,Bronze,150,25.0
RESIDENT_01457,Move It Challenge,MVPA Minutes,2026-03-04,Active,Silver,150,42.3
RESIDENT_00151,Eat Drink Shop Healthy,Healthier Purchases,2026-03-08,Active,Platinum,30,92.0
RESIDENT_00710,National Steps Challenge,Steps,2026-03-15,Active,Gold,10000,69.5
RESIDENT_00783,Eat Drink Shop Healthy,Healthier Purchases,2026-03-24,Active,Bronze,30,33.1
RESIDENT_00353,National Steps Challenge,Steps,2026-04-07,Active,Bronze,10000,33.5
RESIDENT_00372,Eat Drink Shop Healthy,Healthier Purchases,2026-03-08,Active,Participant,30,6.2
RESIDENT_00456,National Steps Challenge,Steps,2026-04-10,Active,Participant,10000,13.9
RESIDENT_00329,Eat Drink Shop Healthy,Healthier Purchases,2026-04-09,Active,Silver,30,51.6
RESIDENT_00614,National Steps Challenge,Steps,2026-04-02,Active,Platinum,10000,94.3
RESIDENT_00410,Eat Drink Shop Healthy,Healthier Purchases,2026-03-18,Active,Bronze,30,22.9
RESIDENT_01230,Eat Drink Shop Healthy,Healthier Purchases,2026-03-18,Active,Bronze,30,31.7
RESIDENT_01422,Move It Challenge,MVPA Minutes,2026-04-03,Active,Silver,150,55.9
RESIDENT_00756,Eat Drink Shop Healthy,Healthier Purchases,2026-03-11,Active,Platinum,30,92.1
RESIDENT_00978,National Steps Challenge,Steps,2026-04-01,Active,Gold,10000,71.9
RESIDENT_01209,National Steps Challenge,Steps,2026-03-19,Active,Silver,10000,55.2
RESIDENT_01279,Move It Challenge,MVPA Minutes,2026-03-29,Active,Bronze,150,27.7
RESIDENT_00659,National Steps Challenge,Steps,2026-03-27,Active,Silver,10000,59.1
RESIDENT_00239,National Steps Challenge,Steps,2026-04-09,Active,Gold,10000,77.8
RESIDENT_00845,National Steps Challenge,Steps,2026-03-15,Active,Platinum,10000,97.4
RESIDENT_00517,National Steps Challenge,Steps,2026-03-18,Active,Participant,10000,9.3
RESIDENT_01469,National Steps Challenge,Steps,2026-03-13,Active,Platinum,10000,93.3
RESIDENT_00010,National Steps Challenge,Steps,2026-04-05,Active,Silver,10000,50.4
RESIDENT_00052,Move It Challenge,MVPA Minutes,2026-03-25,Active,Silver,150,48.3
RESIDENT_00718,Move It Challenge,MVPA Minutes,2026-04-08,Active,Gold,150,73.3
RESIDENT_00999,National Steps Challenge,Steps,2026-03-07,Active,Gold,10000,66.1
RESIDENT_01006,Eat Drink Shop Healthy,Healthier Purchases,2026-03-02,Active,Gold,30,62.2
RESIDENT_00240,Move It Challenge,MVPA Minutes,2026-03-07,Active,Platinum,150,85.4
RESIDENT_00216,National Steps Challenge,Steps,2026-03-21,Active,Participant,10000,14.0
RESIDENT_00397,Eat Drink Shop Healthy,Healthier Purchases,2026-04-03,Active,Gold,30,78.1
RESIDENT_00546,National Steps Challenge,Steps,2026-03-25,Active,Gold,10000,75.9
RESIDENT_00202,Move It Challenge,MVPA Minutes,2026-03-02,Active,Gold,150,74.1
RESIDENT_01123,Move It Challenge,MVPA Minutes,2026-03-09,Active,Bronze,150,30.2
RESIDENT_00042,National Steps Challenge,Steps,2026-03-21,Active,Silver,10000,43.0
RESIDENT_00001,Move It Challenge,MVPA Minutes,2026-03-11,Active,Silver,150,51.6
RESIDENT_00566,National Steps Challenge,Steps,2026-03-24,Active,Gold,10000,72.6
RESIDENT_01475,National Steps Challenge,Steps,2026-03-18,Active,Bronze,10000,20.3
RESIDENT_01083,National Steps Challenge,Steps,2026-03-30,Active,Participant,10000,10.3
RESIDENT_00086,Move It Challenge,MVPA Minutes,2026-03-27,Active,Silver,150,44.6
RESIDENT_01064,Eat Drink Shop Healthy,Healthier Purchases,2026-03-02,Active,Participant,30,6.7
RESIDENT_00412,Eat Drink Shop Healthy,Healthier Purchases,2026-03-17,Active,Bronze,30,27.8
RESIDENT_00325,Move It Challenge,MVPA Minutes,2026-04-10,Active,Bronze,150,21.2
RESIDENT_00437,National Steps Challenge,Steps,2026-03-04,Active,Gold,10000,69.5
RESIDENT_01395,Eat Drink Shop Healthy,Healthier Purchases,2026-03-13,Active,Bronze,30,26.5
RESIDENT_00589,Eat Drink Shop Healthy,Healthier Purchases,2026-03-19,Active,Gold,30,72.5
RESIDENT_01193,Eat Drink Shop Healthy,Healthier Purchases,2026-03-31,Active,Bronze,30,25.5
RESIDENT_00843,Eat Drink Shop Healthy,Healthier Purchases,2026-04-07,Active,Participant,30,5.0
RESIDENT_00752,Move It Challenge,MVPA Minutes,2026-04-07,Active,Bronze,150,36.5
RESIDENT_00346,Move It Challenge,MVPA Minutes,2026-03-05,Active,Bronze,150,20.7
RESIDENT_00637,Move It Challenge,MVPA Minutes,2026-03-20,Active,Silver,150,40.1
RESIDENT_00025,Eat Drink Shop Healthy,Healthier Purchases,2026-03-16,Active,Gold,30,74.8
RESIDENT_00544,Eat Drink Shop Healthy,Healthier Purchases,2026-03-17,Active,Gold,30,72.0
RESIDENT_00218,National Steps Challenge,Steps,2026-04-01,Active,Participant,10000,19.1
RESIDENT_01160,Move It Challenge,MVPA Minutes,2026-04-02,Active,Silver,150,55.7
RESIDENT_00826,National Steps Challenge,Steps,2026-03-17,Active,Gold,10000,70.9
RESIDENT_00676,Eat Drink Shop Healthy,Healthier Purchases,2026-03-17,Active,Silver,30,40.9
RESIDENT_00459,Eat Drink Shop Healthy,Healthier Purchases,2026-03-15,Active,Bronze,30,33.7
RESIDENT_01203,Eat Drink Shop Healthy,Healthier Purchases,2026-03-24,Active,Silver,30,46.3
RESIDENT_00322,Eat Drink Shop Healthy,Healthier Purchases,2026-03-08,Active,Gold,30,72.6
RESIDENT_00844,Eat Drink Shop Healthy,Healthier Purchases,2026-03-30,Active,Platinum,30,81.6
RESIDENT_01314,Move It Challenge,MVPA Minutes,2026-03-31,Active,Bronze,150,33.6
RESIDENT_00404,National Steps Challenge,Steps,2026-03-17,Active,Silver,10000,43.5
RESIDENT_00012,National Steps Challenge,Steps,2026-03-17,Active,Bronze,10000,22.6
RESIDENT_00960,Eat Drink Shop Healthy,Healthier Purchases,2026-04-10,Active,Bronze,30,23.9
RESIDENT_00031,National Steps Challenge,Steps,2026-03-24,Active,Gold,10000,73.0
RESIDENT_00552,National Steps Challenge,Steps,2026-04-01,Active,Platinum,10000,82.3
RESIDENT_00445,Move It Challenge,MVPA Minutes,2026-03-12,Active,Silver,150,48.2
RESIDENT_00587,Eat Drink Shop Healthy,Healthier Purchases,2026-03-09,Active,Bronze,30,24.4
RESIDENT_00909,Eat Drink Shop Healthy,Healthier Purchases,2026-03-31,Active,Silver,30,49.5
RESIDENT_00554,Move It Challenge,MVPA Minutes,2026-03-15,Active,Participant,150,18.4
RESIDENT_00813,Eat Drink Shop Healthy,Healthier Purchases,2026-04-04,Active,Silver,30,43.1
RESIDENT_00673,National Steps Challenge,Steps,2026-03-07,Active,Silver,10000,44.8
RESIDENT_00232,Eat Drink Shop Healthy,Healthier Purchases,2026-03-09,Active,Platinum,30,95.6
RESIDENT_00250,Eat Drink Shop Healthy,Healthier Purchases,2026-04-05,Active,Participant,30,12.4
RESIDENT_01414,Eat Drink Shop Healthy,Healthier Purchases,2026-03-04,Active,Silver,30,57.1
RESIDENT_01455,National Steps Challenge,Steps,2026-03-07,Active,Bronze,10000,37.9
RESIDENT_01149,National Steps Challenge,Steps,2026-03-18,Active,Platinum,10000,82.9
RESIDENT_00617,Eat Drink Shop Healthy,Healthier Purchases,2026-03-16,Active,Bronze,30,33.4
RESIDENT_00761,Move It Challenge,MVPA Minutes,2026-03-19,Active,Gold,150,76.4
RESIDENT_00532,National Steps Challenge,Steps,2026-03-05,Active,Platinum,10000,83.3
RESIDENT_01269,National Steps Challenge,Steps,2026-03-07,Active,Silver,10000,55.6
RESIDENT_00154,National Steps Challenge,Steps,2026-03-28,Active,Platinum,10000,88.8
RESIDENT_00634,National Steps Challenge,Steps,2026-03-02,Active,Gold,10000,66.0
RESIDENT_00896,National Steps Challenge,Steps,2026-03-29,Active,Participant,10000,11.6
RESIDENT_00612,Move It Challenge,MVPA Minutes,2026-03-25,Active,Participant,150,14.0
RESIDENT_00536,National Steps Challenge,Steps,2026-03-19,Active,Gold,10000,74.1
RESIDENT_00602,Move It Challenge,MVPA Minutes,2026-03-24,Active,Bronze,150,21.8
RESIDENT_01331,National Steps Challenge,Steps,2026-03-19,Active,Platinum,10000,86.7
RESIDENT_01246,Eat Drink Shop Healthy,Healthier Purchases,2026-03-22,Active,Platinum,30,82.7
RESIDENT_00306,Move It Challenge,MVPA Minutes,2026-03-14,Active,Bronze,150,29.5
RESIDENT_00171,National Steps Challenge,Steps,2026-04-09,Active,Platinum,10000,81.3
RESIDENT_01087,Move It Challenge,MVPA Minutes,2026-03-23,Active,Participant,150,6.4
RESIDENT_00826,Move It Challenge,MVPA Minutes,2026-03-14,Active,Gold,150,78.7
RESIDENT_01232,Move It Challenge,MVPA Minutes,2026-03-29,Active,Bronze,150,24.8
RESIDENT_01146,National Steps Challenge,Steps,2026-04-09,Active,Platinum,10000,85.9
RESIDENT_01475,Move It Challenge,MVPA Minutes,2026-03-17,Active,Participant,150,9.9
RESIDENT_00864,Move It Challenge,MVPA Minutes,2026-04-02,Active,Participant,150,16.0
RESIDENT_01211,National Steps Challenge,Steps,2026-03-01,Active,Silver,10000,48.4
RESIDENT_01335,National Steps Challenge,Steps,2026-03-28,Active,Bronze,10000,28.4
RESIDENT_00903,Eat Drink Shop Healthy,Healthier Purchases,2026-03-05,Active,Gold,30,73.9
RESIDENT_00611,National Steps Challenge,Steps,2026-03-30,Active,Participant,10000,17.0
RESIDENT_01409,Move It Challenge,MVPA Minutes,2026-03-02,Active,Gold,150,74.0
RESIDENT_01192,Eat Drink Shop Healthy,Healthier Purchases,2026-03-18,Active,Silver,30,41.9
RESIDENT_00165,Move It Challenge,MVPA Minutes,2026-03-14,Active,Gold,150,71.9
RESIDENT_01325,National Steps Challenge,Steps,2026-03-05,Active,Silver,10000,49.0
RESIDENT_01225,Move It Challenge,MVPA Minutes,2026-03-09,Active,Participant,150,18.4
RESIDENT_00630,Eat Drink Shop Healthy,Healthier Purchases,2026-03-09,Active,Bronze,30,38.3
RESIDENT_00253,National Steps Challenge,Steps,2026-03-13,Active,Silver,10000,40.3
RESIDENT_00003,Eat Drink Shop Healthy,Healthier Purchases,2026-03-18,Active,Silver,30,47.3
RESIDENT_01093,Eat Drink Shop Healthy,Healthier Purchases,2026-03-09,Active,Bronze,30,28.1
RESIDENT_01051,National Steps Challenge,Steps,2026-03-22,Active,Platinum,10000,94.3
RESIDENT_00237,National Steps Challenge,Steps,2026-03-28,Active,Gold,10000,60.4
RESIDENT_00112,Eat Drink Shop Healthy,Healthier Purchases,2026-03-04,Active,Participant,30,11.7
RESIDENT_00060,Eat Drink Shop Healthy,Healthier Purchases,2026-03-11,Active,Silver,30,42.6
RESIDENT_00833,National Steps Challenge,Steps,2026-03-24,Active,Participant,10000,7.9
RESIDENT_01197,National Steps Challenge,Steps,2026-04-10,Active,Participant,10000,5.1
RESIDENT_01241,National Steps Challenge,Steps,2026-03-13,Active,Participant,10000,4.1
RESIDENT_00597,Eat Drink Shop Healthy,Healthier Purchases,2026-03-03,Active,Participant,30,16.2
RESIDENT_01184,National Steps Challenge,Steps,2026-03-10,Active,Silver,10000,59.1
RESIDENT_00397,Move It Challenge,MVPA Minutes,2026-03-21,Active,Platinum,150,82.5
RESIDENT_00343,Move It Challenge,MVPA Minutes,2026-03-16,Active,Bronze,150,24.7
RESIDENT_01445,Move It Challenge,MVPA Minutes,2026-03-21,Active,Participant,150,15.6
RESIDENT_00296,National Steps Challenge,Steps,2026-04-03,Active,Participant,10000,19.3
RESIDENT_00080,National Steps Challenge,Steps,2026-04-01,Active,Bronze,10000,25.9
RESIDENT_01336,Move It Challenge,MVPA Minutes,2026-04-05,Active,Platinum,150,98.1
RESIDENT_00904,Move It Challenge,MVPA Minutes,2026-03-14,Active,Gold,150,73.3
RESIDENT_01287,National Steps Challenge,Steps,2026-04-03,Active,Platinum,10000,89.8
RESIDENT_01456,Eat Drink Shop Healthy,Healthier Purchases,2026-03-04,Active,Silver,30,47.5
RESIDENT_01351,Eat Drink Shop Healthy,Healthier Purchases,2026-03-10,Active,Gold,30,66.1
RESIDENT_00759,National Steps Challenge,Steps,2026-04-04,Active,Participant,10000,9.8
RESIDENT_00121,Eat Drink Shop Healthy,Healthier Purchases,2026-03-27,Active,Silver,30,47.4
RESIDENT_00818,National Steps Challenge,Steps,2026-04-05,Active,Gold,10000,71.5
RESIDENT_00342,Move It Challenge,MVPA Minutes,2026-03-16,Active,Participant,150,13.4
RESIDENT_00648,Move It Challenge,MVPA Minutes,2026-03-17,Active,Participant,150,19.3
RESIDENT_00485,National Steps Challenge,Steps,2026-03-02,Active,Platinum,10000,89.4
RESIDENT_01498,National Steps Challenge,Steps,2026-03-18,Active,Bronze,10000,24.0
RESIDENT_00303,Eat Drink Shop Healthy,Healthier Purchases,2026-03-06,Active,Gold,30,73.8
RESIDENT_01316,Move It Challenge,MVPA Minutes,2026-04-03,Active,Participant,150,19.0
RESIDENT_00048,Move It Challenge,MVPA Minutes,2026-03-08,Active,Gold,150,70.1
RESIDENT_00703,National Steps Challenge,Steps,2026-03-18,Active,Gold,10000,63.1
RESIDENT_00820,National Steps Challenge,Steps,2026-03-24,Active,Bronze,10000,21.4
RESIDENT_01048,Move It Challenge,MVPA Minutes,2026-03-29,Active,Silver,150,56.0
RESIDENT_00096,National Steps Challenge,Steps,2026-03-09,Active,Participant,10000,19.2
RESIDENT_00689,Eat Drink Shop Healthy,Healthier Purchases,2026-04-02,Active,Participant,30,14.3
RESIDENT_01126,Eat Drink Shop Healthy,Healthier Purchases,2026-04-01,Active,Platinum,30,96.8
RESIDENT_00834,National Steps Challenge,Steps,2026-04-04,Active,Gold,10000,77.5
RESIDENT_00432,Eat Drink Shop Healthy,Healthier Purchases,2026-03-05,Active,Participant,30,10.2
RESIDENT_01205,Eat Drink Shop Healthy,Healthier Purchases,2026-04-07,Active,Silver,30,52.1
RESIDENT_00118,Move It Challenge,MVPA Minutes,2026-03-06,Active,Bronze,150,38.6
RESIDENT_00832,National Steps Challenge,Steps,2026-03-03,Active,Platinum,10000,93.1
RESIDENT_00775,National Steps Challenge,Steps,2026-04-10,Active,Gold,10000,79.8
RESIDENT_00433,National Steps Challenge,Steps,2026-03-01,Active,Gold,10000,73.8
RESIDENT_00166,National Steps Challenge,Steps,2026-03-06,Active,Gold,10000,75.0
RESIDENT_00392,Eat Drink Shop Healthy,Healthier Purchases,2026-03-20,Active,Gold,30,75.0
RESIDENT_00692,National Steps Challenge,Steps,2026-03-18,Active,Gold,10000,66.2
RESIDENT_00037,National Steps Challenge,Steps,2026-03-30,Active,Gold,10000,78.1
RESIDENT_00871,Eat Drink Shop Healthy,Healthier Purchases,2026-03-04,Active,Silver,30,42.0
RESIDENT_00754,Move It Challenge,MVPA Minutes,2026-03-12,Active,Platinum,150,93.2
RESIDENT_00890,National Steps Challenge,Steps,2026-03-03,Active,Participant,10000,16.8
RESIDENT_00711,Move It Challenge,MVPA Minutes,2026-03-24,Active,Gold,150,69.2
RESIDENT_00394,Move It Challenge,MVPA Minutes,2026-03-09,Active,Bronze,150,20.7
RESIDENT_01207,Eat Drink Shop Healthy,Healthier Purchases,2026-04-02,Active,Participant,30,16.5
RESIDENT_00774,Move It Challenge,MVPA Minutes,2026-04-09,Active,Gold,150,70.8
RESIDENT_01234,Eat Drink Shop Healthy,Healthier Purchases,2026-03-02,Active,Gold,30,75.2
RESIDENT_00247,National Steps Challenge,Steps,2026-04-02,Active,Participant,10000,6.1
RESIDENT_01494,National Steps Challenge,Steps,2026-03-01,Active,Gold,10000,75.9
RESIDENT_00829,Move It Challenge,MVPA Minutes,2026-04-08,Active,Platinum,150,80.5
RESIDENT_00816,Move It Challenge,MVPA Minutes,2026-03-13,Active,Silver,150,42.9
RESIDENT_00232,Move It Challenge,MVPA Minutes,2026-03-01,Active,Gold,150,71.8
RESIDENT_00712,Eat Drink Shop Healthy,Healthier Purchases,2026-03-18,Active,Gold,30,73.1
RESIDENT_00094,Eat Drink Shop Healthy,Healthier Purchases,2026-03-05,Active,Gold,30,76.0
RESIDENT_00842,Move It Challenge,MVPA Minutes,2026-04-02,Active,Bronze,150,20.0
RESIDENT_00417,Eat Drink Shop Healthy,Healthier Purchases,2026-04-04,Active,Silver,30,54.3
RESIDENT_00326,Eat Drink Shop Healthy,Healthier Purchases,2026-03-22,Active,Gold,30,71.7
RESIDENT_00315,Move It Challenge,MVPA Minutes,2026-03-03,Active,Silver,150,40.4
RESIDENT_00311,National Steps Challenge,Steps,2026-04-08,Active,Bronze,10000,33.8
RESIDENT_01167,Eat Drink Shop Healthy,Healthier Purchases,2026-04-10,Active,Silver,30,56.0
RESIDENT_00074,Move It Challenge,MVPA Minutes,2026-04-03,Active,Bronze,150,39.4
RESIDENT_00164,Move It Challenge,MVPA Minutes,2026-04-08,Active,Bronze,150,23.8
RESIDENT_00932,National Steps Challenge,Steps,2026-03-08,Active,Participant,10000,12.1
RESIDENT_00186,National Steps Challenge,Steps,2026-03-09,Active,Silver,10000,42.5
RESIDENT_00371,Eat Drink Shop Healthy,Healthier Purchases,2026-03-02,Active,Platinum,30,80.5
RESIDENT_00189,Eat Drink Shop Healthy,Healthier Purchases,2026-03-13,Active,Gold,30,67.2
RESIDENT_00879,National Steps Challenge,Steps,2026-03-01,Active,Bronze,10000,27.5
RESIDENT_01153,Eat Drink Shop Healthy,Healthier Purchases,2026-03-27,Active,Bronze,30,38.3
RESIDENT_01385,Eat Drink Shop Healthy,Healthier Purchases,2026-03-26,Active,Bronze,30,21.1
RESIDENT_00694,Eat Drink Shop Healthy,Healthier Purchases,2026-04-05,Active,Gold,30,66.2
RESIDENT_00471,National Steps Challenge,Steps,2026-03-20,Active,Bronze,10000,24.3
RESIDENT_00238,Eat Drink Shop Healthy,Healthier Purchases,2026-03-13,Completed,Platinum,30,99.1
RESIDENT_01462,Move It Challenge,MVPA Minutes,2026-03-25,Active,Silver,150,46.0
RESIDENT_00379,National Steps Challenge,Steps,2026-03-31,Active,Silver,10000,46.2
RESIDENT_00084,Move It Challenge,MVPA Minutes,2026-03-03,Active,Bronze,150,20.8
RESIDENT_00321,Move It Challenge,MVPA Minutes,2026-03-30,Active,Silver,150,45.0
RESIDENT_00200,Eat Drink Shop Healthy,Healthier Purchases,2026-03-17,Active,Gold,30,75.6
RESIDENT_01478,Eat Drink Shop Healthy,Healthier Purchases,2026-03-11,Active,Participant,30,6.6
RESIDENT_01319,Move It Challenge,MVPA Minutes,2026-03-28,Active,Gold,150,71.7
RESIDENT_00582,Eat Drink Shop Healthy,Healthier Purchases,2026-03-09,Active,Gold,30,69.9
RESIDENT_00753,Move It Challenge,MVPA Minutes,2026-03-24,Active,Platinum,150,87.1
RESIDENT_00191,Move It Challenge,MVPA Minutes,2026-03-16,Active,Gold,150,60.4
RESIDENT_00052,National Steps Challenge,Steps,2026-04-02,Active,Bronze,10000,31.7
RESIDENT_00386,Eat Drink Shop Healthy,Healthier Purchases,2026-04-07,Active,Platinum,30,97.5
RESIDENT_00219,Eat Drink Shop Healthy,Healthier Purchases,2026-03-18,Active,Bronze,30,26.1
RESIDENT_00352,Eat Drink Shop Healthy,Healthier Purchases,2026-03-05,Active,Bronze,30,31.9
RESIDENT_01434,Eat Drink Shop Healthy,Healthier Purchases,2026-03-14,Active,Gold,30,67.6
RESIDENT_00280,National Steps Challenge,Steps,2026-03-24,Active,Platinum,10000,98.3
RESIDENT_00703,Eat Drink Shop Healthy,Healthier Purchases,2026-03-29,Active,Silver,30,44.3
RESIDENT_00973,Move It Challenge,MVPA Minutes,2026-03-01,Active,Silver,150,45.2
RESIDENT_01181,Eat Drink Shop Healthy,Healthier Purchases,2026-03-06,Active,Silver,30,49.4
RESIDENT_00954,Eat Drink Shop Healthy,Healthier Purchases,2026-03-27,Active,Platinum,30,91.5
RESIDENT_00445,National Steps Challenge,Steps,2026-04-09,Active,Gold,10000,67.9
RESIDENT_01037,National Steps Challenge,Steps,2026-03-22,Active,Bronze,10000,22.4
RESIDENT_01238,National Steps Challenge,Steps,2026-03-31,Active,Silver,10000,41.5
RESIDENT_01243,Eat Drink Shop Healthy,Healthier Purchases,2026-03-04,Active,Participant,30,18.3
RESIDENT_00064,Eat Drink Shop Healthy,Healthier Purchases,2026-04-10,Active,Participant,30,16.6
RESIDENT_01043,Move It Challenge,MVPA Minutes,2026-03-18,Active,Gold,150,74.6
RESIDENT_01437,Eat Drink Shop Healthy,Healthier Purchases,2026-03-15,Active,Gold,30,67.4
RESIDENT_01289,National Steps Challenge,Steps,2026-03-31,Active,Silver,10000,53.5
RESIDENT_01337,Move It Challenge,MVPA Minutes,2026-03-15,Active,Platinum,150,80.0
RESIDENT_01458,Eat Drink Shop Healthy,Healthier Purchases,2026-04-02,Active,Gold,30,61.1
RESIDENT_01268,Move It Challenge,MVPA Minutes,2026-03-09,Active,Silver,150,56.1
RESIDENT_01020,Eat Drink Shop Healthy,Healthier Purchases,2026-03-14,Active,Participant,30,12.7
RESIDENT_00422,National Steps Challenge,Steps,2026-04-07,Active,Platinum,10000,92.3
RESIDENT_01492,Eat Drink Shop Healthy,Healthier Purchases,2026-03-22,Active,Silver,30,42.6
RESIDENT_01089,Move It Challenge,MVPA Minutes,2026-03-16,Active,Bronze,150,21.2
RESIDENT_01344,Move It Challenge,MVPA Minutes,2026-04-03,Active,Participant,150,18.7
RESIDENT_01437,National Steps Challenge,Steps,2026-03-23,Active,Gold,10000,63.9
RESIDENT_00124,Eat Drink Shop Healthy,Healthier Purchases,2026-03-01,Active,Participant,30,15.5
RESIDENT_01262,Move It Challenge,MVPA Minutes,2026-03-30,Active,Gold,150,74.4
RESIDENT_00782,National Steps Challenge,Steps,2026-03-04,Active,Platinum,10000,87.4
RESIDENT_01461,Move It Challenge,MVPA Minutes,2026-04-07,Active,Gold,150,78.8
RESIDENT_01292,National Steps Challenge,Steps,2026-03-09,Active,Platinum,10000,86.9
RESIDENT_00547,National Steps Challenge,Steps,2026-04-03,Active,Silver,10000,57.6
RESIDENT_00119,National Steps Challenge,Steps,2026-03-12,Active,Participant,10000,10.7
RESIDENT_00413,Move It Challenge,MVPA Minutes,2026-04-07,Active,Gold,150,71.7
RESIDENT_01258,Eat Drink Shop Healthy,Healthier Purchases,2026-03-31,Active,Participant,30,2.5
RESIDENT_01226,Move It Challenge,MVPA Minutes,2026-04-10,Active,Silver,150,47.3
RESIDENT_00801,National Steps Challenge,Steps,2026-03-07,Active,Silver,10000,50.0
RESIDENT_00669,Move It Challenge,MVPA Minutes,2026-03-11,Active,Silver,150,59.8
RESIDENT_00454,Eat Drink Shop Healthy,Healthier Purchases,2026-03-30,Active,Participant,30,18.5
RESIDENT_00001,Eat Drink Shop Healthy,Healthier Purchases,2026-03-14,Active,Platinum,30,82.3
RESIDENT_01485,Move It Challenge,MVPA Minutes,2026-04-10,Active,Gold,150,70.2
RESIDENT_01466,Eat Drink Shop Healthy,Healthier Purchases,2026-04-10,Active,Participant,30,10.3
RESIDENT_00428,National Steps Challenge,Steps,2026-04-10,Active,Participant,10000,13.7
RESIDENT_01463,Eat Drink Shop Healthy,Healthier Purchases,2026-03-14,Active,Gold,30,76.6
RESIDENT_00388,National Steps Challenge,Steps,2026-03-14,Active,Silver,10000,55.0
RESIDENT_00457,National Steps Challenge,Steps,2026-03-19,Active,Silver,10000,49.8
RESIDENT_00136,Move It Challenge,MVPA Minutes,2026-04-07,Active,Participant,150,14.5
RESIDENT_00793,Eat Drink Shop Healthy,Healthier Purchases,2026-03-12,Active,Gold,30,72.7
RESIDENT_00574,Eat Drink Shop Healthy,Healthier Purchases,2026-03-13,Active,Platinum,30,84.7
RESIDENT_00814,Eat Drink Shop Healthy,Healthier Purchases,2026-03-04,Active,Platinum,30,84.6
RESIDENT_00731,National Steps Challenge,Steps,2026-04-06,Active,Bronze,10000,31.4
RESIDENT_00204,Eat Drink Shop Healthy,Healthier Purchases,2026-03-03,Active,Platinum,30,87.9
RESIDENT_00350,Eat Drink Shop Healthy,Healthier Purchases,2026-03-30,Active,Participant,30,11.7
RESIDENT_01080,Move It Challenge,MVPA Minutes,2026-03-11,Active,Platinum,150,81.4
RESIDENT_00673,Eat Drink Shop Healthy,Healthier Purchases,2026-03-31,Active,Gold,30,73.4
RESIDENT_01042,Move It Challenge,MVPA Minutes,2026-03-31,Active,Participant,150,6.5
RESIDENT_00114,Eat Drink Shop Healthy,Healthier Purchases,2026-04-06,Active,Participant,30,9.0
RESIDENT_01004,Move It Challenge,MVPA Minutes,2026-04-08,Active,Platinum,150,84.4
RESIDENT_00167,National Steps Challenge,Steps,2026-04-03,Active,Participant,10000,12.8
RESIDENT_00933,National Steps Challenge,Steps,2026-03-03,Active,Platinum,10000,81.4
RESIDENT_00124,National Steps Challenge,Steps,2026-03-19,Active,Bronze,10000,31.4
RESIDENT_00630,National Steps Challenge,Steps,2026-04-05,Active,Bronze,10000,38.5
RESIDENT_01333,National Steps Challenge,Steps,2026-03-14,Active,Gold,10000,61.1
RESIDENT_00217,Move It Challenge,MVPA Minutes,2026-04-07,Active,Bronze,150,27.8
RESIDENT_01349,Eat Drink Shop Healthy,Healthier Purchases,2026-03-09,Active,Bronze,30,31.6
RESIDENT_01426,National Steps Challenge,Steps,2026-04-06,Active,Gold,10000,74.3
RESIDENT_00165,Eat Drink Shop Healthy,Healthier Purchases,2026-03-07,Active,Platinum,30,84.7
RESIDENT_01127,National Steps Challenge,Steps,2026-04-10,Active,Platinum,10000,82.5
RESIDENT_00991,Eat Drink Shop Healthy,Healthier Purchases,2026-03-09,Active,Silver,30,45.3
RESIDENT_00270,Eat Drink Shop Healthy,Healthier Purchases,2026-03-28,Active,Silver,30,45.7
RESIDENT_01018,Move It Challenge,MVPA Minutes,2026-03-02,Active,Bronze,150,37.3
RESIDENT_00892,National Steps Challenge,Steps,2026-04-01,Active,Silver,10000,52.7
RESIDENT_01197,Move It Challenge,MVPA Minutes,2026-04-01,Active,Participant,150,2.5
RESIDENT_00426,Move It Challenge,MVPA Minutes,2026-04-04,Active,Gold,150,76.5
RESIDENT_00956,National Steps Challenge,Steps,2026-03-22,Active,Platinum,10000,82.3
RESIDENT_01301,Move It Challenge,MVPA Minutes,2026-03-19,Active,Participant,150,10.9
RESIDENT_01086,Eat Drink Shop Healthy,Healthier Purchases,2026-03-01,Active,Platinum,30,81.8
RESIDENT_00494,Eat Drink Shop Healthy,Healthier Purchases,2026-03-06,Active,Silver,30,54.0
RESIDENT_01009,Move It Challenge,MVPA Minutes,2026-03-08,Active,Silver,150,48.2
RESIDENT_00615,Eat Drink Shop Healthy,Healthier Purchases,2026-03-28,Active,Silver,30,43.8
RESIDENT_00158,Move It Challenge,MVPA Minutes,2026-03-17,Active,Gold,150,78.7
RESIDENT_00249,Move It Challenge,MVPA Minutes,2026-03-13,Active,Gold,150,78.9
RESIDENT_00598,Move It Challenge,MVPA Minutes,2026-03-11,Active,Platinum,150,84.5
RESIDENT_01162,Eat Drink Shop Healthy,Healthier Purchases,2026-03-19,Active,Participant,30,9.8
RESIDENT_00614,Move It Challenge,MVPA Minutes,2026-03-19,Active,Platinum,150,85.0
RESIDENT_00986,Move It Challenge,MVPA Minutes,2026-03-14,Active,Bronze,150,29.6
RESIDENT_00050,National Steps Challenge,Steps,2026-03-15,Active,Participant,10000,15.1
RESIDENT_00859,Move It Challenge,MVPA Minutes,2026-04-06,Active,Bronze,150,22.3
RESIDENT_01329,Move It Challenge,MVPA Minutes,2026-03-09,Active,Platinum,150,97.0
RESIDENT_00425,National Steps Challenge,Steps,2026-04-04,Active,Platinum,10000,81.4
RESIDENT_00825,Eat Drink Shop Healthy,Healthier Purchases,2026-03-13,Active,Participant,30,14.2
RESIDENT_00355,Eat Drink Shop Healthy,Healthier Purchases,2026-03-31,Active,Gold,30,63.4
RESIDENT_01004,National Steps Challenge,Steps,2026-03-08,Active,Silver,10000,47.4
RESIDENT_01485,National Steps Challenge,Steps,2026-04-04,Active,Platinum,10000,97.2
RESIDENT_00727,Eat Drink Shop Healthy,Healthier Purchases,2026-04-03,Active,Bronze,30,35.6
RESIDENT_00377,Move It Challenge,MVPA Minutes,2026-03-31,Active,Participant,150,2.5
RESIDENT_00802,National Steps Challenge,Steps,2026-03-09,Active,Gold,10000,75.3
RESIDENT_00462,National Steps Challenge,Steps,2026-03-17,Active,Participant,10000,18.8
RESIDENT_01015,Eat Drink Shop Healthy,Healthier Purchases,2026-04-09,Active,Platinum,30,93.1
RESIDENT_00870,Eat Drink Shop Healthy,Healthier Purchases,2026-03-21,Completed,Platinum,30,99.3
RESIDENT_00817,Move It Challenge,MVPA Minutes,2026-03-21,Active,Silver,150,59.1
RESIDENT_00267,Move It Challenge,MVPA Minutes,2026-04-07,Active,Silver,150,46.9
RESIDENT_00254,Eat Drink Shop Healthy,Healthier Purchases,2026-04-09,Active,Gold,30,76.7
RESIDENT_00488,Eat Drink Shop Healthy,Healthier Purchases,2026-03-15,Active,Bronze,30,29.5
RESIDENT_00810,Eat Drink Shop Healthy,Healthier Purchases,2026-03-12,Active,Bronze,30,24.2
RESIDENT_00291,National Steps Challenge,Steps,2026-03-03,Active,Gold,10000,78.5
RESIDENT_00873,National Steps Challenge,Steps,2026-03-09,Active,Bronze,10000,39.1
RESIDENT_00920,National Steps Challenge,Steps,2026-04-08,Active,Silver,10000,54.3
RESIDENT_00234,National Steps Challenge,Steps,2026-03-29,Active,Bronze,10000,22.2
RESIDENT_00575,National Steps Challenge,Steps,2026-04-06,Active,Bronze,10000,22.2
RESIDENT_00218,Move It Challenge,MVPA Minutes,2026-03-13,Active,Bronze,150,25.8
RESIDENT_01277,Eat Drink Shop Healthy,Healthier Purchases,2026-03-13,Active,Silver,30,49.1
RESIDENT_00839,National Steps Challenge,Steps,2026-03-15,Active,Gold,10000,66.5
RESIDENT_01445,National Steps Challenge,Steps,2026-04-05,Active,Bronze,10000,21.2
RESIDENT_00440,Eat Drink Shop Healthy,Healthier Purchases,2026-03-06,Active,Gold,30,69.8
RESIDENT_00210,Eat Drink Shop Healthy,Healthier Purchases,2026-03-29,Active,Silver,30,51.7
RESIDENT_00776,National Steps Challenge,Steps,2026-03-08,Active,Bronze,10000,21.1
RESIDENT_01018,National Steps Challenge,Steps,2026-03-20,Active,Bronze,10000,24.2
RESIDENT_00520,National Steps Challenge,Steps,2026-03-22,Active,Gold,10000,62.6
RESIDENT_01346,Move It Challenge,MVPA Minutes,2026-03-28,Active,Bronze,150,38.5
RESIDENT_00861,Eat Drink Shop Healthy,Healthier Purchases,2026-04-06,Active,Gold,30,73.8
RESIDENT_00405,National Steps Challenge,Steps,2026-03-06,Active,Gold,10000,67.8
RESIDENT_01460,Move It Challenge,MVPA Minutes,2026-03-20,Active,Bronze,150,22.8
RESIDENT_00069,Move It Challenge,MVPA Minutes,2026-04-09,Active,Silver,150,52.2
RESIDENT_00126,Move It Challenge,MVPA Minutes,2026-03-02,Active,Bronze,150,27.5
RESIDENT_00086,National Steps Challenge,Steps,2026-03-18,Active,Silver,10000,54.5
RESIDENT_00529,Move It Challenge,MVPA Minutes,2026-03-02,Active,Bronze,150,30.4
RESIDENT_01470,National Steps Challenge,Steps,2026-04-02,Active,Gold,10000,62.6
RESIDENT_00943,Eat Drink Shop Healthy,Healthier Purchases,2026-04-07,Active,Gold,30,65.3
RESIDENT_00938,Move It Challenge,MVPA Minutes,2026-04-03,Active,Gold,150,78.4
RESIDENT_00819,Move It Challenge,MVPA Minutes,2026-03-02,Active,Platinum,150,89.8
RESIDENT_00085,National Steps Challenge,Steps,2026-03-11,Active,Silver,10000,58.4
RESIDENT_00824,Move It Challenge,MVPA Minutes,2026-04-07,Active,Participant,150,13.7
RESIDENT_00785,National Steps Challenge,Steps,2026-04-06,Active,Bronze,10000,24.2
RESIDENT_00545,Move It Challenge,MVPA Minutes,2026-03-13,Active,Participant,150,11.8
RESIDENT_00304,National Steps Challenge,Steps,2026-03-01,Active,Bronze,10000,24.7
RESIDENT_01293,National Steps Challenge,Steps,2026-03-11,Active,Gold,10000,72.8
RESIDENT_00211,National Steps Challenge,Steps,2026-03-24,Active,Bronze,10000,29.7
RESIDENT_00235,Move It Challenge,MVPA Minutes,2026-03-02,Active,Participant,150,3.5
RESIDENT_00500,Move It Challenge,MVPA Minutes,2026-04-02,Active,Gold,150,70.4
RESIDENT_01068,National Steps Challenge,Steps,2026-03-25,Active,Bronze,10000,38.6
RESIDENT_00490,National Steps Challenge,Steps,2026-03-05,Active,Participant,10000,1.6
RESIDENT_00025,Move It Challenge,MVPA Minutes,2026-03-20,Completed,Platinum,150,99.2
RESIDENT_01184,Move It Challenge,MVPA Minutes,2026-03-07,Active,Silver,150,44.9
RESIDENT_00363,Move It Challenge,MVPA Minutes,2026-03-15,Active,Platinum,150,84.0
RESIDENT_00491,Eat Drink Shop Healthy,Healthier Purchases,2026-04-05,Active,Bronze,30,27.1
RESIDENT_00521,Move It Challenge,MVPA Minutes,2026-03-14,Active,Gold,150,79.7
RESIDENT_01403,National Steps Challenge,Steps,2026-03-03,Active,Participant,10000,8.0
RESIDENT_01288,National Steps Challenge,Steps,2026-04-04,Active,Silver,10000,47.8
RESIDENT_00316,Move It Challenge,MVPA Minutes,2026-03-26,Active,Silver,150,42.6
RESIDENT_00796,National Steps Challenge,Steps,2026-03-29,Active,Silver,10000,46.1
RESIDENT_00104,Eat Drink Shop Healthy,Healthier Purchases,2026-03-13,Active,Gold,30,68.7
RESIDENT_01388,Eat Drink Shop Healthy,Healthier Purchases,2026-04-01,Active,Platinum,30,96.8
RESIDENT_00230,Move It Challenge,MVPA Minutes,2026-04-06,Active,Silver,150,43.3
RESIDENT_00101,Move It Challenge,MVPA Minutes,2026-03-29,Active,Silver,150,48.6
RESIDENT_01263,National Steps Challenge,Steps,2026-03-26,Active,Gold,10000,74.6
RESIDENT_00800,Move It Challenge,MVPA Minutes,2026-03-15,Active,Silver,150,43.9
RESIDENT_00022,Eat Drink Shop Healthy,Healthier Purchases,2026-03-16,Active,Gold,30,79.5
RESIDENT_00498,Eat Drink Shop Healthy,Healthier Purchases,2026-03-10,Active,Participant,30,10.5
RESIDENT_00245,National Steps Challenge,Steps,2026-04-09,Active,Platinum,10000,80.7
RESIDENT_01101,Move It Challenge,MVPA Minutes,2026-04-09,Active,Silver,150,53.9
RESIDENT_00194,Eat Drink Shop Healthy,Healthier Purchases,2026-03-03,Active,Gold,30,64.8
RESIDENT_01432,National Steps Challenge,Steps,2026-03-05,Active,Participant,10000,19.8
RESIDENT_00206,Eat Drink Shop Healthy,Healthier Purchases,2026-03-27,Active,Bronze,30,28.0
RESIDENT_00643,Move It Challenge,MVPA Minutes,2026-04-03,Active,Gold,150,66.6
RESIDENT_00468,Move It Challenge,MVPA Minutes,2026-03-11,Active,Gold,150,63.4
RESIDENT_00147,Eat Drink Shop Healthy,Healthier Purchases,2026-03-26,Active,Participant,30,4.7
RESIDENT_01323,National Steps Challenge,Steps,2026-04-02,Active,Platinum,10000,94.5
RESIDENT_01373,National Steps Challenge,Steps,2026-03-24,Active,Gold,10000,71.8
RESIDENT_01348,Move It Challenge,MVPA Minutes,2026-04-01,Active,Gold,150,61.9
RESIDENT_01038,National Steps Challenge,Steps,2026-03-15,Active,Silver,10000,59.0
RESIDENT_00966,Move It Challenge,MVPA Minutes,2026-04-01,Active,Gold,150,77.7
RESIDENT_00642,Eat Drink Shop Healthy,Healthier Purchases,2026-04-09,Active,Silver,30,45.2
RESIDENT_01221,National Steps Challenge,Steps,2026-03-06,Active,Gold,10000,74.8
RESIDENT_00810,Move It Challenge,MVPA Minutes,2026-04-03,Active,Bronze,150,29.6
RESIDENT_01314,Eat Drink Shop Healthy,Healthier Purchases,2026-03-28,Active,Participant,30,17.1
RESIDENT_01330,National Steps Challenge,Steps,2026-03-13,Active,Bronze,10000,37.8
RESIDENT_00095,National Steps Challenge,Steps,2026-04-02,Active,Participant,10000,11.2
RESIDENT_01097,National Steps Challenge,Steps,2026-04-08,Active,Silver,10000,41.2
RESIDENT_00076,Move It Challenge,MVPA Minutes,2026-03-11,Active,Platinum,150,88.1
RESIDENT_00742,Eat Drink Shop Healthy,Healthier Purchases,2026-04-06,Active,Participant,30,12.6
RESIDENT_00821,Eat Drink Shop Healthy,Healthier Purchases,2026-03-05,Active,Participant,30,19.2
RESIDENT_00477,Move It Challenge,MVPA Minutes,2026-03-24,Active,Silver,150,40.9
RESIDENT_01431,Eat Drink Shop Healthy,Healthier Purchases,2026-04-08,Active,Gold,30,73.1
RESIDENT_00297,Eat Drink Shop Healthy,Healthier Purchases,2026-03-15,Active,Platinum,30,81.5
RESIDENT_00052,Eat Drink Shop Healthy,Healthier Purchases,2026-03-29,Active,Bronze,30,33.2
RESIDENT_01320,Move It Challenge,MVPA Minutes,2026-03-21,Active,Silver,150,48.7
RESIDENT_01010,Move It Challenge,MVPA Minutes,2026-03-21,Active,Gold,150,64.5
RESIDENT_00163,Eat Drink Shop Healthy,Healthier Purchases,2026-03-05,Active,Platinum,30,97.9
RESIDENT_01238,Move It Challenge,MVPA Minutes,2026-03-09,Active,Gold,150,76.7
RESIDENT_00917,Move It Challenge,MVPA Minutes,2026-03-06,Active,Silver,150,56.6
RESIDENT_00247,Eat Drink Shop Healthy,Healthier Purchases,2026-03-09,Active,Bronze,30,25.3
RESIDENT_01415,Eat Drink Shop Healthy,Healthier Purchases,2026-03-13,Active,Gold,30,61.3
RESIDENT_00961,National Steps Challenge,Steps,2026-04-10,Active,Gold,10000,73.8
RESIDENT_00031,Eat Drink Shop Healthy,Healthier Purchases,2026-03-17,Active,Gold,30,74.1
RESIDENT_00992,Move It Challenge,MVPA Minutes,2026-03-30,Active,Silver,150,47.4
RESIDENT_00898,National Steps Challenge,Steps,2026-03-20,Active,Platinum,10000,84.8
RESIDENT_00029,National Steps Challenge,Steps,2026-03-12,Active,Platinum,10000,90.2
RESIDENT_00976,Eat Drink Shop Healthy,Healthier Purchases,2026-03-24,Active,Bronze,30,22.2
RESIDENT_01416,Eat Drink Shop Healthy,Healthier Purchases,2026-03-02,Active,Gold,30,71.6
RESIDENT_00337,Eat Drink Shop Healthy,Healthier Purchases,2026-03-03,Active,Gold,30,79.1
RESIDENT_00138,Move It Challenge,MVPA Minutes,2026-03-01,Active,Silver,150,47.5
RESIDENT_00916,Move It Challenge,MVPA Minutes,2026-03-01,Active,Platinum,150,80.1
RESIDENT_00930,Move It Challenge,MVPA Minutes,2026-03-29,Active,Bronze,150,25.9
RESIDENT_00636,Move It Challenge,MVPA Minutes,2026-04-01,Active,Silver,150,54.6
RESIDENT_00614,Eat Drink Shop Healthy,Healthier Purchases,2026-04-01,Active,Platinum,30,95.7
RESIDENT_00622,Eat Drink Shop Healthy,Healthier Purchases,2026-03-19,Active,Silver,30,45.7
RESIDENT_00318,Eat Drink Shop Healthy,Healthier Purchases,2026-03-10,Active,Participant,30,2.2
RESIDENT_00990,National Steps Challenge,Steps,2026-03-26,Active,Platinum,10000,91.7
RESIDENT_00483,Move It Challenge,MVPA Minutes,2026-03-04,Active,Bronze,150,30.4
RESIDENT_00751,Move It Challenge,MVPA Minutes,2026-04-02,Active,Silver,150,45.4
RESIDENT_01063,National Steps Challenge,Steps,2026-04-05,Active,Gold,10000,62.2
RESIDENT_00017,National Steps Challenge,Steps,2026-03-24,Active,Silver,10000,53.3
RESIDENT_00172,Eat Drink Shop Healthy,Healthier Purchases,2026-04-01,Active,Gold,30,63.9
RESIDENT_00573,Eat Drink Shop Healthy,Healthier Purchases,2026-03-31,Active,Platinum,30,89.2
RESIDENT_00097,National Steps Challenge,Steps,2026-03-28,Active,Platinum,10000,81.5
RESIDENT_01178,National Steps Challenge,Steps,2026-03-03,Active,Bronze,10000,36.3
RESIDENT_00594,Move It Challenge,MVPA Minutes,2026-03-14,Active,Participant,150,3.0
RESIDENT_01146,Move It Challenge,MVPA Minutes,2026-03-02,Active,Gold,150,75.2
RESIDENT_00352,National Steps Challenge,Steps,2026-03-03,Active,Silver,10000,49.9
RESIDENT_01298,Eat Drink Shop Healthy,Healthier Purchases,2026-04-01,Active,Bronze,30,29.7
RESIDENT_01049,Move It Challenge,MVPA Minutes,2026-03-03,Active,Platinum,150,82.3
RESIDENT_00853,Eat Drink Shop Healthy,Healthier Purchases,2026-03-28,Active,Platinum,30,81.6
RESIDENT_01001,Eat Drink Shop Healthy,Healthier Purchases,2026-03-22,Active,Participant,30,7.8
RESIDENT_00701,Move It Challenge,MVPA Minutes,2026-04-01,Active,Participant,150,18.7
RESIDENT_00179,National Steps Challenge,Steps,2026-04-10,Active,Participant,10000,13.5
RESIDENT_00847,Eat Drink Shop Healthy,Healthier Purchases,2026-04-04,Active,Participant,30,11.2
RESIDENT_00526,Move It Challenge,MVPA Minutes,2026-03-11,Active,Gold,150,78.9
RESIDENT_00726,Eat Drink Shop Healthy,Healthier Purchases,2026-03-14,Completed,Platinum,30,99.4
RESIDENT_00623,Eat Drink Shop Healthy,Healthier Purchases,2026-03-17,Active,Participant,30,18.5
RESIDENT_00460,Move It Challenge,MVPA Minutes,2026-04-01,Active,Gold,150,63.5
RESIDENT_00600,Eat Drink Shop Healthy,Healthier Purchases,2026-03-29,Active,Gold,30,72.4
RESIDENT_01424,Eat Drink Shop Healthy,Healthier Purchases,2026-03-01,Active,Gold,30,70.3
RESIDENT_01266,Move It Challenge,MVPA Minutes,2026-03-05,Active,Silver,150,45.4
RESIDENT_01213,National Steps Challenge,Steps,2026-03-29,Active,Bronze,10000,26.6
RESIDENT_00923,National Steps Challenge,Steps,2026-03-28,Active,Platinum,10000,88.0
RESIDENT_00939,National Steps Challenge,Steps,2026-03-11,Active,Gold,10000,69.3
RESIDENT_00063,Move It Challenge,MVPA Minutes,2026-03-15,Active,Silver,150,50.3
RESIDENT_01275,Move It Challenge,MVPA Minutes,2026-03-27,Active,Gold,150,68.7
RESIDENT_01346,National Steps Challenge,Steps,2026-03-07,Active,Participant,10000,17.5
RESIDENT_01225,National Steps Challenge,Steps,2026-03-09,Active,Bronze,10000,31.1
RESIDENT_00317,Move It Challenge,MVPA Minutes,2026-04-10,Active,Bronze,150,30.9
RESIDENT_00045,Eat Drink Shop Healthy,Healthier Purchases,2026-03-30,Active,Gold,30,72.9
RESIDENT_00516,Eat Drink Shop Healthy,Healthier Purchases,2026-03-10,Active,Participant,30,3.4
RESIDENT_01220,National Steps Challenge,Steps,2026-03-08,Active,Gold,10000,61.8
RESIDENT_00450,Eat Drink Shop Healthy,Healthier Purchases,2026-03-09,Active,Platinum,30,88.8
RESIDENT_00051,Eat Drink Shop Healthy,Healthier Purchases,2026-03-03,Active,Silver,30,54.4
RESIDENT_00624,National Steps Challenge,Steps,2026-03-16,Active,Bronze,10000,21.4
RESIDENT_01219,Eat Drink Shop Healthy,Healthier Purchases,2026-03-11,Active,Platinum,30,84.4
RESIDENT_00292,National Steps Challenge,Steps,2026-03-04,Active,Bronze,10000,33.1
RESIDENT_01344,National Steps Challenge,Steps,2026-03-07,Active,Silver,10000,45.2
RESIDENT_00674,Eat Drink Shop Healthy,Healthier Purchases,2026-03-02,Active,Participant,30,14.0
RESIDENT_00611,Eat Drink Shop Healthy,Healthier Purchases,2026-03-26,Active,Participant,30,19.6
RESIDENT_00600,National Steps Challenge,Steps,2026-03-14,Active,Silver,10000,44.3
RESIDENT_00023,Eat Drink Shop Healthy,Healthier Purchases,2026-03-26,Active,Gold,30,68.6
RESIDENT_00456,Move It Challenge,MVPA Minutes,2026-03-11,Active,Bronze,150,21.7
RESIDENT_01282,Move It Challenge,MVPA Minutes,2026-04-06,Active,Platinum,150,85.0
RESIDENT_00489,Move It Challenge,MVPA Minutes,2026-03-29,Active,Participant,150,14.0
RESIDENT_00528,Eat Drink Shop Healthy,Healthier Purchases,2026-03-18,Active,Silver,30,45.0
RESIDENT_01439,Move It Challenge,MVPA Minutes,2026-03-08,Active,Bronze,150,32.4
RESIDENT_01327,Move It Challenge,MVPA Minutes,2026-03-15,Active,Participant,150,12.7
RESIDENT_00828,Move It Challenge,MVPA Minutes,2026-03-19,Active,Participant,150,15.5
RESIDENT_00016,Move It Challenge,MVPA Minutes,2026-03-24,Active,Silver,150,44.8
RESIDENT_00902,Eat Drink Shop Healthy,Healthier Purchases,2026-04-03,Active,Silver,30,50.8
RESIDENT_00466,National Steps Challenge,Steps,2026-04-06,Active,Gold,10000,76.1
RESIDENT_00841,Move It Challenge,MVPA Minutes,2026-03-24,Active,Participant,150,18.1
RESIDENT_00579,Eat Drink Shop Healthy,Healthier Purchases,2026-03-05,Active,Platinum,30,91.0
RESIDENT_00972,National Steps Challenge,Steps,2026-03-14,Active,Bronze,10000,24.9
RESIDENT_00949,Move It Challenge,MVPA Minutes,2026-03-14,Active,Gold,150,78.6
RESIDENT_00725,Move It Challenge,MVPA Minutes,2026-03-29,Active,Bronze,150,26.5
