booking_id,resident_id,event_id,event_name,event_type,event_date,region,booked_flag,attended_flag
BKG003523,RESIDENT_01441,EVT008,Strength & Mobility,Workout Class,2026-06-26,North-East,Y,N
BKG002890,RESIDENT_01168,EVT005,Sundays@thePark,Community Walk,2026-06-10,North-East,Y,N
BKG000364,RESIDENT_00165,EVT006,Aqua Aerobics,Workout Class,2026-06-15,North,Y,N
BKG002163,RESIDENT_00870,EVT003,Zumba Fiesta,Workout Class,2026-05-23,North-East,Y,N
BKG001741,RESIDENT_00716,EVT005,Sundays@thePark,Community Walk,2026-04-30,North-East,Y,N
BKG000308,RESIDENT_00145,EVT005,Sundays@thePark,Community Walk,2026-05-01,East,Y,N
BKG001683,RESIDENT_00687,EVT010,Nutrition Talk,Talk,2026-05-17,West,Y,Y
BKG001189,RESIDENT_00495,EVT008,Strength & Mobility,Workout Class,2026-05-03,East,Y,N
BKG000242,RESIDENT_00107,EVT010,Nutrition Talk,Talk,2026-05-03,Central,Y,Y
BKG000469,RESIDENT_00209,EVT008,Strength & Mobility,Workout Class,2026-04-04,North,Y,N
BKG001421,RESIDENT_00579,EVT001,Sunrise Mass Workout,Mass Workout,2026-06-26,North,Y,Y
BKG001391,RESIDENT_00572,EVT002,HIIT @ CC,Workout Class,2026-06-15,North,Y,Y
BKG003187,RESIDENT_01287,EVT009,Health Screening Drive,Screening,2026-06-25,Central,Y,Y
BKG003060,RESIDENT_01245,EVT008,Strength & Mobility,Workout Class,2026-05-02,Central,Y,Y
BKG002205,RESIDENT_00885,EVT003,Zumba Fiesta,Workout Class,2026-06-28,East,Y,Y
BKG000227,RESIDENT_00102,EVT005,Sundays@thePark,Community Walk,2026-05-21,North-East,Y,Y
BKG002966,RESIDENT_01202,EVT001,Sunrise Mass Workout,Mass Workout,2026-05-21,East,Y,Y
BKG002633,RESIDENT_01066,EVT008,Strength & Mobility,Workout Class,2026-04-05,West,Y,N
BKG001945,RESIDENT_00794,EVT006,Aqua Aerobics,Workout Class,2026-05-08,North,Y,Y
BKG001650,RESIDENT_00675,EVT010,Nutrition Talk,Talk,2026-06-23,Central,Y,Y
BKG001559,RESIDENT_00637,EVT006,Aqua Aerobics,Workout Class,2026-05-20,West,Y,Y
BKG001868,RESIDENT_00770,EVT006,Aqua Aerobics,Workout Class,2026-05-20,West,Y,Y
BKG000622,RESIDENT_00272,EVT004,Brisk Walk @ Park,Community Walk,2026-06-06,North,Y,N
BKG000248,RESIDENT_00110,EVT002,HIIT @ CC,Workout Class,2026-04-07,Central,Y,Y
BKG002867,RESIDENT_01158,EVT005,Sundays@thePark,Community Walk,2026-04-06,North,Y,Y
BKG001801,RESIDENT_00741,EVT003,Zumba Fiesta,Workout Class,2026-04-27,North-East,Y,N
BKG001002,RESIDENT_00422,EVT005,Sundays@thePark,Community Walk,2026-05-29,North,Y,N
BKG000270,RESIDENT_00123,EVT004,Brisk Walk @ Park,Community Walk,2026-04-02,East,Y,Y
BKG001816,RESIDENT_00748,EVT004,Brisk Walk @ Park,Community Walk,2026-04-03,East,Y,Y
BKG002290,RESIDENT_00925,EVT001,Sunrise Mass Workout,Mass Workout,2026-06-15,West,Y,Y
BKG001632,RESIDENT_00667,EVT001,Sunrise Mass Workout,Mass Workout,2026-05-20,East,Y,Y
BKG003368,RESIDENT_01368,EVT009,Health Screening Drive,Screening,2026-04-30,Central,Y,N
BKG002472,RESIDENT_00987,EVT004,Brisk Walk @ Park,Community Walk,2026-06-05,East,Y,N
BKG002031,RESIDENT_00826,EVT004,Brisk Walk @ Park,Community Walk,2026-06-01,Central,Y,Y
BKG001712,RESIDENT_00704,EVT003,Zumba Fiesta,Workout Class,2026-06-13,North-East,Y,N
BKG001152,RESIDENT_00479,EVT005,Sundays@thePark,Community Walk,2026-05-14,Central,Y,Y
BKG000613,RESIDENT_00266,EVT001,Sunrise Mass Workout,Mass Workout,2026-06-02,North,Y,Y
BKG003235,RESIDENT_01308,EVT010,Nutrition Talk,Talk,2026-06-23,North-East,Y,Y
BKG000959,RESIDENT_00404,EVT009,Health Screening Drive,Screening,2026-05-16,Central,Y,N
BKG003558,RESIDENT_01458,EVT010,Nutrition Talk,Talk,2026-05-17,Central,Y,N
BKG000081,RESIDENT_00031,EVT005,Sundays@thePark,Community Walk,2026-04-01,North,Y,Y
BKG001415,RESIDENT_00578,EVT006,Aqua Aerobics,Workout Class,2026-06-16,Central,Y,Y
BKG000314,RESIDENT_00149,EVT007,Weekend Cycling,Community Ride,2026-06-27,West,Y,Y
BKG001586,RESIDENT_00650,EVT001,Sunrise Mass Workout,Mass Workout,2026-05-12,North-East,Y,Y
BKG001698,RESIDENT_00695,EVT009,Health Screening Drive,Screening,2026-06-30,West,Y,Y
BKG001996,RESIDENT_00811,EVT002,HIIT @ CC,Workout Class,2026-04-07,East,Y,Y
BKG001901,RESIDENT_00779,EVT004,Brisk Walk @ Park,Community Walk,2026-04-03,North-East,Y,N
BKG000491,RESIDENT_00222,EVT009,Health Screening Drive,Screening,2026-05-06,North,Y,N
BKG002077,RESIDENT_00839,EVT001,Sunrise Mass Workout,Mass Workout,2026-04-25,West,Y,Y
BKG003561,RESIDENT_01459,EVT007,Weekend Cycling,Community Ride,2026-04-12,North,Y,N
BKG002597,RESIDENT_01051,EVT003,Zumba Fiesta,Workout Class,2026-05-23,North,Y,Y
BKG001572,RESIDENT_00643,EVT010,Nutrition Talk,Talk,2026-05-14,Central,Y,Y
BKG001768,RESIDENT_00730,EVT006,Aqua Aerobics,Workout Class,2026-05-31,West,Y,Y
BKG000638,RESIDENT_00279,EVT002,HIIT @ CC,Workout Class,2026-05-09,East,Y,Y
BKG000509,RESIDENT_00231,EVT010,Nutrition Talk,Talk,2026-04-26,North,Y,Y
BKG000048,RESIDENT_00020,EVT003,Zumba Fiesta,Workout Class,2026-05-22,Central,Y,Y
BKG003163,RESIDENT_01280,EVT004,Brisk Walk @ Park,Community Walk,2026-05-08,Central,Y,Y
BKG002908,RESIDENT_01176,EVT003,Zumba Fiesta,Workout Class,2026-04-21,North-East,Y,Y
BKG003009,RESIDENT_01219,EVT007,Weekend Cycling,Community Ride,2026-04-18,West,Y,N
BKG000683,RESIDENT_00291,EVT006,Aqua Aerobics,Workout Class,2026-04-14,West,Y,Y
BKG001682,RESIDENT_00687,EVT005,Sundays@thePark,Community Walk,2026-05-31,West,Y,Y
BKG001813,RESIDENT_00748,EVT010,Nutrition Talk,Talk,2026-06-05,East,Y,Y
BKG003265,RESIDENT_01318,EVT005,Sundays@thePark,Community Walk,2026-06-27,East,Y,N
BKG002725,RESIDENT_01108,EVT005,Sundays@thePark,Community Walk,2026-06-25,North-East,Y,Y
BKG001178,RESIDENT_00493,EVT007,Weekend Cycling,Community Ride,2026-06-26,North,Y,Y
BKG003486,RESIDENT_01423,EVT004,Brisk Walk @ Park,Community Walk,2026-04-02,Central,Y,N
BKG002093,RESIDENT_00847,EVT008,Strength & Mobility,Workout Class,2026-04-11,North,Y,Y
BKG000695,RESIDENT_00297,EVT004,Brisk Walk @ Park,Community Walk,2026-05-18,North,Y,Y
BKG002857,RESIDENT_01155,EVT006,Aqua Aerobics,Workout Class,2026-05-16,West,Y,Y
BKG001631,RESIDENT_00667,EVT004,Brisk Walk @ Park,Community Walk,2026-05-27,East,Y,Y
BKG000317,RESIDENT_00149,EVT006,Aqua Aerobics,Workout Class,2026-06-03,West,Y,Y
BKG003046,RESIDENT_01238,EVT007,Weekend Cycling,Community Ride,2026-05-18,West,Y,Y
BKG000663,RESIDENT_00284,EVT006,Aqua Aerobics,Workout Class,2026-06-20,North-East,Y,Y
BKG003584,RESIDENT_01473,EVT003,Zumba Fiesta,Workout Class,2026-05-24,Central,Y,Y
BKG000136,RESIDENT_00063,EVT008,Strength & Mobility,Workout Class,2026-06-11,West,Y,N
BKG000643,RESIDENT_00279,EVT004,Brisk Walk @ Park,Community Walk,2026-05-29,Central,Y,Y
BKG001237,RESIDENT_00515,EVT006,Aqua Aerobics,Workout Class,2026-06-16,North,Y,Y
BKG002738,RESIDENT_01112,EVT002,HIIT @ CC,Workout Class,2026-04-21,West,Y,Y
BKG001229,RESIDENT_00510,EVT006,Aqua Aerobics,Workout Class,2026-04-27,West,Y,Y
BKG002655,RESIDENT_01078,EVT010,Nutrition Talk,Talk,2026-05-12,North,Y,Y
BKG001775,RESIDENT_00734,EVT002,HIIT @ CC,Workout Class,2026-04-25,West,Y,Y
BKG001806,RESIDENT_00743,EVT006,Aqua Aerobics,Workout Class,2026-05-02,Central,Y,Y
BKG002508,RESIDENT_01010,EVT001,Sunrise Mass Workout,Mass Workout,2026-06-12,West,Y,Y
BKG002397,RESIDENT_00957,EVT006,Aqua Aerobics,Workout Class,2026-05-09,Central,Y,N
BKG003284,RESIDENT_01329,EVT006,Aqua Aerobics,Workout Class,2026-05-04,North-East,Y,Y
BKG001673,RESIDENT_00683,EVT003,Zumba Fiesta,Workout Class,2026-05-28,North,Y,Y
BKG002137,RESIDENT_00863,EVT008,Strength & Mobility,Workout Class,2026-04-20,North,Y,Y
BKG002389,RESIDENT_00954,EVT004,Brisk Walk @ Park,Community Walk,2026-05-15,East,Y,Y
BKG003076,RESIDENT_01251,EVT002,HIIT @ CC,Workout Class,2026-05-10,North,Y,Y
BKG000456,RESIDENT_00204,EVT004,Brisk Walk @ Park,Community Walk,2026-04-07,East,Y,Y
BKG001937,RESIDENT_00793,EVT001,Sunrise Mass Workout,Mass Workout,2026-06-17,West,Y,Y
BKG002600,RESIDENT_01051,EVT005,Sundays@thePark,Community Walk,2026-06-16,North,Y,Y
BKG000229,RESIDENT_00102,EVT009,Health Screening Drive,Screening,2026-06-10,North-East,Y,Y
BKG002761,RESIDENT_01121,EVT002,HIIT @ CC,Workout Class,2026-04-14,North-East,Y,Y
BKG002461,RESIDENT_00982,EVT004,Brisk Walk @ Park,Community Walk,2026-06-04,West,Y,Y
BKG000666,RESIDENT_00286,EVT010,Nutrition Talk,Talk,2026-05-13,East,Y,Y
BKG001093,RESIDENT_00456,EVT004,Brisk Walk @ Park,Community Walk,2026-05-09,North-East,Y,Y
BKG001815,RESIDENT_00748,EVT006,Aqua Aerobics,Workout Class,2026-04-11,East,Y,N
BKG002810,RESIDENT_01141,EVT004,Brisk Walk @ Park,Community Walk,2026-06-10,East,Y,Y
BKG001980,RESIDENT_00804,EVT008,Strength & Mobility,Workout Class,2026-05-26,North,Y,Y
BKG003217,RESIDENT_01300,EVT007,Weekend Cycling,Community Ride,2026-06-26,East,Y,Y
BKG001659,RESIDENT_00678,EVT005,Sundays@thePark,Community Walk,2026-06-13,West,Y,N
BKG002874,RESIDENT_01161,EVT007,Weekend Cycling,Community Ride,2026-05-20,Central,Y,N
BKG000677,RESIDENT_00289,EVT003,Zumba Fiesta,Workout Class,2026-04-13,West,Y,Y
BKG003277,RESIDENT_01326,EVT007,Weekend Cycling,Community Ride,2026-05-25,Central,Y,Y
BKG001485,RESIDENT_00601,EVT004,Brisk Walk @ Park,Community Walk,2026-06-03,Central,Y,Y
BKG001926,RESIDENT_00789,EVT003,Zumba Fiesta,Workout Class,2026-05-07,West,Y,Y
BKG000605,RESIDENT_00265,EVT003,Zumba Fiesta,Workout Class,2026-05-06,East,Y,Y
BKG002962,RESIDENT_01202,EVT010,Nutrition Talk,Talk,2026-05-07,Central,Y,Y
BKG002296,RESIDENT_00926,EVT009,Health Screening Drive,Screening,2026-04-25,Central,Y,Y
BKG003139,RESIDENT_01271,EVT007,Weekend Cycling,Community Ride,2026-06-15,North-East,Y,Y
BKG000971,RESIDENT_00408,EVT006,Aqua Aerobics,Workout Class,2026-05-24,East,Y,N
BKG000782,RESIDENT_00332,EVT005,Sundays@thePark,Community Walk,2026-06-08,Central,Y,Y
BKG002771,RESIDENT_01125,EVT003,Zumba Fiesta,Workout Class,2026-04-18,Central,Y,N
BKG003545,RESIDENT_01450,EVT003,Zumba Fiesta,Workout Class,2026-05-25,North,Y,Y
BKG000943,RESIDENT_00397,EVT008,Strength & Mobility,Workout Class,2026-06-07,North-East,Y,Y
BKG002357,RESIDENT_00944,EVT001,Sunrise Mass Workout,Mass Workout,2026-04-28,East,Y,Y
BKG002278,RESIDENT_00921,EVT002,HIIT @ CC,Workout Class,2026-05-21,North-East,Y,N
BKG002535,RESIDENT_01023,EVT009,Health Screening Drive,Screening,2026-04-12,West,Y,Y
BKG002619,RESIDENT_01056,EVT006,Aqua Aerobics,Workout Class,2026-04-24,Central,Y,Y
BKG000002,RESIDENT_00001,EVT003,Zumba Fiesta,Workout Class,2026-05-14,Central,Y,Y
BKG003394,RESIDENT_01376,EVT005,Sundays@thePark,Community Walk,2026-05-14,North-East,Y,Y
BKG000970,RESIDENT_00407,EVT003,Zumba Fiesta,Workout Class,2026-05-17,East,Y,Y
BKG000565,RESIDENT_00252,EVT009,Health Screening Drive,Screening,2026-04-25,West,Y,N
BKG003120,RESIDENT_01263,EVT004,Brisk Walk @ Park,Community Walk,2026-04-23,North,Y,Y
BKG002583,RESIDENT_01046,EVT006,Aqua Aerobics,Workout Class,2026-04-10,West,Y,Y
BKG001253,RESIDENT_00522,EVT002,HIIT @ CC,Workout Class,2026-05-19,North,Y,Y
BKG003609,RESIDENT_01485,EVT008,Strength & Mobility,Workout Class,2026-05-25,Central,Y,Y
BKG000199,RESIDENT_00091,EVT005,Sundays@thePark,Community Walk,2026-04-21,North-East,Y,Y
BKG002456,RESIDENT_00980,EVT007,Weekend Cycling,Community Ride,2026-04-10,North-East,Y,Y
BKG003453,RESIDENT_01405,EVT003,Zumba Fiesta,Workout Class,2026-06-15,North,Y,N
BKG003049,RESIDENT_01240,EVT002,HIIT @ CC,Workout Class,2026-04-10,Central,Y,Y
BKG001009,RESIDENT_00424,EVT006,Aqua Aerobics,Workout Class,2026-05-11,North,Y,Y
BKG000667,RESIDENT_00286,EVT002,HIIT @ CC,Workout Class,2026-05-30,North-East,Y,N
BKG002615,RESIDENT_01055,EVT009,Health Screening Drive,Screening,2026-05-01,West,Y,Y
BKG000285,RESIDENT_00132,EVT008,Strength & Mobility,Workout Class,2026-05-03,North,Y,Y
BKG002087,RESIDENT_00844,EVT002,HIIT @ CC,Workout Class,2026-06-25,West,Y,Y
BKG002984,RESIDENT_01208,EVT006,Aqua Aerobics,Workout Class,2026-05-05,East,Y,Y
BKG002522,RESIDENT_01016,EVT005,Sundays@thePark,Community Walk,2026-06-18,West,Y,Y
BKG002195,RESIDENT_00881,EVT001,Sunrise Mass Workout,Mass Workout,2026-06-16,East,Y,Y
BKG002047,RESIDENT_00832,EVT006,Aqua Aerobics,Workout Class,2026-06-03,Central,Y,Y
BKG002679,RESIDENT_01091,EVT003,Zumba Fiesta,Workout Class,2026-06-16,West,Y,Y
BKG002072,RESIDENT_00838,EVT002,HIIT @ CC,Workout Class,2026-05-08,North,Y,Y
BKG002334,RESIDENT_00937,EVT004,Brisk Walk @ Park,Community Walk,2026-04-15,North,Y,Y
BKG001306,RESIDENT_00541,EVT009,Health Screening Drive,Screening,2026-05-24,West,Y,N
BKG003034,RESIDENT_01229,EVT007,Weekend Cycling,Community Ride,2026-06-26,Central,Y,N
BKG003388,RESIDENT_01375,EVT007,Weekend Cycling,Community Ride,2026-05-27,North,Y,Y
BKG003471,RESIDENT_01416,EVT003,Zumba Fiesta,Workout Class,2026-06-28,Central,Y,Y
BKG003096,RESIDENT_01257,EVT002,HIIT @ CC,Workout Class,2026-05-30,Central,Y,N
BKG001773,RESIDENT_00732,EVT001,Sunrise Mass Workout,Mass Workout,2026-04-07,North,Y,N
BKG003020,RESIDENT_01223,EVT001,Sunrise Mass Workout,Mass Workout,2026-04-24,North,Y,N
BKG002315,RESIDENT_00930,EVT008,Strength & Mobility,Workout Class,2026-04-02,West,Y,N
BKG003353,RESIDENT_01362,EVT010,Nutrition Talk,Talk,2026-05-03,West,Y,N
BKG001979,RESIDENT_00804,EVT006,Aqua Aerobics,Workout Class,2026-06-15,North,Y,Y
BKG001636,RESIDENT_00668,EVT004,Brisk Walk @ Park,Community Walk,2026-04-02,East,Y,N
BKG000886,RESIDENT_00378,EVT007,Weekend Cycling,Community Ride,2026-05-03,North,Y,Y
BKG002618,RESIDENT_01056,EVT008,Strength & Mobility,Workout Class,2026-05-12,Central,Y,Y
BKG001830,RESIDENT_00754,EVT010,Nutrition Talk,Talk,2026-04-04,North-East,Y,Y
BKG000119,RESIDENT_00051,EVT009,Health Screening Drive,Screening,2026-05-02,East,Y,Y
BKG001694,RESIDENT_00694,EVT010,Nutrition Talk,Talk,2026-06-16,East,Y,N
BKG003165,RESIDENT_01281,EVT005,Sundays@thePark,Community Walk,2026-05-20,North,Y,Y
BKG002936,RESIDENT_01190,EVT009,Health Screening Drive,Screening,2026-06-18,Central,Y,Y
BKG001383,RESIDENT_00570,EVT010,Nutrition Talk,Talk,2026-06-03,North-East,Y,Y
BKG001437,RESIDENT_00583,EVT003,Zumba Fiesta,Workout Class,2026-06-22,Central,Y,Y
BKG003338,RESIDENT_01355,EVT004,Brisk Walk @ Park,Community Walk,2026-05-29,West,Y,N
BKG002188,RESIDENT_00880,EVT009,Health Screening Drive,Screening,2026-05-05,Central,Y,Y
BKG000574,RESIDENT_00255,EVT003,Zumba Fiesta,Workout Class,2026-05-09,Central,Y,Y
BKG003216,RESIDENT_01300,EVT010,Nutrition Talk,Talk,2026-04-14,Central,Y,N
BKG003500,RESIDENT_01428,EVT003,Zumba Fiesta,Workout Class,2026-04-26,North,Y,N
BKG003475,RESIDENT_01417,EVT005,Sundays@thePark,Community Walk,2026-04-16,North-East,Y,N
BKG000239,RESIDENT_00106,EVT006,Aqua Aerobics,Workout Class,2026-06-21,North-East,Y,Y
BKG001319,RESIDENT_00547,EVT002,HIIT @ CC,Workout Class,2026-05-06,Central,Y,Y
BKG001677,RESIDENT_00685,EVT006,Aqua Aerobics,Workout Class,2026-06-15,East,Y,N
BKG001036,RESIDENT_00438,EVT006,Aqua Aerobics,Workout Class,2026-04-13,Central,Y,N
BKG000392,RESIDENT_00180,EVT008,Strength & Mobility,Workout Class,2026-04-21,West,Y,N
BKG000093,RESIDENT_00041,EVT002,HIIT @ CC,Workout Class,2026-05-03,North-East,Y,Y
BKG000803,RESIDENT_00344,EVT008,Strength & Mobility,Workout Class,2026-06-23,North,Y,Y
BKG002928,RESIDENT_01187,EVT002,HIIT @ CC,Workout Class,2026-05-16,West,Y,Y
BKG001617,RESIDENT_00663,EVT007,Weekend Cycling,Community Ride,2026-04-18,North,Y,N
BKG000843,RESIDENT_00360,EVT002,HIIT @ CC,Workout Class,2026-06-14,North-East,Y,Y
BKG002896,RESIDENT_01172,EVT007,Weekend Cycling,Community Ride,2026-04-11,East,Y,Y
BKG000686,RESIDENT_00292,EVT002,HIIT @ CC,Workout Class,2026-04-11,North,Y,N
BKG002950,RESIDENT_01195,EVT002,HIIT @ CC,Workout Class,2026-04-05,West,Y,Y
BKG001254,RESIDENT_00522,EVT001,Sunrise Mass Workout,Mass Workout,2026-04-02,North,Y,Y
BKG000603,RESIDENT_00265,EVT006,Aqua Aerobics,Workout Class,2026-05-13,East,Y,Y
BKG001991,RESIDENT_00809,EVT004,Brisk Walk @ Park,Community Walk,2026-05-30,North,Y,Y
BKG000972,RESIDENT_00409,EVT009,Health Screening Drive,Screening,2026-06-19,East,Y,Y
BKG000836,RESIDENT_00358,EVT003,Zumba Fiesta,Workout Class,2026-04-28,West,Y,Y
BKG001616,RESIDENT_00663,EVT008,Strength & Mobility,Workout Class,2026-05-02,North,Y,Y
BKG002980,RESIDENT_01207,EVT008,Strength & Mobility,Workout Class,2026-06-14,West,Y,Y
BKG000641,RESIDENT_00279,EVT010,Nutrition Talk,Talk,2026-04-08,East,Y,Y
BKG000784,RESIDENT_00334,EVT009,Health Screening Drive,Screening,2026-06-08,North-East,Y,Y
BKG002594,RESIDENT_01049,EVT006,Aqua Aerobics,Workout Class,2026-06-06,West,Y,Y
BKG000794,RESIDENT_00339,EVT001,Sunrise Mass Workout,Mass Workout,2026-04-21,North,Y,Y
BKG000078,RESIDENT_00029,EVT007,Weekend Cycling,Community Ride,2026-04-22,North-East,Y,Y
BKG001478,RESIDENT_00597,EVT010,Nutrition Talk,Talk,2026-04-30,Central,Y,Y
BKG000538,RESIDENT_00239,EVT003,Zumba Fiesta,Workout Class,2026-05-18,Central,Y,Y
BKG001927,RESIDENT_00790,EVT007,Weekend Cycling,Community Ride,2026-04-08,North,Y,Y
BKG002023,RESIDENT_00819,EVT001,Sunrise Mass Workout,Mass Workout,2026-05-03,Central,Y,Y
BKG001764,RESIDENT_00728,EVT003,Zumba Fiesta,Workout Class,2026-05-06,East,Y,N
BKG000704,RESIDENT_00301,EVT003,Zumba Fiesta,Workout Class,2026-04-03,West,Y,N
BKG002539,RESIDENT_01026,EVT007,Weekend Cycling,Community Ride,2026-05-04,West,Y,N
BKG003440,RESIDENT_01398,EVT008,Strength & Mobility,Workout Class,2026-06-01,North-East,Y,N
BKG003016,RESIDENT_01221,EVT006,Aqua Aerobics,Workout Class,2026-04-15,Central,Y,Y
BKG002118,RESIDENT_00853,EVT004,Brisk Walk @ Park,Community Walk,2026-06-02,North,Y,Y
BKG000855,RESIDENT_00365,EVT009,Health Screening Drive,Screening,2026-05-21,West,Y,Y
BKG002295,RESIDENT_00926,EVT010,Nutrition Talk,Talk,2026-04-01,Central,Y,Y
BKG001440,RESIDENT_00584,EVT004,Brisk Walk @ Park,Community Walk,2026-05-12,East,Y,Y
BKG001809,RESIDENT_00747,EVT002,HIIT @ CC,Workout Class,2026-05-11,North-East,Y,Y
BKG001064,RESIDENT_00446,EVT010,Nutrition Talk,Talk,2026-04-13,East,Y,Y
BKG001101,RESIDENT_00460,EVT007,Weekend Cycling,Community Ride,2026-06-25,North-East,Y,N
BKG000357,RESIDENT_00162,EVT004,Brisk Walk @ Park,Community Walk,2026-06-19,West,Y,Y
BKG000087,RESIDENT_00039,EVT008,Strength & Mobility,Workout Class,2026-05-09,Central,Y,Y
BKG001017,RESIDENT_00426,EVT007,Weekend Cycling,Community Ride,2026-04-05,West,Y,Y
BKG001060,RESIDENT_00444,EVT003,Zumba Fiesta,Workout Class,2026-06-02,North,Y,Y
BKG001349,RESIDENT_00556,EVT010,Nutrition Talk,Talk,2026-05-27,North-East,Y,Y
BKG003143,RESIDENT_01273,EVT005,Sundays@thePark,Community Walk,2026-05-24,Central,Y,N
BKG003045,RESIDENT_01236,EVT002,HIIT @ CC,Workout Class,2026-04-29,Central,Y,Y
BKG003417,RESIDENT_01388,EVT010,Nutrition Talk,Talk,2026-06-28,North-East,Y,Y
BKG002989,RESIDENT_01211,EVT001,Sunrise Mass Workout,Mass Workout,2026-05-11,North,Y,N
BKG003321,RESIDENT_01346,EVT009,Health Screening Drive,Screening,2026-05-04,Central,Y,N
BKG000393,RESIDENT_00180,EVT009,Health Screening Drive,Screening,2026-04-22,West,Y,Y
BKG003137,RESIDENT_01270,EVT004,Brisk Walk @ Park,Community Walk,2026-04-07,North,Y,Y
BKG002179,RESIDENT_00876,EVT007,Weekend Cycling,Community Ride,2026-04-09,North-East,Y,N
BKG000433,RESIDENT_00197,EVT010,Nutrition Talk,Talk,2026-04-24,Central,Y,Y
BKG003502,RESIDENT_01429,EVT010,Nutrition Talk,Talk,2026-05-16,North-East,Y,Y
BKG001618,RESIDENT_00663,EVT007,Weekend Cycling,Community Ride,2026-06-30,North,Y,N
BKG000020,RESIDENT_00007,EVT001,Sunrise Mass Workout,Mass Workout,2026-04-20,Central,Y,Y
BKG000463,RESIDENT_00205,EVT001,Sunrise Mass Workout,Mass Workout,2026-06-30,West,Y,Y
BKG000607,RESIDENT_00265,EVT007,Weekend Cycling,Community Ride,2026-05-10,East,Y,Y
BKG000785,RESIDENT_00336,EVT004,Brisk Walk @ Park,Community Walk,2026-05-15,East,Y,N
BKG000906,RESIDENT_00384,EVT003,Zumba Fiesta,Workout Class,2026-06-13,East,Y,N
BKG002335,RESIDENT_00937,EVT009,Health Screening Drive,Screening,2026-04-24,North,Y,Y
BKG001941,RESIDENT_00794,EVT009,Health Screening Drive,Screening,2026-05-04,North,Y,Y
BKG001487,RESIDENT_00601,EVT007,Weekend Cycling,Community Ride,2026-06-25,West,Y,Y
BKG000496,RESIDENT_00225,EVT010,Nutrition Talk,Talk,2026-06-29,West,Y,Y
BKG001071,RESIDENT_00447,EVT004,Brisk Walk @ Park,Community Walk,2026-05-20,Central,Y,Y
BKG001814,RESIDENT_00748,EVT001,Sunrise Mass Workout,Mass Workout,2026-04-11,East,Y,Y
BKG003559,RESIDENT_01458,EVT006,Aqua Aerobics,Workout Class,2026-06-18,Central,Y,Y
BKG001689,RESIDENT_00690,EVT002,HIIT @ CC,Workout Class,2026-06-14,Central,Y,N
BKG000188,RESIDENT_00088,EVT003,Zumba Fiesta,Workout Class,2026-06-07,East,Y,Y
BKG002483,RESIDENT_00989,EVT003,Zumba Fiesta,Workout Class,2026-05-28,Central,Y,Y
BKG000646,RESIDENT_00280,EVT005,Sundays@thePark,Community Walk,2026-04-28,Central,Y,Y
BKG002537,RESIDENT_01024,EVT010,Nutrition Talk,Talk,2026-04-17,North-East,Y,Y
BKG001522,RESIDENT_00616,EVT001,Sunrise Mass Workout,Mass Workout,2026-06-30,Central,Y,N
BKG002050,RESIDENT_00832,EVT004,Brisk Walk @ Park,Community Walk,2026-04-26,North-East,Y,Y
BKG001516,RESIDENT_00615,EVT005,Sundays@thePark,Community Walk,2026-04-07,West,Y,N
BKG003282,RESIDENT_01329,EVT001,Sunrise Mass Workout,Mass Workout,2026-05-04,North-East,Y,Y
BKG002780,RESIDENT_01127,EVT003,Zumba Fiesta,Workout Class,2026-04-22,Central,Y,Y
BKG002443,RESIDENT_00973,EVT001,Sunrise Mass Workout,Mass Workout,2026-06-12,Central,Y,Y
BKG000870,RESIDENT_00371,EVT008,Strength & Mobility,Workout Class,2026-05-11,North-East,Y,Y
BKG003382,RESIDENT_01373,EVT004,Brisk Walk @ Park,Community Walk,2026-06-10,West,Y,Y
BKG003090,RESIDENT_01255,EVT008,Strength & Mobility,Workout Class,2026-06-23,Central,Y,Y
BKG002268,RESIDENT_00915,EVT007,Weekend Cycling,Community Ride,2026-06-28,North,Y,Y
BKG003553,RESIDENT_01453,EVT008,Strength & Mobility,Workout Class,2026-05-15,North-East,Y,Y
BKG002915,RESIDENT_01177,EVT007,Weekend Cycling,Community Ride,2026-05-25,Central,Y,Y
BKG002313,RESIDENT_00929,EVT005,Sundays@thePark,Community Walk,2026-05-10,West,Y,Y
BKG000288,RESIDENT_00133,EVT010,Nutrition Talk,Talk,2026-05-29,North-East,Y,Y
BKG003464,RESIDENT_01413,EVT006,Aqua Aerobics,Workout Class,2026-06-09,North-East,Y,Y
BKG002460,RESIDENT_00980,EVT005,Sundays@thePark,Community Walk,2026-05-20,North-East,Y,Y
BKG002016,RESIDENT_00818,EVT004,Brisk Walk @ Park,Community Walk,2026-05-16,East,Y,Y
BKG002138,RESIDENT_00863,EVT010,Nutrition Talk,Talk,2026-06-11,North,Y,Y
BKG001367,RESIDENT_00563,EVT010,Nutrition Talk,Talk,2026-04-08,Central,Y,N
BKG002672,RESIDENT_01085,EVT010,Nutrition Talk,Talk,2026-04-03,West,Y,Y
BKG001029,RESIDENT_00434,EVT005,Sundays@thePark,Community Walk,2026-05-17,Central,Y,Y
BKG002985,RESIDENT_01209,EVT007,Weekend Cycling,Community Ride,2026-06-20,North-East,Y,N
BKG000742,RESIDENT_00316,EVT006,Aqua Aerobics,Workout Class,2026-06-13,West,Y,N
BKG002477,RESIDENT_00988,EVT006,Aqua Aerobics,Workout Class,2026-06-02,West,Y,Y
BKG003198,RESIDENT_01292,EVT008,Strength & Mobility,Workout Class,2026-04-22,West,Y,Y
BKG000969,RESIDENT_00407,EVT004,Brisk Walk @ Park,Community Walk,2026-04-01,East,Y,Y
BKG000038,RESIDENT_00016,EVT007,Weekend Cycling,Community Ride,2026-06-01,Central,Y,Y
BKG001195,RESIDENT_00499,EVT010,Nutrition Talk,Talk,2026-05-21,North-East,Y,Y
BKG001475,RESIDENT_00595,EVT003,Zumba Fiesta,Workout Class,2026-04-04,West,Y,N
BKG000858,RESIDENT_00366,EVT008,Strength & Mobility,Workout Class,2026-04-11,North,Y,Y
BKG002390,RESIDENT_00954,EVT002,HIIT @ CC,Workout Class,2026-05-24,North-East,Y,Y
BKG003071,RESIDENT_01250,EVT005,Sundays@thePark,Community Walk,2026-06-27,West,Y,N
BKG001838,RESIDENT_00756,EVT004,Brisk Walk @ Park,Community Walk,2026-04-27,North,Y,Y
BKG001604,RESIDENT_00659,EVT003,Zumba Fiesta,Workout Class,2026-05-24,North,Y,N
BKG001236,RESIDENT_00515,EVT003,Zumba Fiesta,Workout Class,2026-06-16,North,Y,N
BKG003588,RESIDENT_01475,EVT004,Brisk Walk @ Park,Community Walk,2026-06-12,North,Y,N
BKG000454,RESIDENT_00203,EVT008,Strength & Mobility,Workout Class,2026-05-04,North-East,Y,Y
BKG001182,RESIDENT_00493,EVT005,Sundays@thePark,Community Walk,2026-04-10,North,Y,Y
BKG000872,RESIDENT_00371,EVT007,Weekend Cycling,Community Ride,2026-05-03,North-East,Y,Y
BKG000455,RESIDENT_00203,EVT007,Weekend Cycling,Community Ride,2026-05-03,North-East,Y,N
BKG003256,RESIDENT_01315,EVT001,Sunrise Mass Workout,Mass Workout,2026-05-01,North,Y,Y
BKG002833,RESIDENT_01148,EVT008,Strength & Mobility,Workout Class,2026-04-13,Central,Y,Y
BKG001416,RESIDENT_00578,EVT006,Aqua Aerobics,Workout Class,2026-05-18,West,Y,Y
BKG003419,RESIDENT_01388,EVT005,Sundays@thePark,Community Walk,2026-05-12,North-East,Y,Y
BKG002382,RESIDENT_00951,EVT003,Zumba Fiesta,Workout Class,2026-05-08,North,Y,Y
BKG003610,RESIDENT_01485,EVT009,Health Screening Drive,Screening,2026-04-09,North-East,Y,Y
BKG001517,RESIDENT_00616,EVT010,Nutrition Talk,Talk,2026-05-25,Central,Y,Y
BKG003468,RESIDENT_01414,EVT009,Health Screening Drive,Screening,2026-06-20,North-East,Y,Y
BKG000889,RESIDENT_00378,EVT005,Sundays@thePark,Community Walk,2026-04-05,Central,Y,Y
BKG001276,RESIDENT_00532,EVT003,Zumba Fiesta,Workout Class,2026-06-28,Central,Y,Y
BKG001794,RESIDENT_00739,EVT001,Sunrise Mass Workout,Mass Workout,2026-04-04,Central,Y,Y
BKG003485,RESIDENT_01422,EVT004,Brisk Walk @ Park,Community Walk,2026-06-22,North,Y,Y
BKG000073,RESIDENT_00029,EVT007,Weekend Cycling,Community Ride,2026-06-04,North-East,Y,Y
BKG000744,RESIDENT_00319,EVT010,Nutrition Talk,Talk,2026-05-08,North,Y,N
BKG000896,RESIDENT_00381,EVT003,Zumba Fiesta,Workout Class,2026-06-14,Central,Y,Y
BKG001490,RESIDENT_00603,EVT007,Weekend Cycling,Community Ride,2026-05-24,North,Y,Y
BKG000940,RESIDENT_00393,EVT009,Health Screening Drive,Screening,2026-06-26,West,Y,N
BKG002888,RESIDENT_01166,EVT003,Zumba Fiesta,Workout Class,2026-06-25,North,Y,Y
BKG002847,RESIDENT_01152,EVT010,Nutrition Talk,Talk,2026-04-20,North,Y,Y
BKG003210,RESIDENT_01299,EVT007,Weekend Cycling,Community Ride,2026-04-23,North,Y,Y
BKG000632,RESIDENT_00275,EVT007,Weekend Cycling,Community Ride,2026-05-12,North-East,Y,Y
BKG003013,RESIDENT_01220,EVT002,HIIT @ CC,Workout Class,2026-04-30,West,Y,N
BKG000057,RESIDENT_00023,EVT004,Brisk Walk @ Park,Community Walk,2026-04-16,West,Y,Y
BKG003190,RESIDENT_01289,EVT008,Strength & Mobility,Workout Class,2026-06-21,Central,Y,Y
BKG002998,RESIDENT_01215,EVT003,Zumba Fiesta,Workout Class,2026-05-23,East,Y,N
BKG002383,RESIDENT_00951,EVT008,Strength & Mobility,Workout Class,2026-05-11,North,Y,Y
BKG001899,RESIDENT_00778,EVT001,Sunrise Mass Workout,Mass Workout,2026-04-29,North,Y,Y
BKG001546,RESIDENT_00631,EVT003,Zumba Fiesta,Workout Class,2026-06-29,East,Y,Y
BKG001360,RESIDENT_00560,EVT008,Strength & Mobility,Workout Class,2026-05-28,North,Y,N
BKG000013,RESIDENT_00006,EVT006,Aqua Aerobics,Workout Class,2026-05-29,North,Y,Y
BKG001527,RESIDENT_00621,EVT008,Strength & Mobility,Workout Class,2026-05-24,East,Y,N
BKG002838,RESIDENT_01150,EVT001,Sunrise Mass Workout,Mass Workout,2026-04-26,North-East,Y,Y
BKG003410,RESIDENT_01382,EVT001,Sunrise Mass Workout,Mass Workout,2026-05-18,North,Y,Y
BKG000745,RESIDENT_00319,EVT008,Strength & Mobility,Workout Class,2026-04-30,North,Y,Y
BKG003424,RESIDENT_01389,EVT007,Weekend Cycling,Community Ride,2026-06-26,Central,Y,Y
BKG001283,RESIDENT_00533,EVT006,Aqua Aerobics,Workout Class,2026-05-13,East,Y,N
BKG000961,RESIDENT_00405,EVT006,Aqua Aerobics,Workout Class,2026-04-29,North-East,Y,N
BKG002342,RESIDENT_00938,EVT002,HIIT @ CC,Workout Class,2026-05-25,West,Y,N
BKG001436,RESIDENT_00583,EVT003,Zumba Fiesta,Workout Class,2026-04-21,Central,Y,Y
BKG002267,RESIDENT_00915,EVT009,Health Screening Drive,Screening,2026-04-25,North,Y,Y
BKG003208,RESIDENT_01299,EVT008,Strength & Mobility,Workout Class,2026-06-10,North,Y,N
BKG001869,RESIDENT_00770,EVT007,Weekend Cycling,Community Ride,2026-06-30,West,Y,N
BKG003109,RESIDENT_01262,EVT003,Zumba Fiesta,Workout Class,2026-05-05,North-East,Y,Y
BKG001843,RESIDENT_00757,EVT009,Health Screening Drive,Screening,2026-04-21,North,Y,Y
BKG003503,RESIDENT_01429,EVT002,HIIT @ CC,Workout Class,2026-06-21,North-East,Y,N
BKG001647,RESIDENT_00675,EVT003,Zumba Fiesta,Workout Class,2026-06-04,Central,Y,Y
BKG000400,RESIDENT_00185,EVT010,Nutrition Talk,Talk,2026-04-29,North-East,Y,Y
BKG000815,RESIDENT_00347,EVT008,Strength & Mobility,Workout Class,2026-06-13,East,Y,N
BKG001037,RESIDENT_00438,EVT010,Nutrition Talk,Talk,2026-06-07,Central,Y,Y
BKG000586,RESIDENT_00259,EVT008,Strength & Mobility,Workout Class,2026-05-30,Central,Y,N
BKG001483,RESIDENT_00601,EVT002,HIIT @ CC,Workout Class,2026-05-12,West,Y,Y
BKG000716,RESIDENT_00309,EVT007,Weekend Cycling,Community Ride,2026-06-02,Central,Y,Y
BKG000993,RESIDENT_00417,EVT007,Weekend Cycling,Community Ride,2026-05-14,Central,Y,Y
BKG002842,RESIDENT_01151,EVT006,Aqua Aerobics,Workout Class,2026-06-02,Central,Y,Y
BKG002236,RESIDENT_00900,EVT003,Zumba Fiesta,Workout Class,2026-06-07,North,Y,Y
BKG001110,RESIDENT_00463,EVT003,Zumba Fiesta,Workout Class,2026-05-17,Central,Y,N
BKG000781,RESIDENT_00332,EVT004,Brisk Walk @ Park,Community Walk,2026-04-13,Central,Y,N
BKG001925,RESIDENT_00789,EVT005,Sundays@thePark,Community Walk,2026-05-01,West,Y,Y
BKG002180,RESIDENT_00876,EVT006,Aqua Aerobics,Workout Class,2026-04-03,North-East,Y,Y
BKG002499,RESIDENT_01003,EVT007,Weekend Cycling,Community Ride,2026-04-21,North-East,Y,N
BKG001340,RESIDENT_00552,EVT008,Strength & Mobility,Workout Class,2026-05-20,East,Y,Y
BKG000391,RESIDENT_00179,EVT006,Aqua Aerobics,Workout Class,2026-04-06,West,Y,N
BKG001431,RESIDENT_00581,EVT004,Brisk Walk @ Park,Community Walk,2026-04-17,East,Y,Y
BKG002492,RESIDENT_00991,EVT008,Strength & Mobility,Workout Class,2026-04-30,Central,Y,Y
BKG000564,RESIDENT_00252,EVT007,Weekend Cycling,Community Ride,2026-06-16,West,Y,Y
BKG001626,RESIDENT_00665,EVT010,Nutrition Talk,Talk,2026-06-23,West,Y,Y
BKG002099,RESIDENT_00849,EVT004,Brisk Walk @ Park,Community Walk,2026-05-25,Central,Y,Y
BKG002961,RESIDENT_01201,EVT006,Aqua Aerobics,Workout Class,2026-05-28,North,Y,Y
BKG001841,RESIDENT_00756,EVT009,Health Screening Drive,Screening,2026-04-16,West,Y,Y
BKG001266,RESIDENT_00526,EVT009,Health Screening Drive,Screening,2026-06-12,North-East,Y,Y
BKG000221,RESIDENT_00100,EVT002,HIIT @ CC,Workout Class,2026-04-02,North,Y,Y
BKG002381,RESIDENT_00951,EVT008,Strength & Mobility,Workout Class,2026-04-08,North,Y,Y
BKG000147,RESIDENT_00071,EVT007,Weekend Cycling,Community Ride,2026-06-14,Central,Y,Y
BKG001313,RESIDENT_00544,EVT010,Nutrition Talk,Talk,2026-06-24,North-East,Y,Y
BKG000090,RESIDENT_00039,EVT008,Strength & Mobility,Workout Class,2026-05-02,Central,Y,Y
BKG003620,RESIDENT_01493,EVT007,Weekend Cycling,Community Ride,2026-06-15,North,Y,Y
BKG000988,RESIDENT_00415,EVT008,Strength & Mobility,Workout Class,2026-04-19,North-East,Y,Y
BKG001911,RESIDENT_00782,EVT002,HIIT @ CC,Workout Class,2026-05-25,West,Y,Y
BKG003043,RESIDENT_01234,EVT007,Weekend Cycling,Community Ride,2026-05-21,North,Y,Y
BKG001364,RESIDENT_00561,EVT008,Strength & Mobility,Workout Class,2026-04-27,North-East,Y,Y
BKG002696,RESIDENT_01095,EVT003,Zumba Fiesta,Workout Class,2026-05-19,North,Y,Y
BKG000333,RESIDENT_00152,EVT003,Zumba Fiesta,Workout Class,2026-06-09,Central,Y,N
BKG002012,RESIDENT_00816,EVT007,Weekend Cycling,Community Ride,2026-06-17,West,Y,N
BKG002208,RESIDENT_00885,EVT009,Health Screening Drive,Screening,2026-06-27,Central,Y,N
BKG001597,RESIDENT_00657,EVT001,Sunrise Mass Workout,Mass Workout,2026-06-22,East,Y,N
BKG003128,RESIDENT_01267,EVT007,Weekend Cycling,Community Ride,2026-04-05,Central,Y,Y
BKG003189,RESIDENT_01288,EVT007,Weekend Cycling,Community Ride,2026-05-01,North,Y,N
BKG001201,RESIDENT_00500,EVT009,Health Screening Drive,Screening,2026-06-14,North,Y,Y
BKG000278,RESIDENT_00129,EVT009,Health Screening Drive,Screening,2026-06-14,East,Y,N
BKG001046,RESIDENT_00441,EVT001,Sunrise Mass Workout,Mass Workout,2026-06-28,Central,Y,Y
BKG001865,RESIDENT_00769,EVT010,Nutrition Talk,Talk,2026-06-24,Central,Y,N
BKG000406,RESIDENT_00187,EVT008,Strength & Mobility,Workout Class,2026-06-20,North,Y,N
BKG000645,RESIDENT_00280,EVT004,Brisk Walk @ Park,Community Walk,2026-04-11,West,Y,Y
BKG003240,RESIDENT_01308,EVT005,Sundays@thePark,Community Walk,2026-05-29,North-East,Y,Y
BKG001451,RESIDENT_00588,EVT002,HIIT @ CC,Workout Class,2026-05-13,Central,Y,Y
BKG002364,RESIDENT_00947,EVT003,Zumba Fiesta,Workout Class,2026-06-18,East,Y,Y
BKG000083,RESIDENT_00035,EVT001,Sunrise Mass Workout,Mass Workout,2026-05-13,East,Y,N
BKG001575,RESIDENT_00644,EVT008,Strength & Mobility,Workout Class,2026-05-11,North,Y,N
BKG002763,RESIDENT_01121,EVT005,Sundays@thePark,Community Walk,2026-06-01,North-East,Y,Y
BKG000037,RESIDENT_00016,EVT008,Strength & Mobility,Workout Class,2026-04-26,East,Y,N
BKG003639,RESIDENT_01500,EVT003,Zumba Fiesta,Workout Class,2026-06-16,Central,Y,Y
BKG002057,RESIDENT_00835,EVT002,HIIT @ CC,Workout Class,2026-05-10,West,Y,N
BKG002455,RESIDENT_00980,EVT006,Aqua Aerobics,Workout Class,2026-06-29,North-East,Y,N
BKG000027,RESIDENT_00011,EVT009,Health Screening Drive,Screening,2026-06-05,Central,Y,Y
BKG000321,RESIDENT_00150,EVT008,Strength & Mobility,Workout Class,2026-06-14,West,Y,Y
BKG003331,RESIDENT_01351,EVT003,Zumba Fiesta,Workout Class,2026-04-24,Central,Y,N
BKG003428,RESIDENT_01390,EVT002,HIIT @ CC,Workout Class,2026-04-12,Central,Y,N
BKG000606,RESIDENT_00265,EVT008,Strength & Mobility,Workout Class,2026-06-01,East,Y,Y
BKG000942,RESIDENT_00396,EVT009,Health Screening Drive,Screening,2026-04-17,Central,Y,N
BKG002200,RESIDENT_00882,EVT006,Aqua Aerobics,Workout Class,2026-06-02,West,Y,Y
BKG002895,RESIDENT_01171,EVT009,Health Screening Drive,Screening,2026-06-29,West,Y,N
BKG001223,RESIDENT_00510,EVT006,Aqua Aerobics,Workout Class,2026-05-27,West,Y,Y
BKG000493,RESIDENT_00224,EVT001,Sunrise Mass Workout,Mass Workout,2026-05-02,North,Y,N
BKG001466,RESIDENT_00591,EVT005,Sundays@thePark,Community Walk,2026-06-09,West,Y,Y
BKG000011,RESIDENT_00004,EVT003,Zumba Fiesta,Workout Class,2026-06-21,Central,Y,N
BKG001913,RESIDENT_00783,EVT006,Aqua Aerobics,Workout Class,2026-04-08,North,Y,N
BKG003188,RESIDENT_01287,EVT010,Nutrition Talk,Talk,2026-06-08,Central,Y,Y
BKG003397,RESIDENT_01377,EVT005,Sundays@thePark,Community Walk,2026-06-11,North,Y,N
BKG002574,RESIDENT_01042,EVT001,Sunrise Mass Workout,Mass Workout,2026-04-15,North,Y,N
BKG001239,RESIDENT_00518,EVT003,Zumba Fiesta,Workout Class,2026-04-29,Central,Y,Y
BKG001876,RESIDENT_00774,EVT007,Weekend Cycling,Community Ride,2026-06-07,West,Y,N
BKG000771,RESIDENT_00329,EVT006,Aqua Aerobics,Workout Class,2026-04-30,North,Y,N
BKG001411,RESIDENT_00577,EVT005,Sundays@thePark,Community Walk,2026-04-21,Central,Y,N
BKG001103,RESIDENT_00461,EVT008,Strength & Mobility,Workout Class,2026-05-06,North,Y,Y
BKG002686,RESIDENT_01094,EVT009,Health Screening Drive,Screening,2026-05-26,Central,Y,Y
BKG000918,RESIDENT_00388,EVT005,Sundays@thePark,Community Walk,2026-05-30,Central,Y,Y
BKG000985,RESIDENT_00414,EVT005,Sundays@thePark,Community Walk,2026-05-15,West,Y,Y
BKG002997,RESIDENT_01214,EVT006,Aqua Aerobics,Workout Class,2026-04-07,West,Y,Y
BKG003585,RESIDENT_01474,EVT001,Sunrise Mass Workout,Mass Workout,2026-04-26,Central,Y,Y
BKG001200,RESIDENT_00500,EVT004,Brisk Walk @ Park,Community Walk,2026-05-04,West,Y,Y
BKG003336,RESIDENT_01353,EVT005,Sundays@thePark,Community Walk,2026-06-16,Central,Y,Y
BKG000466,RESIDENT_00207,EVT002,HIIT @ CC,Workout Class,2026-04-06,West,Y,Y
BKG001699,RESIDENT_00696,EVT004,Brisk Walk @ Park,Community Walk,2026-06-20,Central,Y,N
BKG003063,RESIDENT_01246,EVT002,HIIT @ CC,Workout Class,2026-04-18,Central,Y,Y
BKG003035,RESIDENT_01230,EVT008,Strength & Mobility,Workout Class,2026-04-01,Central,Y,N
BKG000108,RESIDENT_00048,EVT009,Health Screening Drive,Screening,2026-04-05,Central,Y,Y
BKG001664,RESIDENT_00678,EVT006,Aqua Aerobics,Workout Class,2026-04-05,West,Y,Y
BKG001226,RESIDENT_00510,EVT003,Zumba Fiesta,Workout Class,2026-06-26,West,Y,Y
BKG000390,RESIDENT_00178,EVT002,HIIT @ CC,Workout Class,2026-06-11,Central,Y,Y
BKG000792,RESIDENT_00338,EVT004,Brisk Walk @ Park,Community Walk,2026-04-09,East,Y,N
BKG000422,RESIDENT_00195,EVT005,Sundays@thePark,Community Walk,2026-06-21,West,Y,Y
BKG002971,RESIDENT_01204,EVT006,Aqua Aerobics,Workout Class,2026-05-07,North,Y,Y
BKG003267,RESIDENT_01320,EVT001,Sunrise Mass Workout,Mass Workout,2026-06-24,North-East,Y,Y
BKG003057,RESIDENT_01244,EVT006,Aqua Aerobics,Workout Class,2026-06-04,North-East,Y,Y
BKG002770,RESIDENT_01124,EVT005,Sundays@thePark,Community Walk,2026-04-15,East,Y,Y
BKG002241,RESIDENT_00903,EVT003,Zumba Fiesta,Workout Class,2026-06-23,North,Y,Y
BKG001249,RESIDENT_00521,EVT004,Brisk Walk @ Park,Community Walk,2026-04-12,North-East,Y,Y
BKG002354,RESIDENT_00942,EVT001,Sunrise Mass Workout,Mass Workout,2026-06-20,North,Y,Y
BKG002674,RESIDENT_01085,EVT010,Nutrition Talk,Talk,2026-04-16,West,Y,Y
BKG002668,RESIDENT_01084,EVT007,Weekend Cycling,Community Ride,2026-06-28,Central,Y,N
BKG001442,RESIDENT_00584,EVT005,Sundays@thePark,Community Walk,2026-05-31,North-East,Y,Y
BKG000323,RESIDENT_00150,EVT009,Health Screening Drive,Screening,2026-05-25,West,Y,Y
BKG000595,RESIDENT_00263,EVT006,Aqua Aerobics,Workout Class,2026-06-16,North,Y,Y
BKG002150,RESIDENT_00866,EVT001,Sunrise Mass Workout,Mass Workout,2026-06-20,North-East,Y,Y
BKG003081,RESIDENT_01253,EVT003,Zumba Fiesta,Workout Class,2026-06-04,North-East,Y,Y
BKG002893,RESIDENT_01170,EVT002,HIIT @ CC,Workout Class,2026-04-07,North-East,Y,Y
BKG001272,RESIDENT_00529,EVT010,Nutrition Talk,Talk,2026-05-01,East,Y,Y
BKG003297,RESIDENT_01336,EVT004,Brisk Walk @ Park,Community Walk,2026-04-29,East,Y,Y
BKG003521,RESIDENT_01440,EVT002,HIIT @ CC,Workout Class,2026-04-12,East,Y,Y
BKG000831,RESIDENT_00356,EVT004,Brisk Walk @ Park,Community Walk,2026-05-31,Central,Y,Y
BKG002603,RESIDENT_01051,EVT009,Health Screening Drive,Screening,2026-06-26,Central,Y,Y
BKG001703,RESIDENT_00699,EVT008,Strength & Mobility,Workout Class,2026-05-18,Central,Y,Y
BKG003463,RESIDENT_01412,EVT004,Brisk Walk @ Park,Community Walk,2026-05-04,North,Y,N
BKG001563,RESIDENT_00639,EVT004,Brisk Walk @ Park,Community Walk,2026-04-25,North-East,Y,N
BKG000157,RESIDENT_00073,EVT010,Nutrition Talk,Talk,2026-04-15,East,Y,Y
BKG000711,RESIDENT_00305,EVT009,Health Screening Drive,Screening,2026-06-05,West,Y,Y
BKG002695,RESIDENT_01095,EVT001,Sunrise Mass Workout,Mass Workout,2026-04-12,North,Y,Y
BKG000431,RESIDENT_00196,EVT008,Strength & Mobility,Workout Class,2026-05-07,North,Y,N
BKG000768,RESIDENT_00328,EVT006,Aqua Aerobics,Workout Class,2026-05-15,West,Y,Y
BKG000982,RESIDENT_00413,EVT009,Health Screening Drive,Screening,2026-04-13,North-East,Y,Y
BKG002747,RESIDENT_01116,EVT004,Brisk Walk @ Park,Community Walk,2026-05-19,West,Y,N
BKG000014,RESIDENT_00006,EVT001,Sunrise Mass Workout,Mass Workout,2026-04-02,North,Y,Y
BKG002299,RESIDENT_00926,EVT006,Aqua Aerobics,Workout Class,2026-04-08,Central,Y,Y
BKG003145,RESIDENT_01274,EVT005,Sundays@thePark,Community Walk,2026-05-03,Central,Y,Y
BKG001139,RESIDENT_00471,EVT006,Aqua Aerobics,Workout Class,2026-05-26,East,Y,N
BKG003261,RESIDENT_01318,EVT010,Nutrition Talk,Talk,2026-05-04,East,Y,Y
BKG000952,RESIDENT_00401,EVT003,Zumba Fiesta,Workout Class,2026-06-10,North,Y,N
BKG000261,RESIDENT_00117,EVT007,Weekend Cycling,Community Ride,2026-05-20,East,Y,N
BKG002649,RESIDENT_01075,EVT001,Sunrise Mass Workout,Mass Workout,2026-06-09,North,Y,Y
BKG003555,RESIDENT_01456,EVT002,HIIT @ CC,Workout Class,2026-06-03,North-East,Y,N
BKG000842,RESIDENT_00360,EVT004,Brisk Walk @ Park,Community Walk,2026-06-09,North-East,Y,Y
BKG002521,RESIDENT_01016,EVT001,Sunrise Mass Workout,Mass Workout,2026-05-28,Central,Y,Y
BKG001812,RESIDENT_00748,EVT009,Health Screening Drive,Screening,2026-06-08,East,Y,Y
BKG000280,RESIDENT_00130,EVT007,Weekend Cycling,Community Ride,2026-04-14,West,Y,Y
BKG001441,RESIDENT_00584,EVT010,Nutrition Talk,Talk,2026-04-22,East,Y,Y
BKG001759,RESIDENT_00726,EVT005,Sundays@thePark,Community Walk,2026-05-18,East,Y,Y
BKG001994,RESIDENT_00810,EVT009,Health Screening Drive,Screening,2026-05-19,North-East,Y,N
BKG000766,RESIDENT_00328,EVT004,Brisk Walk @ Park,Community Walk,2026-05-02,West,Y,N
BKG001082,RESIDENT_00452,EVT006,Aqua Aerobics,Workout Class,2026-05-25,North-East,Y,Y
BKG001187,RESIDENT_00495,EVT007,Weekend Cycling,Community Ride,2026-06-02,East,Y,Y
BKG003390,RESIDENT_01375,EVT002,HIIT @ CC,Workout Class,2026-04-08,North,Y,Y
BKG003192,RESIDENT_01290,EVT007,Weekend Cycling,Community Ride,2026-06-26,North,Y,Y
BKG003624,RESIDENT_01494,EVT003,Zumba Fiesta,Workout Class,2026-06-13,East,Y,Y
BKG003484,RESIDENT_01420,EVT003,Zumba Fiesta,Workout Class,2026-04-21,North,Y,Y
BKG003391,RESIDENT_01375,EVT008,Strength & Mobility,Workout Class,2026-04-29,North,Y,Y
BKG001307,RESIDENT_00541,EVT005,Sundays@thePark,Community Walk,2026-06-16,Central,Y,Y
BKG000512,RESIDENT_00231,EVT010,Nutrition Talk,Talk,2026-04-25,North,Y,Y
BKG002112,RESIDENT_00852,EVT009,Health Screening Drive,Screening,2026-05-27,East,Y,Y
BKG002581,RESIDENT_01044,EVT010,Nutrition Talk,Talk,2026-04-11,West,Y,Y
BKG002940,RESIDENT_01192,EVT008,Strength & Mobility,Workout Class,2026-05-08,Central,Y,N
BKG003326,RESIDENT_01350,EVT008,Strength & Mobility,Workout Class,2026-06-28,Central,Y,Y
BKG002816,RESIDENT_01142,EVT001,Sunrise Mass Workout,Mass Workout,2026-06-21,North-East,Y,Y
BKG001073,RESIDENT_00448,EVT008,Strength & Mobility,Workout Class,2026-05-05,West,Y,Y
BKG002258,RESIDENT_00907,EVT010,Nutrition Talk,Talk,2026-04-29,West,Y,Y
BKG001065,RESIDENT_00446,EVT010,Nutrition Talk,Talk,2026-05-16,Central,Y,Y
BKG000172,RESIDENT_00081,EVT005,Sundays@thePark,Community Walk,2026-05-05,West,Y,Y
BKG003531,RESIDENT_01442,EVT008,Strength & Mobility,Workout Class,2026-05-11,Central,Y,Y
BKG003577,RESIDENT_01469,EVT008,Strength & Mobility,Workout Class,2026-04-04,North-East,Y,Y
BKG001788,RESIDENT_00738,EVT010,Nutrition Talk,Talk,2026-05-06,North,Y,Y
BKG000196,RESIDENT_00091,EVT009,Health Screening Drive,Screening,2026-04-27,Central,Y,Y
BKG002687,RESIDENT_01094,EVT005,Sundays@thePark,Community Walk,2026-06-28,Central,Y,N
BKG001855,RESIDENT_00762,EVT007,Weekend Cycling,Community Ride,2026-06-22,West,Y,Y
BKG000661,RESIDENT_00284,EVT002,HIIT @ CC,Workout Class,2026-04-25,North-East,Y,N
BKG003596,RESIDENT_01480,EVT004,Brisk Walk @ Park,Community Walk,2026-05-01,Central,Y,Y
BKG003529,RESIDENT_01442,EVT007,Weekend Cycling,Community Ride,2026-06-03,Central,Y,Y
BKG003542,RESIDENT_01448,EVT004,Brisk Walk @ Park,Community Walk,2026-06-09,North,Y,N
BKG003312,RESIDENT_01341,EVT001,Sunrise Mass Workout,Mass Workout,2026-04-01,North-East,Y,Y
BKG003602,RESIDENT_01483,EVT010,Nutrition Talk,Talk,2026-05-10,North,Y,Y
BKG001819,RESIDENT_00750,EVT006,Aqua Aerobics,Workout Class,2026-06-07,Central,Y,Y
BKG002284,RESIDENT_00923,EVT006,Aqua Aerobics,Workout Class,2026-06-30,West,Y,Y
BKG002778,RESIDENT_01127,EVT004,Brisk Walk @ Park,Community Walk,2026-04-27,East,Y,Y
BKG001612,RESIDENT_00660,EVT007,Weekend Cycling,Community Ride,2026-06-17,North,Y,Y
BKG000342,RESIDENT_00157,EVT010,Nutrition Talk,Talk,2026-06-28,West,Y,Y
BKG002199,RESIDENT_00882,EVT009,Health Screening Drive,Screening,2026-06-05,West,Y,Y
BKG002665,RESIDENT_01080,EVT006,Aqua Aerobics,Workout Class,2026-04-07,North-East,Y,Y
BKG002081,RESIDENT_00841,EVT003,Zumba Fiesta,Workout Class,2026-06-17,Central,Y,N
BKG000062,RESIDENT_00024,EVT001,Sunrise Mass Workout,Mass Workout,2026-06-12,East,Y,Y
BKG000922,RESIDENT_00389,EVT002,HIIT @ CC,Workout Class,2026-05-30,North,Y,N
BKG003308,RESIDENT_01338,EVT009,Health Screening Drive,Screening,2026-05-08,North-East,Y,Y
BKG003607,RESIDENT_01485,EVT009,Health Screening Drive,Screening,2026-05-22,Central,Y,N
BKG000462,RESIDENT_00205,EVT006,Aqua Aerobics,Workout Class,2026-04-29,West,Y,Y
BKG003547,RESIDENT_01451,EVT006,Aqua Aerobics,Workout Class,2026-05-16,East,Y,N
BKG001127,RESIDENT_00467,EVT001,Sunrise Mass Workout,Mass Workout,2026-06-27,West,Y,Y
BKG000837,RESIDENT_00358,EVT009,Health Screening Drive,Screening,2026-04-16,Central,Y,Y
BKG000440,RESIDENT_00199,EVT006,Aqua Aerobics,Workout Class,2026-06-15,West,Y,Y
BKG000063,RESIDENT_00024,EVT006,Aqua Aerobics,Workout Class,2026-04-17,East,Y,Y
BKG001910,RESIDENT_00782,EVT003,Zumba Fiesta,Workout Class,2026-05-17,West,Y,Y
BKG003053,RESIDENT_01243,EVT001,Sunrise Mass Workout,Mass Workout,2026-04-25,East,Y,N
BKG001602,RESIDENT_00658,EVT010,Nutrition Talk,Talk,2026-06-02,Central,Y,Y
BKG000657,RESIDENT_00283,EVT008,Strength & Mobility,Workout Class,2026-05-13,North,Y,Y
BKG000050,RESIDENT_00020,EVT005,Sundays@thePark,Community Walk,2026-04-20,Central,Y,Y
BKG003488,RESIDENT_01424,EVT002,HIIT @ CC,Workout Class,2026-06-14,West,Y,Y
BKG003361,RESIDENT_01365,EVT008,Strength & Mobility,Workout Class,2026-06-01,North,Y,Y
BKG002934,RESIDENT_01190,EVT007,Weekend Cycling,Community Ride,2026-05-27,East,Y,Y
BKG001176,RESIDENT_00492,EVT006,Aqua Aerobics,Workout Class,2026-06-19,West,Y,Y
BKG000166,RESIDENT_00078,EVT006,Aqua Aerobics,Workout Class,2026-06-20,North,Y,Y
BKG001115,RESIDENT_00465,EVT002,HIIT @ CC,Workout Class,2026-04-20,West,Y,N
BKG002505,RESIDENT_01009,EVT008,Strength & Mobility,Workout Class,2026-05-23,North,Y,Y
BKG000055,RESIDENT_00022,EVT002,HIIT @ CC,Workout Class,2026-04-14,West,Y,Y
BKG003422,RESIDENT_01389,EVT006,Aqua Aerobics,Workout Class,2026-05-12,North,Y,Y
BKG000834,RESIDENT_00356,EVT004,Brisk Walk @ Park,Community Walk,2026-05-18,Central,Y,Y
BKG003250,RESIDENT_01313,EVT002,HIIT @ CC,Workout Class,2026-05-15,West,Y,Y
BKG000388,RESIDENT_00177,EVT009,Health Screening Drive,Screening,2026-04-22,North-East,Y,Y
BKG003381,RESIDENT_01373,EVT009,Health Screening Drive,Screening,2026-04-04,Central,Y,N
BKG002704,RESIDENT_01101,EVT010,Nutrition Talk,Talk,2026-06-19,North-East,Y,Y
BKG001581,RESIDENT_00646,EVT004,Brisk Walk @ Park,Community Walk,2026-04-21,North,Y,Y
BKG000659,RESIDENT_00283,EVT004,Brisk Walk @ Park,Community Walk,2026-05-17,North,Y,Y
BKG000347,RESIDENT_00159,EVT009,Health Screening Drive,Screening,2026-05-03,West,Y,Y
BKG002790,RESIDENT_01131,EVT004,Brisk Walk @ Park,Community Walk,2026-05-25,North-East,Y,Y
BKG002156,RESIDENT_00869,EVT004,Brisk Walk @ Park,Community Walk,2026-06-14,Central,Y,Y
BKG000457,RESIDENT_00204,EVT010,Nutrition Talk,Talk,2026-04-11,East,Y,Y
BKG003387,RESIDENT_01375,EVT003,Zumba Fiesta,Workout Class,2026-06-28,North,Y,Y
BKG003481,RESIDENT_01419,EVT002,HIIT @ CC,Workout Class,2026-06-09,Central,Y,N
BKG000728,RESIDENT_00310,EVT005,Sundays@thePark,Community Walk,2026-04-20,Central,Y,Y
BKG000965,RESIDENT_00407,EVT002,HIIT @ CC,Workout Class,2026-06-05,East,Y,Y
BKG002135,RESIDENT_00862,EVT010,Nutrition Talk,Talk,2026-04-04,North,Y,Y
BKG000623,RESIDENT_00272,EVT002,HIIT @ CC,Workout Class,2026-06-21,North-East,Y,Y
BKG003258,RESIDENT_01316,EVT007,Weekend Cycling,Community Ride,2026-04-26,Central,Y,N
BKG003344,RESIDENT_01358,EVT006,Aqua Aerobics,Workout Class,2026-06-05,Central,Y,Y
BKG003456,RESIDENT_01409,EVT008,Strength & Mobility,Workout Class,2026-06-13,North,Y,Y
BKG002240,RESIDENT_00903,EVT009,Health Screening Drive,Screening,2026-06-17,North,Y,N
BKG003107,RESIDENT_01261,EVT002,HIIT @ CC,Workout Class,2026-04-13,Central,Y,N
BKG000967,RESIDENT_00407,EVT004,Brisk Walk @ Park,Community Walk,2026-06-10,East,Y,Y
BKG002378,RESIDENT_00951,EVT008,Strength & Mobility,Workout Class,2026-04-30,North,Y,Y
BKG002645,RESIDENT_01075,EVT007,Weekend Cycling,Community Ride,2026-04-18,North,Y,Y
BKG001301,RESIDENT_00539,EVT004,Brisk Walk @ Park,Community Walk,2026-05-21,North-East,Y,Y
BKG003562,RESIDENT_01459,EVT008,Strength & Mobility,Workout Class,2026-06-26,North,Y,Y
BKG003573,RESIDENT_01467,EVT005,Sundays@thePark,Community Walk,2026-05-19,East,Y,N
BKG003335,RESIDENT_01353,EVT008,Strength & Mobility,Workout Class,2026-05-14,Central,Y,Y
BKG000437,RESIDENT_00197,EVT007,Weekend Cycling,Community Ride,2026-04-20,Central,Y,Y
BKG000275,RESIDENT_00127,EVT001,Sunrise Mass Workout,Mass Workout,2026-06-01,North,Y,Y
BKG001207,RESIDENT_00502,EVT006,Aqua Aerobics,Workout Class,2026-05-24,West,Y,Y
BKG000890,RESIDENT_00378,EVT003,Zumba Fiesta,Workout Class,2026-04-25,North,Y,Y
BKG002128,RESIDENT_00861,EVT007,Weekend Cycling,Community Ride,2026-06-22,North-East,Y,N
BKG001247,RESIDENT_00521,EVT001,Sunrise Mass Workout,Mass Workout,2026-05-21,Central,Y,Y
BKG001350,RESIDENT_00556,EVT003,Zumba Fiesta,Workout Class,2026-06-14,North-East,Y,Y
BKG001308,RESIDENT_00541,EVT003,Zumba Fiesta,Workout Class,2026-05-06,West,Y,N
BKG002592,RESIDENT_01049,EVT004,Brisk Walk @ Park,Community Walk,2026-06-02,West,Y,N
BKG001054,RESIDENT_00444,EVT005,Sundays@thePark,Community Walk,2026-06-29,Central,Y,Y
BKG001707,RESIDENT_00700,EVT006,Aqua Aerobics,Workout Class,2026-05-28,North,Y,Y
BKG001067,RESIDENT_00446,EVT009,Health Screening Drive,Screening,2026-06-06,Central,Y,Y
BKG002131,RESIDENT_00861,EVT001,Sunrise Mass Workout,Mass Workout,2026-06-14,East,Y,Y
BKG001299,RESIDENT_00539,EVT006,Aqua Aerobics,Workout Class,2026-05-16,North-East,Y,Y
BKG003461,RESIDENT_01410,EVT010,Nutrition Talk,Talk,2026-05-15,Central,Y,Y
BKG003293,RESIDENT_01333,EVT006,Aqua Aerobics,Workout Class,2026-05-11,West,Y,N
BKG000732,RESIDENT_00312,EVT009,Health Screening Drive,Screening,2026-06-17,West,Y,N
BKG000634,RESIDENT_00276,EVT004,Brisk Walk @ Park,Community Walk,2026-05-21,West,Y,Y
BKG002318,RESIDENT_00931,EVT007,Weekend Cycling,Community Ride,2026-06-29,Central,Y,Y
BKG000957,RESIDENT_00404,EVT003,Zumba Fiesta,Workout Class,2026-05-25,West,Y,Y
BKG000168,RESIDENT_00079,EVT002,HIIT @ CC,Workout Class,2026-06-24,West,Y,Y
BKG001042,RESIDENT_00440,EVT008,Strength & Mobility,Workout Class,2026-06-15,East,Y,Y
BKG000960,RESIDENT_00405,EVT006,Aqua Aerobics,Workout Class,2026-04-01,Central,Y,Y
BKG002526,RESIDENT_01016,EVT010,Nutrition Talk,Talk,2026-04-06,Central,Y,Y
BKG002394,RESIDENT_00956,EVT007,Weekend Cycling,Community Ride,2026-05-16,North-East,Y,N
BKG000839,RESIDENT_00358,EVT010,Nutrition Talk,Talk,2026-06-29,West,Y,Y
BKG001943,RESIDENT_00794,EVT006,Aqua Aerobics,Workout Class,2026-04-30,Central,Y,Y
BKG002325,RESIDENT_00933,EVT002,HIIT @ CC,Workout Class,2026-06-14,Central,Y,Y
BKG000649,RESIDENT_00280,EVT009,Health Screening Drive,Screening,2026-06-12,North,Y,N
BKG002310,RESIDENT_00929,EVT002,HIIT @ CC,Workout Class,2026-06-29,West,Y,Y
BKG001930,RESIDENT_00791,EVT010,Nutrition Talk,Talk,2026-05-03,West,Y,Y
BKG002270,RESIDENT_00916,EVT003,Zumba Fiesta,Workout Class,2026-04-18,North,Y,Y
BKG002039,RESIDENT_00829,EVT002,HIIT @ CC,Workout Class,2026-05-19,West,Y,N
BKG001810,RESIDENT_00747,EVT010,Nutrition Talk,Talk,2026-04-24,North-East,Y,N
BKG002703,RESIDENT_01101,EVT004,Brisk Walk @ Park,Community Walk,2026-06-25,North-East,Y,Y
BKG001781,RESIDENT_00736,EVT003,Zumba Fiesta,Workout Class,2026-06-29,West,Y,Y
BKG001720,RESIDENT_00707,EVT002,HIIT @ CC,Workout Class,2026-05-31,East,Y,Y
BKG001452,RESIDENT_00588,EVT002,HIIT @ CC,Workout Class,2026-04-26,Central,Y,Y
BKG002501,RESIDENT_01006,EVT006,Aqua Aerobics,Workout Class,2026-05-19,West,Y,Y
BKG003224,RESIDENT_01304,EVT005,Sundays@thePark,Community Walk,2026-06-03,East,Y,Y
BKG001108,RESIDENT_00463,EVT001,Sunrise Mass Workout,Mass Workout,2026-05-24,North-East,Y,Y
BKG002428,RESIDENT_00968,EVT001,Sunrise Mass Workout,Mass Workout,2026-05-02,West,Y,Y
BKG002186,RESIDENT_00879,EVT004,Brisk Walk @ Park,Community Walk,2026-05-09,Central,Y,N
BKG001622,RESIDENT_00663,EVT010,Nutrition Talk,Talk,2026-05-13,North,Y,Y
BKG000485,RESIDENT_00215,EVT009,Health Screening Drive,Screening,2026-05-15,North,Y,N
BKG003314,RESIDENT_01341,EVT008,Strength & Mobility,Workout Class,2026-05-22,North-East,Y,Y
BKG002437,RESIDENT_00971,EVT008,Strength & Mobility,Workout Class,2026-05-15,Central,Y,N
BKG000079,RESIDENT_00029,EVT007,Weekend Cycling,Community Ride,2026-06-18,North-East,Y,Y
BKG000084,RESIDENT_00037,EVT010,Nutrition Talk,Talk,2026-06-12,East,Y,Y
BKG003619,RESIDENT_01493,EVT003,Zumba Fiesta,Workout Class,2026-05-23,North,Y,Y
BKG002656,RESIDENT_01079,EVT006,Aqua Aerobics,Workout Class,2026-04-03,West,Y,Y
BKG002875,RESIDENT_01161,EVT002,HIIT @ CC,Workout Class,2026-05-13,North-East,Y,N
BKG003305,RESIDENT_01338,EVT007,Weekend Cycling,Community Ride,2026-05-11,North-East,Y,Y
BKG000231,RESIDENT_00103,EVT004,Brisk Walk @ Park,Community Walk,2026-04-06,East,Y,Y
BKG003126,RESIDENT_01267,EVT005,Sundays@thePark,Community Walk,2026-04-22,North,Y,N
BKG001811,RESIDENT_00747,EVT010,Nutrition Talk,Talk,2026-04-14,East,Y,N
BKG000095,RESIDENT_00043,EVT005,Sundays@thePark,Community Walk,2026-04-23,East,Y,Y
BKG001268,RESIDENT_00528,EVT004,Brisk Walk @ Park,Community Walk,2026-06-25,Central,Y,Y
BKG003178,RESIDENT_01284,EVT010,Nutrition Talk,Talk,2026-06-28,Central,Y,Y
BKG002046,RESIDENT_00831,EVT003,Zumba Fiesta,Workout Class,2026-06-09,Central,Y,N
BKG002743,RESIDENT_01113,EVT009,Health Screening Drive,Screening,2026-06-07,North,Y,N
BKG003427,RESIDENT_01390,EVT002,HIIT @ CC,Workout Class,2026-06-15,North,Y,Y
BKG002611,RESIDENT_01053,EVT007,Weekend Cycling,Community Ride,2026-06-06,West,Y,Y
BKG003582,RESIDENT_01471,EVT002,HIIT @ CC,Workout Class,2026-06-19,Central,Y,Y
BKG000822,RESIDENT_00352,EVT008,Strength & Mobility,Workout Class,2026-05-22,North,Y,N
BKG003527,RESIDENT_01442,EVT004,Brisk Walk @ Park,Community Walk,2026-06-02,Central,Y,Y
BKG003078,RESIDENT_01252,EVT004,Brisk Walk @ Park,Community Walk,2026-05-15,West,Y,Y
BKG001235,RESIDENT_00514,EVT009,Health Screening Drive,Screening,2026-06-29,East,Y,N
BKG000751,RESIDENT_00322,EVT006,Aqua Aerobics,Workout Class,2026-04-19,Central,Y,Y
BKG003504,RESIDENT_01430,EVT006,Aqua Aerobics,Workout Class,2026-04-11,West,Y,N
BKG001285,RESIDENT_00533,EVT006,Aqua Aerobics,Workout Class,2026-06-26,East,Y,Y
BKG003306,RESIDENT_01338,EVT003,Zumba Fiesta,Workout Class,2026-06-26,North-East,Y,Y
BKG000473,RESIDENT_00210,EVT003,Zumba Fiesta,Workout Class,2026-06-02,Central,Y,Y
BKG000639,RESIDENT_00279,EVT003,Zumba Fiesta,Workout Class,2026-05-13,East,Y,Y
BKG002629,RESIDENT_01061,EVT005,Sundays@thePark,Community Walk,2026-05-02,Central,Y,N
BKG000587,RESIDENT_00260,EVT008,Strength & Mobility,Workout Class,2026-06-30,Central,Y,Y
BKG001964,RESIDENT_00801,EVT002,HIIT @ CC,Workout Class,2026-04-02,West,Y,N
BKG002259,RESIDENT_00907,EVT010,Nutrition Talk,Talk,2026-04-19,West,Y,Y
BKG001334,RESIDENT_00551,EVT009,Health Screening Drive,Screening,2026-05-25,North-East,Y,Y
BKG000203,RESIDENT_00093,EVT005,Sundays@thePark,Community Walk,2026-06-19,North-East,Y,Y
BKG003047,RESIDENT_01239,EVT003,Zumba Fiesta,Workout Class,2026-06-07,Central,Y,Y
BKG000184,RESIDENT_00086,EVT002,HIIT @ CC,Workout Class,2026-06-15,East,Y,N
BKG003173,RESIDENT_01283,EVT010,Nutrition Talk,Talk,2026-05-07,North,Y,Y
BKG001165,RESIDENT_00485,EVT005,Sundays@thePark,Community Walk,2026-05-11,East,Y,Y
BKG002647,RESIDENT_01075,EVT006,Aqua Aerobics,Workout Class,2026-04-09,North,Y,Y
BKG000891,RESIDENT_00379,EVT009,Health Screening Drive,Screening,2026-05-22,West,Y,Y
BKG000504,RESIDENT_00228,EVT007,Weekend Cycling,Community Ride,2026-05-28,North,Y,N
BKG000121,RESIDENT_00052,EVT003,Zumba Fiesta,Workout Class,2026-04-01,Central,Y,Y
BKG003301,RESIDENT_01337,EVT007,Weekend Cycling,Community Ride,2026-06-25,North,Y,Y
BKG002075,RESIDENT_00838,EVT005,Sundays@thePark,Community Walk,2026-05-28,Central,Y,N
BKG000909,RESIDENT_00386,EVT001,Sunrise Mass Workout,Mass Workout,2026-06-05,Central,Y,Y
BKG001745,RESIDENT_00718,EVT009,Health Screening Drive,Screening,2026-04-22,Central,Y,Y
BKG003097,RESIDENT_01258,EVT009,Health Screening Drive,Screening,2026-05-12,North-East,Y,N
BKG002803,RESIDENT_01138,EVT002,HIIT @ CC,Workout Class,2026-06-25,North-East,Y,N
BKG002074,RESIDENT_00838,EVT004,Brisk Walk @ Park,Community Walk,2026-05-24,Central,Y,Y
BKG002316,RESIDENT_00931,EVT004,Brisk Walk @ Park,Community Walk,2026-05-24,Central,Y,Y
BKG000061,RESIDENT_00024,EVT006,Aqua Aerobics,Workout Class,2026-05-21,East,Y,N
BKG002898,RESIDENT_01172,EVT001,Sunrise Mass Workout,Mass Workout,2026-04-08,East,Y,Y
BKG002793,RESIDENT_01133,EVT010,Nutrition Talk,Talk,2026-05-29,West,Y,Y
BKG002154,RESIDENT_00868,EVT006,Aqua Aerobics,Workout Class,2026-06-04,West,Y,Y
BKG001162,RESIDENT_00485,EVT007,Weekend Cycling,Community Ride,2026-05-17,East,Y,Y
BKG002129,RESIDENT_00861,EVT004,Brisk Walk @ Park,Community Walk,2026-05-05,East,Y,N
BKG002843,RESIDENT_01151,EVT009,Health Screening Drive,Screening,2026-06-25,East,Y,Y
BKG002449,RESIDENT_00975,EVT002,HIIT @ CC,Workout Class,2026-05-23,Central,Y,N
BKG002502,RESIDENT_01007,EVT010,Nutrition Talk,Talk,2026-05-29,Central,Y,Y
BKG003073,RESIDENT_01251,EVT004,Brisk Walk @ Park,Community Walk,2026-04-25,North,Y,Y
BKG001530,RESIDENT_00622,EVT006,Aqua Aerobics,Workout Class,2026-06-09,Central,Y,N
BKG002309,RESIDENT_00929,EVT002,HIIT @ CC,Workout Class,2026-06-17,Central,Y,Y
BKG001528,RESIDENT_00621,EVT003,Zumba Fiesta,Workout Class,2026-05-27,East,Y,Y
BKG002920,RESIDENT_01182,EVT010,Nutrition Talk,Talk,2026-05-23,West,Y,Y
BKG003472,RESIDENT_01416,EVT001,Sunrise Mass Workout,Mass Workout,2026-06-26,Central,Y,Y
BKG001763,RESIDENT_00728,EVT009,Health Screening Drive,Screening,2026-04-20,Central,Y,N
BKG002393,RESIDENT_00955,EVT010,Nutrition Talk,Talk,2026-05-28,Central,Y,Y
BKG002127,RESIDENT_00858,EVT001,Sunrise Mass Workout,Mass Workout,2026-06-10,East,Y,Y
BKG002330,RESIDENT_00935,EVT010,Nutrition Talk,Talk,2026-04-14,East,Y,Y
BKG003396,RESIDENT_01377,EVT006,Aqua Aerobics,Workout Class,2026-04-03,North-East,Y,N
BKG001978,RESIDENT_00803,EVT007,Weekend Cycling,Community Ride,2026-05-13,East,Y,Y
BKG002191,RESIDENT_00880,EVT008,Strength & Mobility,Workout Class,2026-05-22,Central,Y,Y
BKG003476,RESIDENT_01418,EVT010,Nutrition Talk,Talk,2026-05-04,Central,Y,Y
BKG002350,RESIDENT_00941,EVT008,Strength & Mobility,Workout Class,2026-06-11,West,Y,N
BKG001438,RESIDENT_00583,EVT008,Strength & Mobility,Workout Class,2026-05-27,Central,Y,Y
BKG000532,RESIDENT_00237,EVT007,Weekend Cycling,Community Ride,2026-04-04,North-East,Y,N
BKG002758,RESIDENT_01120,EVT003,Zumba Fiesta,Workout Class,2026-06-13,North,Y,Y
BKG000678,RESIDENT_00290,EVT010,Nutrition Talk,Talk,2026-06-26,West,Y,N
BKG000999,RESIDENT_00421,EVT003,Zumba Fiesta,Workout Class,2026-04-12,Central,Y,N
BKG000072,RESIDENT_00027,EVT003,Zumba Fiesta,Workout Class,2026-06-17,Central,Y,N
BKG002621,RESIDENT_01057,EVT005,Sundays@thePark,Community Walk,2026-06-19,West,Y,Y
BKG000460,RESIDENT_00204,EVT005,Sundays@thePark,Community Walk,2026-05-01,East,Y,Y
BKG000795,RESIDENT_00339,EVT009,Health Screening Drive,Screening,2026-05-26,Central,Y,N
BKG003623,RESIDENT_01494,EVT003,Zumba Fiesta,Workout Class,2026-05-17,North-East,Y,Y
BKG000584,RESIDENT_00258,EVT009,Health Screening Drive,Screening,2026-04-17,West,Y,N
BKG000572,RESIDENT_00254,EVT008,Strength & Mobility,Workout Class,2026-05-23,West,Y,Y
BKG002045,RESIDENT_00831,EVT008,Strength & Mobility,Workout Class,2026-04-09,North,Y,Y
BKG001866,RESIDENT_00770,EVT003,Zumba Fiesta,Workout Class,2026-04-07,West,Y,N
BKG001723,RESIDENT_00708,EVT002,HIIT @ CC,Workout Class,2026-05-27,North-East,Y,Y
BKG003386,RESIDENT_01375,EVT004,Brisk Walk @ Park,Community Walk,2026-06-09,North,Y,Y
BKG000494,RESIDENT_00224,EVT006,Aqua Aerobics,Workout Class,2026-06-14,North,Y,N
BKG002876,RESIDENT_01162,EVT008,Strength & Mobility,Workout Class,2026-04-29,North,Y,N
BKG001129,RESIDENT_00467,EVT006,Aqua Aerobics,Workout Class,2026-06-04,West,Y,Y
BKG000411,RESIDENT_00189,EVT004,Brisk Walk @ Park,Community Walk,2026-06-15,Central,Y,Y
BKG001719,RESIDENT_00707,EVT002,HIIT @ CC,Workout Class,2026-06-21,East,Y,Y
BKG001214,RESIDENT_00504,EVT002,HIIT @ CC,Workout Class,2026-06-10,East,Y,Y
BKG001646,RESIDENT_00675,EVT004,Brisk Walk @ Park,Community Walk,2026-05-26,Central,Y,Y
BKG003469,RESIDENT_01414,EVT004,Brisk Walk @ Park,Community Walk,2026-06-02,Central,Y,N
BKG002324,RESIDENT_00933,EVT001,Sunrise Mass Workout,Mass Workout,2026-04-03,North,Y,Y
BKG001384,RESIDENT_00570,EVT001,Sunrise Mass Workout,Mass Workout,2026-06-18,North,Y,Y
BKG001688,RESIDENT_00689,EVT009,Health Screening Drive,Screening,2026-04-27,Central,Y,N
BKG000810,RESIDENT_00345,EVT004,Brisk Walk @ Park,Community Walk,2026-05-01,West,Y,N
BKG001167,RESIDENT_00486,EVT005,Sundays@thePark,Community Walk,2026-04-25,North-East,Y,Y
BKG000529,RESIDENT_00236,EVT005,Sundays@thePark,Community Walk,2026-06-28,Central,Y,Y
BKG003458,RESIDENT_01409,EVT010,Nutrition Talk,Talk,2026-05-13,Central,Y,N
BKG001687,RESIDENT_00688,EVT006,Aqua Aerobics,Workout Class,2026-05-30,Central,Y,Y
BKG001992,RESIDENT_00809,EVT003,Zumba Fiesta,Workout Class,2026-06-13,North,Y,Y
BKG001849,RESIDENT_00758,EVT002,HIIT @ CC,Workout Class,2026-04-01,North-East,Y,N
BKG001600,RESIDENT_00658,EVT001,Sunrise Mass Workout,Mass Workout,2026-04-07,North,Y,Y
BKG002088,RESIDENT_00845,EVT001,Sunrise Mass Workout,Mass Workout,2026-05-21,North-East,Y,Y
BKG002272,RESIDENT_00916,EVT003,Zumba Fiesta,Workout Class,2026-05-28,North,Y,Y
BKG000727,RESIDENT_00310,EVT007,Weekend Cycling,Community Ride,2026-05-01,Central,Y,N
BKG001805,RESIDENT_00742,EVT009,Health Screening Drive,Screening,2026-04-18,North,Y,N
BKG000056,RESIDENT_00022,EVT008,Strength & Mobility,Workout Class,2026-04-05,West,Y,Y
BKG002321,RESIDENT_00932,EVT002,HIIT @ CC,Workout Class,2026-06-10,North,Y,N
BKG001469,RESIDENT_00591,EVT005,Sundays@thePark,Community Walk,2026-04-01,West,Y,Y
BKG002683,RESIDENT_01092,EVT002,HIIT @ CC,Workout Class,2026-05-08,Central,Y,N
BKG002723,RESIDENT_01107,EVT001,Sunrise Mass Workout,Mass Workout,2026-04-28,North-East,Y,Y
BKG000309,RESIDENT_00146,EVT002,HIIT @ CC,Workout Class,2026-05-23,North,Y,N
BKG003615,RESIDENT_01486,EVT003,Zumba Fiesta,Workout Class,2026-05-13,West,Y,Y
BKG001965,RESIDENT_00801,EVT003,Zumba Fiesta,Workout Class,2026-05-29,West,Y,Y
BKG000259,RESIDENT_00116,EVT003,Zumba Fiesta,Workout Class,2026-06-29,North-East,Y,Y
BKG002213,RESIDENT_00887,EVT008,Strength & Mobility,Workout Class,2026-05-09,North-East,Y,Y
BKG002726,RESIDENT_01108,EVT009,Health Screening Drive,Screening,2026-05-26,Central,Y,Y
BKG001287,RESIDENT_00534,EVT010,Nutrition Talk,Talk,2026-05-23,Central,Y,N
BKG002329,RESIDENT_00935,EVT009,Health Screening Drive,Screening,2026-06-24,East,Y,N
BKG001898,RESIDENT_00778,EVT005,Sundays@thePark,Community Walk,2026-05-18,North,Y,Y
BKG000808,RESIDENT_00345,EVT007,Weekend Cycling,Community Ride,2026-04-02,West,Y,Y
BKG002029,RESIDENT_00826,EVT004,Brisk Walk @ Park,Community Walk,2026-05-16,West,Y,Y
BKG002343,RESIDENT_00938,EVT009,Health Screening Drive,Screening,2026-05-15,West,Y,Y
BKG001206,RESIDENT_00502,EVT005,Sundays@thePark,Community Walk,2026-06-29,West,Y,Y
BKG000191,RESIDENT_00088,EVT006,Aqua Aerobics,Workout Class,2026-05-12,East,Y,Y
BKG001095,RESIDENT_00458,EVT006,Aqua Aerobics,Workout Class,2026-04-10,North-East,Y,N
BKG002563,RESIDENT_01034,EVT010,Nutrition Talk,Talk,2026-05-09,North,Y,Y
BKG001585,RESIDENT_00649,EVT002,HIIT @ CC,Workout Class,2026-05-30,North,Y,N
BKG000426,RESIDENT_00195,EVT005,Sundays@thePark,Community Walk,2026-05-12,West,Y,Y
BKG002586,RESIDENT_01047,EVT003,Zumba Fiesta,Workout Class,2026-06-01,North-East,Y,Y
BKG000629,RESIDENT_00274,EVT007,Weekend Cycling,Community Ride,2026-06-04,East,Y,Y
BKG002000,RESIDENT_00813,EVT004,Brisk Walk @ Park,Community Walk,2026-04-27,East,Y,Y
BKG002986,RESIDENT_01209,EVT002,HIIT @ CC,Workout Class,2026-05-18,North-East,Y,Y
BKG000474,RESIDENT_00210,EVT009,Health Screening Drive,Screening,2026-06-26,East,Y,N
BKG001950,RESIDENT_00797,EVT006,Aqua Aerobics,Workout Class,2026-06-21,Central,Y,Y
BKG000286,RESIDENT_00133,EVT005,Sundays@thePark,Community Walk,2026-06-13,North-East,Y,Y
BKG001525,RESIDENT_00619,EVT002,HIIT @ CC,Workout Class,2026-06-14,Central,Y,Y
BKG000293,RESIDENT_00137,EVT006,Aqua Aerobics,Workout Class,2026-05-02,West,Y,Y
BKG002630,RESIDENT_01061,EVT010,Nutrition Talk,Talk,2026-06-20,North,Y,N
BKG001739,RESIDENT_00714,EVT002,HIIT @ CC,Workout Class,2026-06-07,North-East,Y,Y
BKG000163,RESIDENT_00077,EVT004,Brisk Walk @ Park,Community Walk,2026-04-14,North,Y,Y
BKG000318,RESIDENT_00149,EVT008,Strength & Mobility,Workout Class,2026-04-09,Central,Y,Y
BKG002556,RESIDENT_01033,EVT007,Weekend Cycling,Community Ride,2026-04-14,North,Y,Y
BKG003039,RESIDENT_01233,EVT010,Nutrition Talk,Talk,2026-05-20,West,Y,Y
BKG002506,RESIDENT_01010,EVT008,Strength & Mobility,Workout Class,2026-05-10,Central,Y,Y
BKG001020,RESIDENT_00428,EVT001,Sunrise Mass Workout,Mass Workout,2026-05-06,Central,Y,Y
BKG002062,RESIDENT_00836,EVT003,Zumba Fiesta,Workout Class,2026-04-11,East,Y,Y
BKG002599,RESIDENT_01051,EVT006,Aqua Aerobics,Workout Class,2026-05-03,North,Y,Y
BKG001897,RESIDENT_00778,EVT008,Strength & Mobility,Workout Class,2026-05-30,North,Y,N
BKG003286,RESIDENT_01331,EVT006,Aqua Aerobics,Workout Class,2026-06-29,East,Y,Y
BKG000362,RESIDENT_00164,EVT002,HIIT @ CC,Workout Class,2026-06-04,North-East,Y,N
BKG001680,RESIDENT_00686,EVT007,Weekend Cycling,Community Ride,2026-05-18,North-East,Y,Y
BKG000949,RESIDENT_00398,EVT010,Nutrition Talk,Talk,2026-04-13,North-East,Y,Y
BKG003434,RESIDENT_01394,EVT006,Aqua Aerobics,Workout Class,2026-05-22,North-East,Y,Y
BKG003124,RESIDENT_01266,EVT005,Sundays@thePark,Community Walk,2026-06-12,North-East,Y,Y
BKG000611,RESIDENT_00266,EVT006,Aqua Aerobics,Workout Class,2026-05-10,North,Y,Y
BKG001318,RESIDENT_00546,EVT010,Nutrition Talk,Talk,2026-06-06,West,Y,Y
BKG000005,RESIDENT_00002,EVT004,Brisk Walk @ Park,Community Walk,2026-05-25,North-East,Y,Y
BKG000398,RESIDENT_00183,EVT001,Sunrise Mass Workout,Mass Workout,2026-05-16,Central,Y,Y
BKG001296,RESIDENT_00538,EVT003,Zumba Fiesta,Workout Class,2026-04-03,North-East,Y,Y
BKG003241,RESIDENT_01309,EVT009,Health Screening Drive,Screening,2026-05-14,West,Y,N
BKG000375,RESIDENT_00171,EVT004,Brisk Walk @ Park,Community Walk,2026-05-07,North-East,Y,Y
BKG002500,RESIDENT_01004,EVT003,Zumba Fiesta,Workout Class,2026-04-12,North-East,Y,Y
BKG000208,RESIDENT_00094,EVT002,HIIT @ CC,Workout Class,2026-05-08,East,Y,N
BKG002673,RESIDENT_01085,EVT001,Sunrise Mass Workout,Mass Workout,2026-04-18,West,Y,Y
BKG000938,RESIDENT_00393,EVT009,Health Screening Drive,Screening,2026-04-02,West,Y,Y
BKG001709,RESIDENT_00703,EVT007,Weekend Cycling,Community Ride,2026-05-06,North,Y,N
BKG003318,RESIDENT_01342,EVT007,Weekend Cycling,Community Ride,2026-04-24,West,Y,Y
BKG003430,RESIDENT_01391,EVT008,Strength & Mobility,Workout Class,2026-06-01,West,Y,Y
BKG001183,RESIDENT_00493,EVT005,Sundays@thePark,Community Walk,2026-06-02,North,Y,Y
BKG001543,RESIDENT_00631,EVT005,Sundays@thePark,Community Walk,2026-05-24,East,Y,Y
BKG002471,RESIDENT_00987,EVT010,Nutrition Talk,Talk,2026-04-10,Central,Y,Y
BKG000879,RESIDENT_00374,EVT007,Weekend Cycling,Community Ride,2026-04-03,Central,Y,N
BKG002878,RESIDENT_01163,EVT006,Aqua Aerobics,Workout Class,2026-04-26,North-East,Y,N
BKG001957,RESIDENT_00799,EVT007,Weekend Cycling,Community Ride,2026-06-05,West,Y,N
BKG002666,RESIDENT_01083,EVT007,Weekend Cycling,Community Ride,2026-04-27,Central,Y,Y
BKG003194,RESIDENT_01290,EVT003,Zumba Fiesta,Workout Class,2026-05-30,North,Y,Y
BKG003407,RESIDENT_01381,EVT006,Aqua Aerobics,Workout Class,2026-05-25,North-East,Y,Y
BKG001946,RESIDENT_00795,EVT005,Sundays@thePark,Community Walk,2026-04-10,Central,Y,Y
BKG002479,RESIDENT_00988,EVT006,Aqua Aerobics,Workout Class,2026-06-13,North,Y,Y
BKG002367,RESIDENT_00949,EVT003,Zumba Fiesta,Workout Class,2026-06-08,East,Y,N
BKG001607,RESIDENT_00660,EVT001,Sunrise Mass Workout,Mass Workout,2026-05-08,North,Y,Y
BKG000882,RESIDENT_00375,EVT001,Sunrise Mass Workout,Mass Workout,2026-05-27,Central,Y,N
BKG002424,RESIDENT_00967,EVT006,Aqua Aerobics,Workout Class,2026-06-21,Central,Y,Y
BKG000819,RESIDENT_00349,EVT003,Zumba Fiesta,Workout Class,2026-06-29,East,Y,Y
BKG001005,RESIDENT_00422,EVT002,HIIT @ CC,Workout Class,2026-06-21,North,Y,Y
BKG000612,RESIDENT_00266,EVT001,Sunrise Mass Workout,Mass Workout,2026-05-13,North,Y,Y
BKG003294,RESIDENT_01336,EVT004,Brisk Walk @ Park,Community Walk,2026-04-09,East,Y,N
BKG001708,RESIDENT_00702,EVT005,Sundays@thePark,Community Walk,2026-04-29,East,Y,N
BKG000459,RESIDENT_00204,EVT004,Brisk Walk @ Park,Community Walk,2026-04-22,East,Y,Y
BKG000482,RESIDENT_00214,EVT009,Health Screening Drive,Screening,2026-05-13,Central,Y,Y
BKG002924,RESIDENT_01186,EVT008,Strength & Mobility,Workout Class,2026-06-17,East,Y,Y
BKG003625,RESIDENT_01495,EVT006,Aqua Aerobics,Workout Class,2026-04-10,Central,Y,N
BKG001625,RESIDENT_00665,EVT006,Aqua Aerobics,Workout Class,2026-05-09,West,Y,N
BKG002497,RESIDENT_01001,EVT003,Zumba Fiesta,Workout Class,2026-05-29,East,Y,N
BKG000531,RESIDENT_00237,EVT004,Brisk Walk @ Park,Community Walk,2026-06-22,North-East,Y,Y
BKG000814,RESIDENT_00346,EVT002,HIIT @ CC,Workout Class,2026-05-13,North,Y,N
BKG000258,RESIDENT_00116,EVT001,Sunrise Mass Workout,Mass Workout,2026-05-29,North-East,Y,N
BKG001113,RESIDENT_00465,EVT007,Weekend Cycling,Community Ride,2026-06-24,West,Y,Y
BKG002579,RESIDENT_01044,EVT004,Brisk Walk @ Park,Community Walk,2026-05-26,West,Y,Y
BKG002414,RESIDENT_00962,EVT003,Zumba Fiesta,Workout Class,2026-06-22,East,Y,N
BKG001832,RESIDENT_00754,EVT007,Weekend Cycling,Community Ride,2026-05-24,North-East,Y,Y
BKG001403,RESIDENT_00574,EVT005,Sundays@thePark,Community Walk,2026-05-20,West,Y,N
BKG003568,RESIDENT_01463,EVT002,HIIT @ CC,Workout Class,2026-04-01,West,Y,N
BKG000182,RESIDENT_00085,EVT008,Strength & Mobility,Workout Class,2026-05-01,East,Y,Y
BKG001160,RESIDENT_00485,EVT008,Strength & Mobility,Workout Class,2026-06-30,Central,Y,Y
BKG001900,RESIDENT_00778,EVT008,Strength & Mobility,Workout Class,2026-05-22,West,Y,Y
BKG001316,RESIDENT_00546,EVT002,HIIT @ CC,Workout Class,2026-06-18,West,Y,Y
BKG002375,RESIDENT_00950,EVT010,Nutrition Talk,Talk,2026-06-09,Central,Y,Y
BKG003364,RESIDENT_01365,EVT004,Brisk Walk @ Park,Community Walk,2026-04-10,North-East,Y,Y
BKG000152,RESIDENT_00072,EVT002,HIIT @ CC,Workout Class,2026-04-20,North-East,Y,N
BKG003560,RESIDENT_01458,EVT007,Weekend Cycling,Community Ride,2026-06-04,Central,Y,N
BKG002386,RESIDENT_00953,EVT003,Zumba Fiesta,Workout Class,2026-05-15,North,Y,Y
BKG001157,RESIDENT_00481,EVT004,Brisk Walk @ Park,Community Walk,2026-06-05,North,Y,N
BKG000486,RESIDENT_00216,EVT004,Brisk Walk @ Park,Community Walk,2026-04-26,North-East,Y,N
BKG000348,RESIDENT_00159,EVT005,Sundays@thePark,Community Walk,2026-06-08,Central,Y,Y
BKG002288,RESIDENT_00925,EVT001,Sunrise Mass Workout,Mass Workout,2026-04-21,West,Y,Y
BKG002956,RESIDENT_01196,EVT004,Brisk Walk @ Park,Community Walk,2026-04-17,North,Y,Y
BKG000885,RESIDENT_00377,EVT002,HIIT @ CC,Workout Class,2026-06-15,Central,Y,N
BKG002359,RESIDENT_00945,EVT004,Brisk Walk @ Park,Community Walk,2026-06-13,West,Y,Y
BKG003518,RESIDENT_01440,EVT007,Weekend Cycling,Community Ride,2026-06-07,East,Y,Y
BKG001998,RESIDENT_00811,EVT010,Nutrition Talk,Talk,2026-05-18,East,Y,N
BKG002177,RESIDENT_00876,EVT009,Health Screening Drive,Screening,2026-05-10,North-East,Y,Y
BKG000790,RESIDENT_00338,EVT003,Zumba Fiesta,Workout Class,2026-05-15,East,Y,N
BKG002151,RESIDENT_00866,EVT001,Sunrise Mass Workout,Mass Workout,2026-05-26,North-East,Y,Y
BKG001368,RESIDENT_00564,EVT010,Nutrition Talk,Talk,2026-06-08,West,Y,Y
BKG000966,RESIDENT_00407,EVT009,Health Screening Drive,Screening,2026-04-09,East,Y,N
BKG002791,RESIDENT_01131,EVT004,Brisk Walk @ Park,Community Walk,2026-06-22,North-East,Y,Y
BKG000729,RESIDENT_00312,EVT003,Zumba Fiesta,Workout Class,2026-06-22,West,Y,Y
BKG003067,RESIDENT_01248,EVT004,Brisk Walk @ Park,Community Walk,2026-04-23,Central,Y,Y
BKG002605,RESIDENT_01052,EVT010,Nutrition Talk,Talk,2026-05-11,North,Y,Y
BKG002921,RESIDENT_01182,EVT002,HIIT @ CC,Workout Class,2026-04-01,Central,Y,Y
BKG001755,RESIDENT_00724,EVT004,Brisk Walk @ Park,Community Walk,2026-05-13,North-East,Y,N
BKG000304,RESIDENT_00144,EVT008,Strength & Mobility,Workout Class,2026-05-22,North,Y,Y
BKG000775,RESIDENT_00330,EVT002,HIIT @ CC,Workout Class,2026-06-18,North-East,Y,Y
BKG003038,RESIDENT_01232,EVT007,Weekend Cycling,Community Ride,2026-04-20,Central,Y,N
BKG001552,RESIDENT_00634,EVT003,Zumba Fiesta,Workout Class,2026-06-10,Central,Y,Y
BKG003617,RESIDENT_01492,EVT001,Sunrise Mass Workout,Mass Workout,2026-06-12,North-East,Y,Y
BKG000569,RESIDENT_00254,EVT002,HIIT @ CC,Workout Class,2026-06-04,North,Y,Y
BKG001968,RESIDENT_00802,EVT009,Health Screening Drive,Screening,2026-06-29,North,Y,Y
BKG000880,RESIDENT_00374,EVT002,HIIT @ CC,Workout Class,2026-04-11,Central,Y,Y
BKG002646,RESIDENT_01075,EVT001,Sunrise Mass Workout,Mass Workout,2026-04-29,West,Y,Y
BKG001554,RESIDENT_00636,EVT010,Nutrition Talk,Talk,2026-04-13,West,Y,Y
BKG003507,RESIDENT_01431,EVT001,Sunrise Mass Workout,Mass Workout,2026-06-01,West,Y,Y
BKG001916,RESIDENT_00786,EVT010,Nutrition Talk,Talk,2026-05-17,Central,Y,N
BKG003092,RESIDENT_01256,EVT003,Zumba Fiesta,Workout Class,2026-05-08,North,Y,N
BKG001088,RESIDENT_00453,EVT004,Brisk Walk @ Park,Community Walk,2026-05-25,Central,Y,Y
BKG001419,RESIDENT_00578,EVT004,Brisk Walk @ Park,Community Walk,2026-06-06,Central,Y,Y
BKG002900,RESIDENT_01172,EVT001,Sunrise Mass Workout,Mass Workout,2026-06-12,East,Y,Y
BKG001679,RESIDENT_00686,EVT009,Health Screening Drive,Screening,2026-04-03,Central,Y,Y
BKG002289,RESIDENT_00925,EVT008,Strength & Mobility,Workout Class,2026-05-23,West,Y,Y
BKG000626,RESIDENT_00274,EVT004,Brisk Walk @ Park,Community Walk,2026-05-19,East,Y,N
BKG001844,RESIDENT_00757,EVT003,Zumba Fiesta,Workout Class,2026-05-18,Central,Y,Y
BKG002481,RESIDENT_00989,EVT008,Strength & Mobility,Workout Class,2026-05-10,East,Y,N
BKG001627,RESIDENT_00667,EVT003,Zumba Fiesta,Workout Class,2026-05-09,East,Y,Y
BKG002681,RESIDENT_01091,EVT006,Aqua Aerobics,Workout Class,2026-05-12,West,Y,Y
BKG001471,RESIDENT_00592,EVT003,Zumba Fiesta,Workout Class,2026-05-07,East,Y,Y
BKG001217,RESIDENT_00506,EVT007,Weekend Cycling,Community Ride,2026-06-13,Central,Y,N
BKG003506,RESIDENT_01431,EVT002,HIIT @ CC,Workout Class,2026-04-21,West,Y,Y
BKG000377,RESIDENT_00171,EVT002,HIIT @ CC,Workout Class,2026-06-20,Central,Y,Y
BKG002409,RESIDENT_00961,EVT010,Nutrition Talk,Talk,2026-04-05,North,Y,Y
BKG000322,RESIDENT_00150,EVT008,Strength & Mobility,Workout Class,2026-05-05,West,Y,Y
BKG002821,RESIDENT_01144,EVT010,Nutrition Talk,Talk,2026-04-14,North-East,Y,Y
BKG001107,RESIDENT_00463,EVT010,Nutrition Talk,Talk,2026-04-12,North-East,Y,Y
BKG000888,RESIDENT_00378,EVT002,HIIT @ CC,Workout Class,2026-05-19,North,Y,Y
BKG000733,RESIDENT_00314,EVT006,Aqua Aerobics,Workout Class,2026-04-27,Central,Y,Y
BKG001203,RESIDENT_00501,EVT004,Brisk Walk @ Park,Community Walk,2026-05-14,East,Y,N
BKG000928,RESIDENT_00390,EVT001,Sunrise Mass Workout,Mass Workout,2026-06-13,Central,Y,Y
BKG003064,RESIDENT_01246,EVT004,Brisk Walk @ Park,Community Walk,2026-04-21,Central,Y,N
BKG000618,RESIDENT_00269,EVT003,Zumba Fiesta,Workout Class,2026-04-08,Central,Y,N
BKG002432,RESIDENT_00970,EVT007,Weekend Cycling,Community Ride,2026-04-15,North-East,Y,Y
BKG002525,RESIDENT_01016,EVT002,HIIT @ CC,Workout Class,2026-04-10,Central,Y,Y
BKG000478,RESIDENT_00212,EVT004,Brisk Walk @ Park,Community Walk,2026-05-09,East,Y,N
BKG000656,RESIDENT_00283,EVT003,Zumba Fiesta,Workout Class,2026-05-03,North,Y,Y
BKG000710,RESIDENT_00305,EVT008,Strength & Mobility,Workout Class,2026-04-04,West,Y,Y
BKG002764,RESIDENT_01121,EVT003,Zumba Fiesta,Workout Class,2026-05-26,North-East,Y,Y
BKG000675,RESIDENT_00289,EVT007,Weekend Cycling,Community Ride,2026-06-07,West,Y,Y
BKG002935,RESIDENT_01190,EVT002,HIIT @ CC,Workout Class,2026-06-26,East,Y,Y
BKG001439,RESIDENT_00584,EVT003,Zumba Fiesta,Workout Class,2026-04-25,North-East,Y,Y
BKG001542,RESIDENT_00630,EVT007,Weekend Cycling,Community Ride,2026-04-24,West,Y,Y
BKG003433,RESIDENT_01393,EVT002,HIIT @ CC,Workout Class,2026-06-12,West,Y,N
BKG001988,RESIDENT_00808,EVT007,Weekend Cycling,Community Ride,2026-04-27,East,Y,Y
BKG003130,RESIDENT_01267,EVT004,Brisk Walk @ Park,Community Walk,2026-05-29,North,Y,Y
BKG001056,RESIDENT_00444,EVT003,Zumba Fiesta,Workout Class,2026-04-30,Central,Y,Y
BKG002659,RESIDENT_01079,EVT001,Sunrise Mass Workout,Mass Workout,2026-04-17,West,Y,Y
BKG001807,RESIDENT_00745,EVT004,Brisk Walk @ Park,Community Walk,2026-05-15,West,Y,N
BKG000927,RESIDENT_00390,EVT004,Brisk Walk @ Park,Community Walk,2026-06-24,Central,Y,Y
BKG002991,RESIDENT_01212,EVT004,Brisk Walk @ Park,Community Walk,2026-05-20,Central,Y,Y
BKG000642,RESIDENT_00279,EVT004,Brisk Walk @ Park,Community Walk,2026-06-22,East,Y,Y
BKG003420,RESIDENT_01389,EVT003,Zumba Fiesta,Workout Class,2026-05-30,North,Y,N
BKG003534,RESIDENT_01443,EVT008,Strength & Mobility,Workout Class,2026-05-21,Central,Y,N
BKG001966,RESIDENT_00802,EVT010,Nutrition Talk,Talk,2026-06-15,Central,Y,Y
BKG000881,RESIDENT_00374,EVT008,Strength & Mobility,Workout Class,2026-06-10,Central,Y,Y
BKG000379,RESIDENT_00173,EVT007,Weekend Cycling,Community Ride,2026-05-07,North-East,Y,N
BKG001198,RESIDENT_00499,EVT003,Zumba Fiesta,Workout Class,2026-05-24,North-East,Y,Y
BKG003435,RESIDENT_01394,EVT007,Weekend Cycling,Community Ride,2026-05-14,North-East,Y,Y
BKG002006,RESIDENT_00814,EVT001,Sunrise Mass Workout,Mass Workout,2026-04-30,North-East,Y,Y
BKG002400,RESIDENT_00957,EVT005,Sundays@thePark,Community Walk,2026-04-29,Central,Y,N
BKG003478,RESIDENT_01418,EVT001,Sunrise Mass Workout,Mass Workout,2026-04-29,Central,Y,N
BKG003264,RESIDENT_01318,EVT006,Aqua Aerobics,Workout Class,2026-04-30,East,Y,Y
BKG000274,RESIDENT_00127,EVT010,Nutrition Talk,Talk,2026-05-16,North,Y,Y
BKG003156,RESIDENT_01276,EVT001,Sunrise Mass Workout,Mass Workout,2026-06-22,West,Y,Y
BKG002731,RESIDENT_01111,EVT006,Aqua Aerobics,Workout Class,2026-06-03,Central,Y,Y
BKG001230,RESIDENT_00511,EVT003,Zumba Fiesta,Workout Class,2026-05-08,Central,Y,N
BKG000624,RESIDENT_00273,EVT003,Zumba Fiesta,Workout Class,2026-05-20,North-East,Y,Y
BKG003489,RESIDENT_01424,EVT003,Zumba Fiesta,Workout Class,2026-05-25,West,Y,Y
BKG002801,RESIDENT_01136,EVT009,Health Screening Drive,Screening,2026-05-07,Central,Y,Y
BKG003266,RESIDENT_01319,EVT007,Weekend Cycling,Community Ride,2026-06-25,North,Y,Y
BKG003021,RESIDENT_01223,EVT010,Nutrition Talk,Talk,2026-04-04,North,Y,N
BKG001500,RESIDENT_00605,EVT010,Nutrition Talk,Talk,2026-04-17,West,Y,Y
BKG002402,RESIDENT_00959,EVT003,Zumba Fiesta,Workout Class,2026-05-14,East,Y,Y
BKG003127,RESIDENT_01267,EVT004,Brisk Walk @ Park,Community Walk,2026-04-20,North,Y,Y
BKG003376,RESIDENT_01370,EVT008,Strength & Mobility,Workout Class,2026-04-03,East,Y,Y
BKG000725,RESIDENT_00310,EVT005,Sundays@thePark,Community Walk,2026-06-19,North,Y,Y
BKG001136,RESIDENT_00470,EVT002,HIIT @ CC,Workout Class,2026-05-31,North,Y,Y
BKG000947,RESIDENT_00397,EVT003,Zumba Fiesta,Workout Class,2026-05-01,North-East,Y,Y
BKG000923,RESIDENT_00389,EVT004,Brisk Walk @ Park,Community Walk,2026-04-25,West,Y,Y
BKG000817,RESIDENT_00349,EVT007,Weekend Cycling,Community Ride,2026-04-08,North-East,Y,Y
BKG003298,RESIDENT_01336,EVT003,Zumba Fiesta,Workout Class,2026-06-29,East,Y,Y
BKG003172,RESIDENT_01283,EVT003,Zumba Fiesta,Workout Class,2026-06-29,North,Y,Y
BKG003565,RESIDENT_01461,EVT010,Nutrition Talk,Talk,2026-06-28,North,Y,N
BKG000282,RESIDENT_00131,EVT007,Weekend Cycling,Community Ride,2026-05-21,North,Y,N
BKG003516,RESIDENT_01438,EVT004,Brisk Walk @ Park,Community Walk,2026-06-14,East,Y,Y
BKG002839,RESIDENT_01150,EVT010,Nutrition Talk,Talk,2026-04-01,Central,Y,N
BKG000759,RESIDENT_00326,EVT010,Nutrition Talk,Talk,2026-04-01,West,Y,Y
BKG003263,RESIDENT_01318,EVT002,HIIT @ CC,Workout Class,2026-04-13,East,Y,Y
BKG002612,RESIDENT_01053,EVT001,Sunrise Mass Workout,Mass Workout,2026-04-03,West,Y,Y
BKG003116,RESIDENT_01263,EVT009,Health Screening Drive,Screening,2026-06-16,North,Y,Y
BKG002220,RESIDENT_00892,EVT003,Zumba Fiesta,Workout Class,2026-06-15,North,Y,N
BKG001848,RESIDENT_00758,EVT010,Nutrition Talk,Talk,2026-05-12,North-East,Y,N
BKG001928,RESIDENT_00791,EVT007,Weekend Cycling,Community Ride,2026-05-18,Central,Y,Y
BKG003209,RESIDENT_01299,EVT003,Zumba Fiesta,Workout Class,2026-06-09,North,Y,Y
BKG002624,RESIDENT_01058,EVT003,Zumba Fiesta,Workout Class,2026-06-20,Central,Y,Y
BKG002952,RESIDENT_01195,EVT010,Nutrition Talk,Talk,2026-04-23,North,Y,N
BKG003017,RESIDENT_01221,EVT004,Brisk Walk @ Park,Community Walk,2026-04-02,Central,Y,Y
BKG000953,RESIDENT_00401,EVT008,Strength & Mobility,Workout Class,2026-05-20,Central,Y,N
BKG000526,RESIDENT_00234,EVT008,Strength & Mobility,Workout Class,2026-04-18,Central,Y,N
BKG002458,RESIDENT_00980,EVT010,Nutrition Talk,Talk,2026-04-12,North-East,Y,Y
BKG000547,RESIDENT_00243,EVT002,HIIT @ CC,Workout Class,2026-05-01,Central,Y,Y
BKG001390,RESIDENT_00571,EVT005,Sundays@thePark,Community Walk,2026-05-23,Central,Y,N
BKG002264,RESIDENT_00913,EVT004,Brisk Walk @ Park,Community Walk,2026-06-27,West,Y,Y
BKG002374,RESIDENT_00950,EVT006,Aqua Aerobics,Workout Class,2026-06-29,Central,Y,Y
BKG000159,RESIDENT_00075,EVT003,Zumba Fiesta,Workout Class,2026-04-10,Central,Y,Y
BKG000301,RESIDENT_00140,EVT007,Weekend Cycling,Community Ride,2026-04-27,North,Y,Y
BKG001211,RESIDENT_00503,EVT009,Health Screening Drive,Screening,2026-04-19,North,Y,N
BKG002868,RESIDENT_01158,EVT007,Weekend Cycling,Community Ride,2026-06-16,North,Y,Y
BKG002590,RESIDENT_01049,EVT007,Weekend Cycling,Community Ride,2026-05-26,West,Y,Y
BKG003328,RESIDENT_01350,EVT003,Zumba Fiesta,Workout Class,2026-06-21,Central,Y,Y
BKG003616,RESIDENT_01488,EVT007,Weekend Cycling,Community Ride,2026-04-01,East,Y,Y
BKG001826,RESIDENT_00753,EVT009,Health Screening Drive,Screening,2026-05-03,Central,Y,Y
BKG003533,RESIDENT_01442,EVT009,Health Screening Drive,Screening,2026-05-25,Central,Y,Y
BKG003538,RESIDENT_01445,EVT008,Strength & Mobility,Workout Class,2026-06-05,Central,Y,Y
BKG001008,RESIDENT_00424,EVT002,HIIT @ CC,Workout Class,2026-04-15,North,Y,Y
BKG001161,RESIDENT_00485,EVT008,Strength & Mobility,Workout Class,2026-04-21,East,Y,Y
BKG001477,RESIDENT_00597,EVT004,Brisk Walk @ Park,Community Walk,2026-05-24,North-East,Y,Y
BKG003153,RESIDENT_01275,EVT009,Health Screening Drive,Screening,2026-04-03,North-East,Y,Y
BKG002384,RESIDENT_00952,EVT009,Health Screening Drive,Screening,2026-06-25,East,Y,N
BKG002478,RESIDENT_00988,EVT005,Sundays@thePark,Community Walk,2026-05-28,West,Y,N
BKG000303,RESIDENT_00143,EVT004,Brisk Walk @ Park,Community Walk,2026-05-08,Central,Y,Y
BKG002864,RESIDENT_01158,EVT005,Sundays@thePark,Community Walk,2026-04-03,North,Y,Y
BKG002415,RESIDENT_00962,EVT001,Sunrise Mass Workout,Mass Workout,2026-04-24,East,Y,N
BKG002517,RESIDENT_01015,EVT010,Nutrition Talk,Talk,2026-05-28,East,Y,Y
BKG002856,RESIDENT_01155,EVT007,Weekend Cycling,Community Ride,2026-04-11,West,Y,Y
BKG000180,RESIDENT_00083,EVT009,Health Screening Drive,Screening,2026-04-08,Central,Y,Y
BKG002141,RESIDENT_00863,EVT010,Nutrition Talk,Talk,2026-05-10,North,Y,Y
BKG003161,RESIDENT_01279,EVT005,Sundays@thePark,Community Walk,2026-04-14,West,Y,Y
BKG003031,RESIDENT_01227,EVT006,Aqua Aerobics,Workout Class,2026-06-15,North-East,Y,Y
BKG001959,RESIDENT_00799,EVT001,Sunrise Mass Workout,Mass Workout,2026-04-22,West,Y,Y
BKG001241,RESIDENT_00518,EVT001,Sunrise Mass Workout,Mass Workout,2026-05-29,North-East,Y,Y
BKG000791,RESIDENT_00338,EVT010,Nutrition Talk,Talk,2026-05-30,North-East,Y,Y
BKG002083,RESIDENT_00843,EVT004,Brisk Walk @ Park,Community Walk,2026-05-03,North,Y,N
BKG001112,RESIDENT_00465,EVT005,Sundays@thePark,Community Walk,2026-06-16,North,Y,Y
BKG000832,RESIDENT_00356,EVT010,Nutrition Talk,Talk,2026-06-13,Central,Y,Y
BKG001746,RESIDENT_00718,EVT010,Nutrition Talk,Talk,2026-06-06,North-East,Y,Y
BKG000251,RESIDENT_00110,EVT010,Nutrition Talk,Talk,2026-05-23,East,Y,Y
BKG000006,RESIDENT_00002,EVT007,Weekend Cycling,Community Ride,2026-06-18,Central,Y,N
BKG002064,RESIDENT_00836,EVT002,HIIT @ CC,Workout Class,2026-06-13,East,Y,Y
BKG003425,RESIDENT_01389,EVT006,Aqua Aerobics,Workout Class,2026-05-18,Central,Y,Y
BKG001468,RESIDENT_00591,EVT009,Health Screening Drive,Screening,2026-05-29,West,Y,N
BKG002425,RESIDENT_00967,EVT008,Strength & Mobility,Workout Class,2026-04-13,Central,Y,Y
BKG003512,RESIDENT_01437,EVT009,Health Screening Drive,Screening,2026-06-02,North-East,Y,Y
BKG001341,RESIDENT_00553,EVT001,Sunrise Mass Workout,Mass Workout,2026-04-13,East,Y,N
BKG001511,RESIDENT_00614,EVT001,Sunrise Mass Workout,Mass Workout,2026-06-06,North,Y,Y
BKG000907,RESIDENT_00385,EVT003,Zumba Fiesta,Workout Class,2026-06-04,North-East,Y,N
BKG002643,RESIDENT_01074,EVT008,Strength & Mobility,Workout Class,2026-06-11,West,Y,Y
BKG003309,RESIDENT_01338,EVT008,Strength & Mobility,Workout Class,2026-05-09,North-East,Y,Y
BKG000432,RESIDENT_00197,EVT010,Nutrition Talk,Talk,2026-06-10,Central,Y,Y
BKG002071,RESIDENT_00837,EVT005,Sundays@thePark,Community Walk,2026-05-28,North,Y,Y
BKG001947,RESIDENT_00795,EVT010,Nutrition Talk,Talk,2026-06-25,Central,Y,Y
BKG000344,RESIDENT_00157,EVT007,Weekend Cycling,Community Ride,2026-04-20,West,Y,Y
BKG000033,RESIDENT_00014,EVT010,Nutrition Talk,Talk,2026-06-14,North,Y,Y
BKG003546,RESIDENT_01450,EVT003,Zumba Fiesta,Workout Class,2026-06-21,North,Y,N
BKG001061,RESIDENT_00445,EVT003,Zumba Fiesta,Workout Class,2026-06-01,West,Y,Y
BKG002004,RESIDENT_00814,EVT005,Sundays@thePark,Community Walk,2026-06-13,North-East,Y,Y
BKG002959,RESIDENT_01198,EVT009,Health Screening Drive,Screening,2026-06-21,East,Y,N
BKG000740,RESIDENT_00316,EVT009,Health Screening Drive,Screening,2026-05-27,West,Y,N
BKG001643,RESIDENT_00673,EVT004,Brisk Walk @ Park,Community Walk,2026-06-19,North-East,Y,Y
BKG003445,RESIDENT_01400,EVT002,HIIT @ CC,Workout Class,2026-06-28,East,Y,Y
BKG001310,RESIDENT_00541,EVT002,HIIT @ CC,Workout Class,2026-04-12,West,Y,Y
BKG002752,RESIDENT_01118,EVT010,Nutrition Talk,Talk,2026-04-04,East,Y,N
BKG001087,RESIDENT_00453,EVT009,Health Screening Drive,Screening,2026-04-30,North-East,Y,Y
BKG003373,RESIDENT_01369,EVT006,Aqua Aerobics,Workout Class,2026-05-02,North-East,Y,Y
BKG003193,RESIDENT_01290,EVT010,Nutrition Talk,Talk,2026-04-21,North,Y,Y
BKG001021,RESIDENT_00428,EVT010,Nutrition Talk,Talk,2026-04-07,North,Y,Y
BKG000911,RESIDENT_00386,EVT006,Aqua Aerobics,Workout Class,2026-05-23,North,Y,Y
BKG003378,RESIDENT_01371,EVT008,Strength & Mobility,Workout Class,2026-04-23,West,Y,Y
BKG000948,RESIDENT_00398,EVT005,Sundays@thePark,Community Walk,2026-04-12,Central,Y,Y
BKG003401,RESIDENT_01380,EVT004,Brisk Walk @ Park,Community Walk,2026-06-15,West,Y,Y
BKG002412,RESIDENT_00961,EVT006,Aqua Aerobics,Workout Class,2026-04-24,Central,Y,N
BKG001359,RESIDENT_00560,EVT007,Weekend Cycling,Community Ride,2026-04-12,North,Y,Y
BKG000238,RESIDENT_00106,EVT010,Nutrition Talk,Talk,2026-05-23,East,Y,Y
BKG002516,RESIDENT_01015,EVT001,Sunrise Mass Workout,Mass Workout,2026-06-27,Central,Y,Y
BKG001080,RESIDENT_00450,EVT010,Nutrition Talk,Talk,2026-05-05,North,Y,Y
BKG000914,RESIDENT_00387,EVT010,Nutrition Talk,Talk,2026-05-31,North-East,Y,N
BKG002964,RESIDENT_01202,EVT002,HIIT @ CC,Workout Class,2026-04-07,East,Y,Y
BKG000132,RESIDENT_00060,EVT005,Sundays@thePark,Community Walk,2026-05-22,North,Y,Y
BKG001205,RESIDENT_00502,EVT008,Strength & Mobility,Workout Class,2026-04-26,West,Y,Y
BKG001645,RESIDENT_00674,EVT004,Brisk Walk @ Park,Community Walk,2026-04-28,Central,Y,N
BKG000523,RESIDENT_00233,EVT005,Sundays@thePark,Community Walk,2026-04-12,Central,Y,Y
BKG001835,RESIDENT_00755,EVT008,Strength & Mobility,Workout Class,2026-04-16,North,Y,Y
BKG003406,RESIDENT_01381,EVT002,HIIT @ CC,Workout Class,2026-05-10,North-East,Y,N
BKG002728,RESIDENT_01109,EVT004,Brisk Walk @ Park,Community Walk,2026-06-27,Central,Y,N
BKG001678,RESIDENT_00685,EVT009,Health Screening Drive,Screening,2026-06-25,East,Y,Y
BKG003409,RESIDENT_01382,EVT009,Health Screening Drive,Screening,2026-05-11,North,Y,Y
BKG001179,RESIDENT_00493,EVT006,Aqua Aerobics,Workout Class,2026-04-14,North,Y,Y
BKG001744,RESIDENT_00717,EVT002,HIIT @ CC,Workout Class,2026-05-18,West,Y,N
BKG000541,RESIDENT_00240,EVT010,Nutrition Talk,Talk,2026-05-13,East,Y,Y
BKG000867,RESIDENT_00368,EVT003,Zumba Fiesta,Workout Class,2026-06-01,North-East,Y,Y
BKG000135,RESIDENT_00063,EVT006,Aqua Aerobics,Workout Class,2026-06-04,West,Y,Y
BKG001976,RESIDENT_00803,EVT001,Sunrise Mass Workout,Mass Workout,2026-04-14,East,Y,Y
BKG002955,RESIDENT_01196,EVT001,Sunrise Mass Workout,Mass Workout,2026-06-06,North-East,Y,Y
BKG000096,RESIDENT_00043,EVT004,Brisk Walk @ Park,Community Walk,2026-06-18,East,Y,Y
BKG000351,RESIDENT_00161,EVT003,Zumba Fiesta,Workout Class,2026-04-13,Central,Y,N
BKG000545,RESIDENT_00241,EVT003,Zumba Fiesta,Workout Class,2026-05-26,West,Y,Y
BKG002700,RESIDENT_01098,EVT001,Sunrise Mass Workout,Mass Workout,2026-05-02,North,Y,Y
BKG001181,RESIDENT_00493,EVT010,Nutrition Talk,Talk,2026-05-25,North,Y,Y
BKG000247,RESIDENT_00110,EVT009,Health Screening Drive,Screening,2026-05-31,East,Y,Y
BKG000244,RESIDENT_00108,EVT008,Strength & Mobility,Workout Class,2026-06-25,Central,Y,Y
BKG000409,RESIDENT_00188,EVT007,Weekend Cycling,Community Ride,2026-06-12,East,Y,Y
BKG001116,RESIDENT_00465,EVT004,Brisk Walk @ Park,Community Walk,2026-04-04,North,Y,Y
BKG003243,RESIDENT_01310,EVT005,Sundays@thePark,Community Walk,2026-06-20,West,Y,Y
BKG001004,RESIDENT_00422,EVT008,Strength & Mobility,Workout Class,2026-06-15,North,Y,Y
BKG000765,RESIDENT_00328,EVT005,Sundays@thePark,Community Walk,2026-05-20,West,Y,Y
BKG000926,RESIDENT_00390,EVT004,Brisk Walk @ Park,Community Walk,2026-06-12,Central,Y,Y
BKG001353,RESIDENT_00557,EVT004,Brisk Walk @ Park,Community Walk,2026-06-28,West,Y,N
BKG002159,RESIDENT_00870,EVT001,Sunrise Mass Workout,Mass Workout,2026-06-30,North-East,Y,Y
BKG000387,RESIDENT_00177,EVT002,HIIT @ CC,Workout Class,2026-06-23,North-East,Y,Y
BKG000257,RESIDENT_00115,EVT004,Brisk Walk @ Park,Community Walk,2026-04-20,Central,Y,N
BKG003395,RESIDENT_01376,EVT008,Strength & Mobility,Workout Class,2026-06-27,Central,Y,Y
BKG000973,RESIDENT_00409,EVT010,Nutrition Talk,Talk,2026-05-07,East,Y,Y
BKG001651,RESIDENT_00676,EVT001,Sunrise Mass Workout,Mass Workout,2026-06-09,North-East,Y,N
BKG003421,RESIDENT_01389,EVT007,Weekend Cycling,Community Ride,2026-04-22,Central,Y,Y
BKG000868,RESIDENT_00369,EVT007,Weekend Cycling,Community Ride,2026-05-14,East,Y,N
BKG003180,RESIDENT_01285,EVT003,Zumba Fiesta,Workout Class,2026-05-03,North,Y,Y
BKG001729,RESIDENT_00709,EVT004,Brisk Walk @ Park,Community Walk,2026-04-30,Central,Y,N
BKG002917,RESIDENT_01179,EVT004,Brisk Walk @ Park,Community Walk,2026-04-21,North-East,Y,N
BKG003254,RESIDENT_01313,EVT002,HIIT @ CC,Workout Class,2026-04-25,Central,Y,Y
BKG001386,RESIDENT_00570,EVT010,Nutrition Talk,Talk,2026-06-23,North,Y,Y
BKG001565,RESIDENT_00641,EVT002,HIIT @ CC,Workout Class,2026-04-18,East,Y,Y
BKG001131,RESIDENT_00468,EVT009,Health Screening Drive,Screening,2026-04-02,North,Y,N
BKG002566,RESIDENT_01035,EVT002,HIIT @ CC,Workout Class,2026-06-07,East,Y,Y
BKG002385,RESIDENT_00953,EVT003,Zumba Fiesta,Workout Class,2026-06-20,Central,Y,N
BKG002886,RESIDENT_01166,EVT003,Zumba Fiesta,Workout Class,2026-05-02,North,Y,Y
BKG003505,RESIDENT_01431,EVT002,HIIT @ CC,Workout Class,2026-06-03,West,Y,Y
BKG001568,RESIDENT_00641,EVT008,Strength & Mobility,Workout Class,2026-06-14,East,Y,Y
BKG002865,RESIDENT_01158,EVT008,Strength & Mobility,Workout Class,2026-06-20,North,Y,Y
BKG001154,RESIDENT_00479,EVT009,Health Screening Drive,Screening,2026-04-17,North,Y,Y
BKG003103,RESIDENT_01260,EVT006,Aqua Aerobics,Workout Class,2026-06-28,Central,Y,N
BKG000341,RESIDENT_00157,EVT005,Sundays@thePark,Community Walk,2026-05-06,West,Y,Y
BKG000395,RESIDENT_00181,EVT006,Aqua Aerobics,Workout Class,2026-06-16,North-East,Y,N
BKG003586,RESIDENT_01474,EVT001,Sunrise Mass Workout,Mass Workout,2026-05-20,West,Y,Y
BKG001861,RESIDENT_00767,EVT007,Weekend Cycling,Community Ride,2026-05-08,North-East,Y,N
BKG001193,RESIDENT_00499,EVT006,Aqua Aerobics,Workout Class,2026-06-19,North-East,Y,Y
BKG003113,RESIDENT_01262,EVT008,Strength & Mobility,Workout Class,2026-05-30,North-East,Y,Y
BKG003231,RESIDENT_01307,EVT001,Sunrise Mass Workout,Mass Workout,2026-06-24,Central,Y,Y
BKG003148,RESIDENT_01274,EVT004,Brisk Walk @ Park,Community Walk,2026-06-19,Central,Y,Y
BKG002231,RESIDENT_00898,EVT002,HIIT @ CC,Workout Class,2026-05-18,Central,Y,Y
BKG002147,RESIDENT_00866,EVT008,Strength & Mobility,Workout Class,2026-05-04,North,Y,Y
BKG000197,RESIDENT_00091,EVT002,HIIT @ CC,Workout Class,2026-04-08,North-East,Y,Y
BKG000022,RESIDENT_00008,EVT009,Health Screening Drive,Screening,2026-06-19,North-East,Y,Y
BKG000448,RESIDENT_00201,EVT004,Brisk Walk @ Park,Community Walk,2026-05-02,North-East,Y,Y
BKG000169,RESIDENT_00079,EVT007,Weekend Cycling,Community Ride,2026-05-15,West,Y,Y
BKG000568,RESIDENT_00254,EVT005,Sundays@thePark,Community Walk,2026-06-20,West,Y,Y
BKG001725,RESIDENT_00708,EVT005,Sundays@thePark,Community Walk,2026-04-17,North-East,Y,Y
BKG002368,RESIDENT_00949,EVT004,Brisk Walk @ Park,Community Walk,2026-06-16,Central,Y,N
BKG001681,RESIDENT_00686,EVT005,Sundays@thePark,Community Walk,2026-04-02,Central,Y,Y
BKG001429,RESIDENT_00580,EVT010,Nutrition Talk,Talk,2026-06-07,North,Y,Y
BKG001464,RESIDENT_00591,EVT004,Brisk Walk @ Park,Community Walk,2026-04-11,West,Y,Y
BKG000674,RESIDENT_00289,EVT006,Aqua Aerobics,Workout Class,2026-05-06,West,Y,Y
BKG000416,RESIDENT_00193,EVT004,Brisk Walk @ Park,Community Walk,2026-04-06,North,Y,Y
BKG002469,RESIDENT_00987,EVT001,Sunrise Mass Workout,Mass Workout,2026-06-25,East,Y,Y
BKG002824,RESIDENT_01146,EVT007,Weekend Cycling,Community Ride,2026-05-06,North,Y,Y
BKG002366,RESIDENT_00949,EVT003,Zumba Fiesta,Workout Class,2026-05-21,East,Y,N
BKG003131,RESIDENT_01268,EVT001,Sunrise Mass Workout,Mass Workout,2026-06-24,Central,Y,N
BKG000359,RESIDENT_00163,EVT001,Sunrise Mass Workout,Mass Workout,2026-04-08,North-East,Y,Y
BKG001388,RESIDENT_00570,EVT005,Sundays@thePark,Community Walk,2026-06-17,North,Y,Y
BKG000171,RESIDENT_00079,EVT009,Health Screening Drive,Screening,2026-05-17,West,Y,Y
BKG001019,RESIDENT_00427,EVT006,Aqua Aerobics,Workout Class,2026-06-12,North,Y,N
BKG000008,RESIDENT_00003,EVT002,HIIT @ CC,Workout Class,2026-04-28,Central,Y,Y
BKG002576,RESIDENT_01043,EVT009,Health Screening Drive,Screening,2026-06-25,East,Y,N
BKG002173,RESIDENT_00875,EVT003,Zumba Fiesta,Workout Class,2026-06-01,North-East,Y,Y
BKG003229,RESIDENT_01306,EVT006,Aqua Aerobics,Workout Class,2026-04-06,West,Y,Y
BKG001588,RESIDENT_00652,EVT010,Nutrition Talk,Talk,2026-05-28,Central,Y,Y
BKG002235,RESIDENT_00900,EVT010,Nutrition Talk,Talk,2026-04-02,North,Y,Y
BKG003583,RESIDENT_01472,EVT006,Aqua Aerobics,Workout Class,2026-06-02,North-East,Y,Y
BKG000279,RESIDENT_00130,EVT005,Sundays@thePark,Community Walk,2026-04-12,West,Y,Y
BKG001623,RESIDENT_00664,EVT001,Sunrise Mass Workout,Mass Workout,2026-04-26,West,Y,N
BKG000844,RESIDENT_00361,EVT009,Health Screening Drive,Screening,2026-04-10,West,Y,Y
BKG003636,RESIDENT_01500,EVT009,Health Screening Drive,Screening,2026-04-02,Central,Y,Y
BKG002580,RESIDENT_01044,EVT006,Aqua Aerobics,Workout Class,2026-05-08,West,Y,Y
BKG000996,RESIDENT_00420,EVT002,HIIT @ CC,Workout Class,2026-05-15,East,Y,Y
BKG002841,RESIDENT_01151,EVT008,Strength & Mobility,Workout Class,2026-04-15,East,Y,N
BKG001692,RESIDENT_00693,EVT007,Weekend Cycling,Community Ride,2026-04-02,North-East,Y,Y
BKG000800,RESIDENT_00341,EVT010,Nutrition Talk,Talk,2026-04-23,North-East,Y,Y
BKG000752,RESIDENT_00322,EVT001,Sunrise Mass Workout,Mass Workout,2026-05-10,Central,Y,Y
BKG001396,RESIDENT_00573,EVT005,Sundays@thePark,Community Walk,2026-05-24,North-East,Y,Y
BKG001074,RESIDENT_00449,EVT003,Zumba Fiesta,Workout Class,2026-06-05,East,Y,N
BKG002678,RESIDENT_01091,EVT001,Sunrise Mass Workout,Mass Workout,2026-05-22,Central,Y,Y
BKG001985,RESIDENT_00806,EVT002,HIIT @ CC,Workout Class,2026-04-19,East,Y,Y
BKG003317,RESIDENT_01342,EVT004,Brisk Walk @ Park,Community Walk,2026-06-14,Central,Y,Y
BKG002122,RESIDENT_00855,EVT001,Sunrise Mass Workout,Mass Workout,2026-05-02,North-East,Y,N
BKG002125,RESIDENT_00857,EVT001,Sunrise Mass Workout,Mass Workout,2026-06-04,North-East,Y,Y
BKG001827,RESIDENT_00753,EVT005,Sundays@thePark,Community Walk,2026-04-08,Central,Y,Y
BKG001339,RESIDENT_00552,EVT001,Sunrise Mass Workout,Mass Workout,2026-04-03,Central,Y,Y
BKG001918,RESIDENT_00787,EVT007,Weekend Cycling,Community Ride,2026-05-16,West,Y,Y
BKG003275,RESIDENT_01324,EVT001,Sunrise Mass Workout,Mass Workout,2026-04-07,Central,Y,Y
BKG001629,RESIDENT_00667,EVT008,Strength & Mobility,Workout Class,2026-05-31,East,Y,Y
BKG001375,RESIDENT_00567,EVT008,Strength & Mobility,Workout Class,2026-04-27,Central,Y,Y
BKG001538,RESIDENT_00627,EVT008,Strength & Mobility,Workout Class,2026-05-23,West,Y,Y
BKG003028,RESIDENT_01227,EVT009,Health Screening Drive,Screening,2026-05-23,North,Y,Y
BKG000102,RESIDENT_00045,EVT002,HIIT @ CC,Workout Class,2026-04-06,North,Y,N
BKG000218,RESIDENT_00099,EVT003,Zumba Fiesta,Workout Class,2026-05-06,West,Y,Y
BKG002003,RESIDENT_00814,EVT007,Weekend Cycling,Community Ride,2026-06-20,North-East,Y,Y
BKG002105,RESIDENT_00850,EVT008,Strength & Mobility,Workout Class,2026-05-12,East,Y,Y
BKG001634,RESIDENT_00668,EVT002,HIIT @ CC,Workout Class,2026-06-18,East,Y,N
BKG002798,RESIDENT_01135,EVT005,Sundays@thePark,Community Walk,2026-05-10,East,Y,N
BKG003110,RESIDENT_01262,EVT006,Aqua Aerobics,Workout Class,2026-06-02,North-East,Y,Y
BKG000268,RESIDENT_00123,EVT002,HIIT @ CC,Workout Class,2026-05-15,Central,Y,N
BKG003146,RESIDENT_01274,EVT003,Zumba Fiesta,Workout Class,2026-06-21,North-East,Y,Y
BKG003310,RESIDENT_01340,EVT001,Sunrise Mass Workout,Mass Workout,2026-05-11,Central,Y,N
BKG001040,RESIDENT_00438,EVT004,Brisk Walk @ Park,Community Walk,2026-05-19,Central,Y,Y
BKG000024,RESIDENT_00008,EVT006,Aqua Aerobics,Workout Class,2026-05-20,North-East,Y,Y
BKG001293,RESIDENT_00538,EVT005,Sundays@thePark,Community Walk,2026-05-28,North-East,Y,Y
BKG001852,RESIDENT_00761,EVT008,Strength & Mobility,Workout Class,2026-04-28,North,Y,N
BKG000895,RESIDENT_00381,EVT010,Nutrition Talk,Talk,2026-04-05,East,Y,Y
BKG003474,RESIDENT_01417,EVT001,Sunrise Mass Workout,Mass Workout,2026-06-02,North-East,Y,Y
BKG003384,RESIDENT_01374,EVT010,Nutrition Talk,Talk,2026-04-13,North-East,Y,Y
BKG001496,RESIDENT_00604,EVT007,Weekend Cycling,Community Ride,2026-06-10,North-East,Y,N
BKG003375,RESIDENT_01370,EVT002,HIIT @ CC,Workout Class,2026-06-06,East,Y,N
BKG000939,RESIDENT_00393,EVT007,Weekend Cycling,Community Ride,2026-05-14,West,Y,Y
BKG001463,RESIDENT_00590,EVT005,Sundays@thePark,Community Walk,2026-04-21,Central,Y,N
BKG001000,RESIDENT_00422,EVT009,Health Screening Drive,Screening,2026-05-08,North,Y,Y
BKG002362,RESIDENT_00946,EVT006,Aqua Aerobics,Workout Class,2026-06-23,North,Y,Y
BKG000780,RESIDENT_00332,EVT006,Aqua Aerobics,Workout Class,2026-05-20,Central,Y,Y
BKG001366,RESIDENT_00562,EVT005,Sundays@thePark,Community Walk,2026-05-13,East,Y,N
BKG000475,RESIDENT_00210,EVT009,Health Screening Drive,Screening,2026-04-26,Central,Y,Y
BKG000074,RESIDENT_00029,EVT010,Nutrition Talk,Talk,2026-06-04,North-East,Y,Y
BKG001619,RESIDENT_00663,EVT007,Weekend Cycling,Community Ride,2026-05-26,North,Y,Y
BKG002084,RESIDENT_00844,EVT006,Aqua Aerobics,Workout Class,2026-06-20,West,Y,N
BKG001172,RESIDENT_00491,EVT001,Sunrise Mass Workout,Mass Workout,2026-04-22,North,Y,N
BKG001050,RESIDENT_00441,EVT009,Health Screening Drive,Screening,2026-06-10,Central,Y,Y
BKG002399,RESIDENT_00957,EVT009,Health Screening Drive,Screening,2026-04-27,Central,Y,Y
BKG001870,RESIDENT_00771,EVT010,Nutrition Talk,Talk,2026-05-12,North-East,Y,Y
BKG002119,RESIDENT_00853,EVT008,Strength & Mobility,Workout Class,2026-05-27,North-East,Y,N
BKG002602,RESIDENT_01051,EVT007,Weekend Cycling,Community Ride,2026-05-12,Central,Y,Y
BKG002261,RESIDENT_00908,EVT007,Weekend Cycling,Community Ride,2026-05-08,North,Y,Y
BKG002190,RESIDENT_00880,EVT005,Sundays@thePark,Community Walk,2026-04-16,North-East,Y,Y
BKG001450,RESIDENT_00588,EVT003,Zumba Fiesta,Workout Class,2026-04-21,North-East,Y,N
BKG002300,RESIDENT_00927,EVT008,Strength & Mobility,Workout Class,2026-04-07,East,Y,N
BKG002877,RESIDENT_01163,EVT007,Weekend Cycling,Community Ride,2026-04-10,North-East,Y,Y
BKG000015,RESIDENT_00006,EVT001,Sunrise Mass Workout,Mass Workout,2026-04-15,North,Y,N
BKG003011,RESIDENT_01220,EVT007,Weekend Cycling,Community Ride,2026-04-28,Central,Y,Y
BKG001624,RESIDENT_00665,EVT006,Aqua Aerobics,Workout Class,2026-05-04,West,Y,Y
BKG002158,RESIDENT_00870,EVT006,Aqua Aerobics,Workout Class,2026-06-28,North-East,Y,Y
BKG001497,RESIDENT_00604,EVT005,Sundays@thePark,Community Walk,2026-06-29,Central,Y,Y
BKG002410,RESIDENT_00961,EVT005,Sundays@thePark,Community Walk,2026-05-29,Central,Y,Y
BKG000216,RESIDENT_00097,EVT009,Health Screening Drive,Screening,2026-05-16,North-East,Y,Y
BKG002713,RESIDENT_01105,EVT009,Health Screening Drive,Screening,2026-05-04,North-East,Y,N
BKG002038,RESIDENT_00828,EVT007,Weekend Cycling,Community Ride,2026-05-29,East,Y,N
BKG000438,RESIDENT_00197,EVT002,HIIT @ CC,Workout Class,2026-05-22,Central,Y,Y
BKG001770,RESIDENT_00730,EVT009,Health Screening Drive,Screening,2026-06-15,West,Y,Y
BKG002244,RESIDENT_00903,EVT002,HIIT @ CC,Workout Class,2026-06-24,North,Y,Y
BKG000748,RESIDENT_00320,EVT008,Strength & Mobility,Workout Class,2026-06-18,North,Y,Y
BKG002255,RESIDENT_00907,EVT004,Brisk Walk @ Park,Community Walk,2026-04-13,West,Y,Y
BKG000549,RESIDENT_00243,EVT010,Nutrition Talk,Talk,2026-06-17,North-East,Y,Y
BKG002720,RESIDENT_01107,EVT008,Strength & Mobility,Workout Class,2026-06-11,North,Y,Y
BKG003360,RESIDENT_01363,EVT006,Aqua Aerobics,Workout Class,2026-06-03,North-East,Y,Y
BKG001432,RESIDENT_00581,EVT001,Sunrise Mass Workout,Mass Workout,2026-05-07,East,Y,N
BKG000352,RESIDENT_00161,EVT010,Nutrition Talk,Talk,2026-04-14,North-East,Y,Y
BKG000860,RESIDENT_00367,EVT005,Sundays@thePark,Community Walk,2026-06-26,North-East,Y,Y
BKG002426,RESIDENT_00967,EVT005,Sundays@thePark,Community Walk,2026-06-08,Central,Y,Y
BKG003415,RESIDENT_01387,EVT002,HIIT @ CC,Workout Class,2026-06-28,North-East,Y,N
BKG000976,RESIDENT_00410,EVT003,Zumba Fiesta,Workout Class,2026-05-23,North-East,Y,N
BKG000592,RESIDENT_00261,EVT004,Brisk Walk @ Park,Community Walk,2026-06-01,North,Y,Y
BKG002212,RESIDENT_00887,EVT003,Zumba Fiesta,Workout Class,2026-04-26,North-East,Y,Y
BKG002528,RESIDENT_01019,EVT006,Aqua Aerobics,Workout Class,2026-06-27,North,Y,Y
BKG001890,RESIDENT_00776,EVT002,HIIT @ CC,Workout Class,2026-04-25,West,Y,N
BKG000149,RESIDENT_00071,EVT002,HIIT @ CC,Workout Class,2026-05-24,Central,Y,Y
BKG000198,RESIDENT_00091,EVT006,Aqua Aerobics,Workout Class,2026-05-13,North-East,Y,N
BKG001879,RESIDENT_00774,EVT007,Weekend Cycling,Community Ride,2026-05-12,West,Y,N
BKG001851,RESIDENT_00760,EVT010,Nutrition Talk,Talk,2026-06-09,North-East,Y,Y
BKG002727,RESIDENT_01108,EVT003,Zumba Fiesta,Workout Class,2026-04-05,East,Y,Y
BKG002601,RESIDENT_01051,EVT010,Nutrition Talk,Talk,2026-04-22,North,Y,Y
BKG001422,RESIDENT_00579,EVT003,Zumba Fiesta,Workout Class,2026-06-26,North,Y,Y
BKG003242,RESIDENT_01309,EVT001,Sunrise Mass Workout,Mass Workout,2026-06-22,Central,Y,N
BKG000158,RESIDENT_00075,EVT008,Strength & Mobility,Workout Class,2026-04-12,Central,Y,Y
BKG003572,RESIDENT_01467,EVT006,Aqua Aerobics,Workout Class,2026-06-03,East,Y,Y
BKG002691,RESIDENT_01095,EVT005,Sundays@thePark,Community Walk,2026-06-18,West,Y,Y
BKG003197,RESIDENT_01291,EVT007,Weekend Cycling,Community Ride,2026-05-10,West,Y,Y
BKG000418,RESIDENT_00193,EVT005,Sundays@thePark,Community Walk,2026-05-30,North,Y,Y
BKG001347,RESIDENT_00556,EVT004,Brisk Walk @ Park,Community Walk,2026-04-14,North-East,Y,Y
BKG002693,RESIDENT_01095,EVT007,Weekend Cycling,Community Ride,2026-05-23,North,Y,Y
BKG000128,RESIDENT_00059,EVT005,Sundays@thePark,Community Walk,2026-04-20,North,Y,N
BKG001039,RESIDENT_00438,EVT005,Sundays@thePark,Community Walk,2026-05-12,Central,Y,N
BKG002491,RESIDENT_00991,EVT004,Brisk Walk @ Park,Community Walk,2026-05-17,East,Y,Y
BKG000452,RESIDENT_00202,EVT008,Strength & Mobility,Workout Class,2026-06-28,East,Y,Y
BKG003563,RESIDENT_01460,EVT003,Zumba Fiesta,Workout Class,2026-04-09,Central,Y,N
BKG001891,RESIDENT_00776,EVT009,Health Screening Drive,Screening,2026-04-06,West,Y,Y
BKG002812,RESIDENT_01141,EVT001,Sunrise Mass Workout,Mass Workout,2026-05-23,East,Y,Y
BKG002716,RESIDENT_01105,EVT003,Zumba Fiesta,Workout Class,2026-05-25,Central,Y,Y
BKG002476,RESIDENT_00988,EVT002,HIIT @ CC,Workout Class,2026-05-21,West,Y,Y
BKG001539,RESIDENT_00627,EVT009,Health Screening Drive,Screening,2026-05-23,West,Y,Y
BKG002388,RESIDENT_00954,EVT002,HIIT @ CC,Workout Class,2026-04-13,East,Y,Y
BKG003276,RESIDENT_01325,EVT007,Weekend Cycling,Community Ride,2026-05-10,Central,Y,Y
BKG002750,RESIDENT_01118,EVT005,Sundays@thePark,Community Walk,2026-05-05,Central,Y,Y
BKG001351,RESIDENT_00556,EVT003,Zumba Fiesta,Workout Class,2026-06-22,North-East,Y,Y
BKG003393,RESIDENT_01376,EVT003,Zumba Fiesta,Workout Class,2026-06-21,North-East,Y,Y
BKG003367,RESIDENT_01367,EVT010,Nutrition Talk,Talk,2026-04-28,North-East,Y,Y
BKG003211,RESIDENT_01299,EVT004,Brisk Walk @ Park,Community Walk,2026-05-27,North,Y,Y
BKG000187,RESIDENT_00088,EVT007,Weekend Cycling,Community Ride,2026-06-11,East,Y,Y
BKG001545,RESIDENT_00631,EVT006,Aqua Aerobics,Workout Class,2026-04-11,East,Y,Y
BKG000998,RESIDENT_00421,EVT004,Brisk Walk @ Park,Community Walk,2026-05-29,Central,Y,Y
BKG003237,RESIDENT_01308,EVT010,Nutrition Talk,Talk,2026-04-25,Central,Y,N
BKG002305,RESIDENT_00928,EVT003,Zumba Fiesta,Workout Class,2026-04-18,North,Y,N
BKG003253,RESIDENT_01313,EVT001,Sunrise Mass Workout,Mass Workout,2026-05-02,West,Y,Y
BKG002530,RESIDENT_01021,EVT006,Aqua Aerobics,Workout Class,2026-05-08,North-East,Y,N
BKG002721,RESIDENT_01107,EVT007,Weekend Cycling,Community Ride,2026-04-02,North-East,Y,N
BKG001336,RESIDENT_00552,EVT010,Nutrition Talk,Talk,2026-06-09,East,Y,Y
BKG001027,RESIDENT_00433,EVT001,Sunrise Mass Workout,Mass Workout,2026-04-03,North,Y,Y
BKG001331,RESIDENT_00550,EVT007,Weekend Cycling,Community Ride,2026-04-19,North,Y,N
BKG002380,RESIDENT_00951,EVT006,Aqua Aerobics,Workout Class,2026-06-05,North,Y,Y
BKG000250,RESIDENT_00110,EVT007,Weekend Cycling,Community Ride,2026-05-05,East,Y,Y
BKG002420,RESIDENT_00966,EVT001,Sunrise Mass Workout,Mass Workout,2026-05-25,East,Y,Y
BKG001028,RESIDENT_00433,EVT006,Aqua Aerobics,Workout Class,2026-04-28,North,Y,N
BKG002575,RESIDENT_01043,EVT009,Health Screening Drive,Screening,2026-04-02,North-East,Y,N
BKG000921,RESIDENT_00389,EVT001,Sunrise Mass Workout,Mass Workout,2026-05-01,West,Y,Y
BKG000223,RESIDENT_00100,EVT004,Brisk Walk @ Park,Community Walk,2026-05-30,North,Y,Y
BKG001238,RESIDENT_00516,EVT007,Weekend Cycling,Community Ride,2026-05-13,Central,Y,N
BKG002510,RESIDENT_01011,EVT004,Brisk Walk @ Park,Community Walk,2026-05-14,Central,Y,N
BKG000875,RESIDENT_00371,EVT008,Strength & Mobility,Workout Class,2026-04-05,North-East,Y,Y
BKG003062,RESIDENT_01246,EVT003,Zumba Fiesta,Workout Class,2026-05-12,Central,Y,Y
BKG002328,RESIDENT_00935,EVT005,Sundays@thePark,Community Walk,2026-04-28,Central,Y,Y
BKG000143,RESIDENT_00068,EVT003,Zumba Fiesta,Workout Class,2026-04-28,North,Y,N
BKG001714,RESIDENT_00705,EVT004,Brisk Walk @ Park,Community Walk,2026-06-17,North-East,Y,N
BKG002894,RESIDENT_01170,EVT005,Sundays@thePark,Community Walk,2026-06-02,East,Y,Y
BKG000206,RESIDENT_00094,EVT001,Sunrise Mass Workout,Mass Workout,2026-05-31,East,Y,Y
BKG000252,RESIDENT_00111,EVT005,Sundays@thePark,Community Walk,2026-04-07,West,Y,N
BKG000508,RESIDENT_00231,EVT009,Health Screening Drive,Screening,2026-05-08,West,Y,Y
BKG002756,RESIDENT_01119,EVT005,Sundays@thePark,Community Walk,2026-04-05,Central,Y,Y
BKG003441,RESIDENT_01398,EVT001,Sunrise Mass Workout,Mass Workout,2026-05-01,North-East,Y,Y
BKG000853,RESIDENT_00365,EVT005,Sundays@thePark,Community Walk,2026-05-08,West,Y,Y
BKG002815,RESIDENT_01142,EVT006,Aqua Aerobics,Workout Class,2026-05-12,North-East,Y,Y
BKG000367,RESIDENT_00166,EVT005,Sundays@thePark,Community Walk,2026-05-24,West,Y,Y
BKG002805,RESIDENT_01139,EVT002,HIIT @ CC,Workout Class,2026-05-28,Central,Y,N
BKG001491,RESIDENT_00603,EVT003,Zumba Fiesta,Workout Class,2026-05-11,West,Y,Y
BKG001013,RESIDENT_00424,EVT010,Nutrition Talk,Talk,2026-05-21,North,Y,Y
BKG002642,RESIDENT_01074,EVT001,Sunrise Mass Workout,Mass Workout,2026-04-08,West,Y,Y
BKG001402,RESIDENT_00574,EVT006,Aqua Aerobics,Workout Class,2026-04-30,West,Y,Y
BKG001126,RESIDENT_00467,EVT003,Zumba Fiesta,Workout Class,2026-04-29,West,Y,Y
BKG003174,RESIDENT_01283,EVT005,Sundays@thePark,Community Walk,2026-05-05,North,Y,Y
BKG002262,RESIDENT_00909,EVT005,Sundays@thePark,Community Walk,2026-05-03,Central,Y,N
BKG002094,RESIDENT_00847,EVT001,Sunrise Mass Workout,Mass Workout,2026-05-22,North,Y,N
BKG002349,RESIDENT_00941,EVT001,Sunrise Mass Workout,Mass Workout,2026-06-01,West,Y,N
BKG001785,RESIDENT_00737,EVT010,Nutrition Talk,Talk,2026-04-04,West,Y,Y
BKG003030,RESIDENT_01227,EVT007,Weekend Cycling,Community Ride,2026-05-30,North-East,Y,Y
BKG002835,RESIDENT_01149,EVT008,Strength & Mobility,Workout Class,2026-05-20,Central,Y,Y
BKG003006,RESIDENT_01217,EVT002,HIIT @ CC,Workout Class,2026-05-08,Central,Y,N
BKG000447,RESIDENT_00201,EVT010,Nutrition Talk,Talk,2026-04-09,East,Y,N
BKG001836,RESIDENT_00755,EVT005,Sundays@thePark,Community Walk,2026-04-06,North,Y,Y
BKG002010,RESIDENT_00815,EVT006,Aqua Aerobics,Workout Class,2026-05-23,West,Y,N
BKG003511,RESIDENT_01436,EVT004,Brisk Walk @ Park,Community Walk,2026-06-14,Central,Y,Y
BKG000894,RESIDENT_00381,EVT006,Aqua Aerobics,Workout Class,2026-06-10,East,Y,Y
BKG000289,RESIDENT_00133,EVT006,Aqua Aerobics,Workout Class,2026-06-30,North-East,Y,Y
BKG002222,RESIDENT_00893,EVT008,Strength & Mobility,Workout Class,2026-04-29,Central,Y,Y
BKG003247,RESIDENT_01311,EVT008,Strength & Mobility,Workout Class,2026-05-22,North-East,Y,Y
BKG002551,RESIDENT_01029,EVT004,Brisk Walk @ Park,Community Walk,2026-04-05,West,Y,Y
BKG003292,RESIDENT_01332,EVT010,Nutrition Talk,Talk,2026-04-06,Central,Y,Y
BKG002021,RESIDENT_00819,EVT003,Zumba Fiesta,Workout Class,2026-05-24,Central,Y,Y
BKG002391,RESIDENT_00954,EVT006,Aqua Aerobics,Workout Class,2026-04-23,East,Y,Y
BKG000883,RESIDENT_00375,EVT004,Brisk Walk @ Park,Community Walk,2026-04-11,Central,Y,Y
BKG000313,RESIDENT_00146,EVT005,Sundays@thePark,Community Walk,2026-04-01,North,Y,Y
BKG000174,RESIDENT_00081,EVT001,Sunrise Mass Workout,Mass Workout,2026-05-22,North,Y,Y
BKG003494,RESIDENT_01425,EVT005,Sundays@thePark,Community Walk,2026-04-30,West,Y,Y
BKG002606,RESIDENT_01052,EVT006,Aqua Aerobics,Workout Class,2026-06-28,North,Y,Y
BKG000829,RESIDENT_00356,EVT001,Sunrise Mass Workout,Mass Workout,2026-04-14,Central,Y,Y
BKG001245,RESIDENT_00520,EVT008,Strength & Mobility,Workout Class,2026-06-10,Central,Y,Y
BKG001298,RESIDENT_00539,EVT009,Health Screening Drive,Screening,2026-05-05,North-East,Y,Y
BKG000995,RESIDENT_00420,EVT002,HIIT @ CC,Workout Class,2026-04-10,Central,Y,Y
BKG001323,RESIDENT_00548,EVT004,Brisk Walk @ Park,Community Walk,2026-06-23,North-East,Y,Y
BKG002715,RESIDENT_01105,EVT001,Sunrise Mass Workout,Mass Workout,2026-04-17,Central,Y,N
BKG003056,RESIDENT_01244,EVT010,Nutrition Talk,Talk,2026-04-27,Central,Y,Y
BKG000114,RESIDENT_00049,EVT004,Brisk Walk @ Park,Community Walk,2026-05-05,North,Y,Y
BKG003177,RESIDENT_01283,EVT002,HIIT @ CC,Workout Class,2026-05-29,North,Y,Y
BKG000192,RESIDENT_00089,EVT001,Sunrise Mass Workout,Mass Workout,2026-06-30,East,Y,Y
BKG000824,RESIDENT_00354,EVT005,Sundays@thePark,Community Walk,2026-04-17,West,Y,N
BKG002671,RESIDENT_01085,EVT006,Aqua Aerobics,Workout Class,2026-05-21,West,Y,Y
BKG001327,RESIDENT_00548,EVT007,Weekend Cycling,Community Ride,2026-04-07,North-East,Y,N
BKG000195,RESIDENT_00091,EVT005,Sundays@thePark,Community Walk,2026-04-14,North-East,Y,Y
BKG002897,RESIDENT_01172,EVT001,Sunrise Mass Workout,Mass Workout,2026-05-10,East,Y,Y
BKG002970,RESIDENT_01203,EVT001,Sunrise Mass Workout,Mass Workout,2026-06-21,Central,Y,Y
BKG002028,RESIDENT_00825,EVT008,Strength & Mobility,Workout Class,2026-04-18,North-East,Y,N
BKG002338,RESIDENT_00937,EVT009,Health Screening Drive,Screening,2026-04-07,North,Y,Y
BKG001153,RESIDENT_00479,EVT007,Weekend Cycling,Community Ride,2026-04-17,Central,Y,Y
BKG002968,RESIDENT_01203,EVT007,Weekend Cycling,Community Ride,2026-05-15,North-East,Y,Y
BKG003351,RESIDENT_01361,EVT003,Zumba Fiesta,Workout Class,2026-05-09,North,Y,N
BKG001314,RESIDENT_00544,EVT007,Weekend Cycling,Community Ride,2026-05-24,North,Y,Y
BKG002765,RESIDENT_01121,EVT009,Health Screening Drive,Screening,2026-05-18,North-East,Y,Y
BKG002144,RESIDENT_00865,EVT003,Zumba Fiesta,Workout Class,2026-04-08,East,Y,N
BKG002280,RESIDENT_00923,EVT008,Strength & Mobility,Workout Class,2026-05-03,West,Y,Y
BKG002534,RESIDENT_01023,EVT001,Sunrise Mass Workout,Mass Workout,2026-06-30,West,Y,N
BKG003065,RESIDENT_01247,EVT010,Nutrition Talk,Talk,2026-05-30,West,Y,Y
BKG002340,RESIDENT_00938,EVT007,Weekend Cycling,Community Ride,2026-06-11,West,Y,Y
BKG002541,RESIDENT_01027,EVT009,Health Screening Drive,Screening,2026-05-31,West,Y,N
BKG003539,RESIDENT_01447,EVT005,Sundays@thePark,Community Walk,2026-04-30,North-East,Y,N
BKG003595,RESIDENT_01480,EVT009,Health Screening Drive,Screening,2026-05-18,Central,Y,N
BKG001242,RESIDENT_00519,EVT002,HIIT @ CC,Workout Class,2026-04-28,East,Y,N
BKG003232,RESIDENT_01307,EVT008,Strength & Mobility,Workout Class,2026-05-10,Central,Y,N
BKG001975,RESIDENT_00803,EVT004,Brisk Walk @ Park,Community Walk,2026-06-25,Central,Y,N
BKG003438,RESIDENT_01396,EVT001,Sunrise Mass Workout,Mass Workout,2026-05-20,North-East,Y,Y
BKG001204,RESIDENT_00502,EVT004,Brisk Walk @ Park,Community Walk,2026-06-13,West,Y,Y
BKG002658,RESIDENT_01079,EVT009,Health Screening Drive,Screening,2026-04-05,West,Y,Y
BKG001949,RESIDENT_00796,EVT008,Strength & Mobility,Workout Class,2026-05-19,North-East,Y,Y
BKG000811,RESIDENT_00345,EVT004,Brisk Walk @ Park,Community Walk,2026-04-16,West,Y,Y
BKG003622,RESIDENT_01494,EVT008,Strength & Mobility,Workout Class,2026-06-21,East,Y,Y
BKG003628,RESIDENT_01497,EVT008,Strength & Mobility,Workout Class,2026-04-19,Central,Y,Y
BKG002699,RESIDENT_01097,EVT006,Aqua Aerobics,Workout Class,2026-05-10,Central,Y,N
BKG001190,RESIDENT_00495,EVT009,Health Screening Drive,Screening,2026-04-13,East,Y,Y
BKG002407,RESIDENT_00959,EVT006,Aqua Aerobics,Workout Class,2026-04-11,East,Y,Y
BKG000887,RESIDENT_00378,EVT003,Zumba Fiesta,Workout Class,2026-05-20,North,Y,Y
BKG000142,RESIDENT_00068,EVT008,Strength & Mobility,Workout Class,2026-06-16,North,Y,N
BKG003279,RESIDENT_01326,EVT002,HIIT @ CC,Workout Class,2026-05-15,Central,Y,Y
BKG002949,RESIDENT_01195,EVT010,Nutrition Talk,Talk,2026-06-12,North,Y,Y
BKG002749,RESIDENT_01117,EVT004,Brisk Walk @ Park,Community Walk,2026-05-04,West,Y,N
BKG002533,RESIDENT_01022,EVT009,Health Screening Drive,Screening,2026-05-14,West,Y,N
BKG000859,RESIDENT_00367,EVT002,HIIT @ CC,Workout Class,2026-05-13,North,Y,Y
BKG002444,RESIDENT_00974,EVT008,Strength & Mobility,Workout Class,2026-04-08,East,Y,Y
BKG001317,RESIDENT_00546,EVT005,Sundays@thePark,Community Walk,2026-04-04,West,Y,Y
BKG000039,RESIDENT_00016,EVT001,Sunrise Mass Workout,Mass Workout,2026-04-01,East,Y,Y
BKG000200,RESIDENT_00091,EVT003,Zumba Fiesta,Workout Class,2026-06-30,North-East,Y,Y
BKG001219,RESIDENT_00509,EVT002,HIIT @ CC,Workout Class,2026-05-12,East,Y,Y
BKG003108,RESIDENT_01261,EVT005,Sundays@thePark,Community Walk,2026-05-28,North-East,Y,N
BKG001860,RESIDENT_00767,EVT010,Nutrition Talk,Talk,2026-05-28,North-East,Y,Y
BKG002341,RESIDENT_00938,EVT002,HIIT @ CC,Workout Class,2026-05-26,West,Y,Y
BKG002885,RESIDENT_01166,EVT002,HIIT @ CC,Workout Class,2026-04-08,North,Y,Y
BKG002203,RESIDENT_00884,EVT007,Weekend Cycling,Community Ride,2026-04-28,North,Y,Y
BKG001124,RESIDENT_00467,EVT005,Sundays@thePark,Community Walk,2026-04-26,West,Y,Y
BKG002800,RESIDENT_01135,EVT005,Sundays@thePark,Community Walk,2026-06-16,Central,Y,Y
BKG000905,RESIDENT_00384,EVT009,Health Screening Drive,Screening,2026-06-15,East,Y,Y
BKG000975,RESIDENT_00410,EVT009,Health Screening Drive,Screening,2026-06-17,North-East,Y,N
BKG001284,RESIDENT_00533,EVT001,Sunrise Mass Workout,Mass Workout,2026-05-11,East,Y,N
BKG002429,RESIDENT_00968,EVT006,Aqua Aerobics,Workout Class,2026-05-24,West,Y,Y
BKG002194,RESIDENT_00881,EVT010,Nutrition Talk,Talk,2026-04-12,East,Y,N
BKG000118,RESIDENT_00051,EVT006,Aqua Aerobics,Workout Class,2026-05-29,East,Y,Y
BKG000756,RESIDENT_00322,EVT001,Sunrise Mass Workout,Mass Workout,2026-06-09,East,Y,N
BKG002468,RESIDENT_00986,EVT007,Weekend Cycling,Community Ride,2026-05-12,North-East,Y,Y
BKG000329,RESIDENT_00151,EVT006,Aqua Aerobics,Workout Class,2026-04-22,North,Y,N
BKG000065,RESIDENT_00025,EVT001,Sunrise Mass Workout,Mass Workout,2026-04-06,West,Y,Y
BKG000092,RESIDENT_00041,EVT010,Nutrition Talk,Talk,2026-04-16,Central,Y,Y
BKG000559,RESIDENT_00249,EVT003,Zumba Fiesta,Workout Class,2026-06-09,West,Y,Y
BKG001935,RESIDENT_00793,EVT003,Zumba Fiesta,Workout Class,2026-06-23,North,Y,Y
BKG002938,RESIDENT_01192,EVT008,Strength & Mobility,Workout Class,2026-04-20,Central,Y,N
BKG000407,RESIDENT_00188,EVT005,Sundays@thePark,Community Walk,2026-05-02,North-East,Y,Y
BKG001218,RESIDENT_00508,EVT007,Weekend Cycling,Community Ride,2026-05-16,East,Y,N
BKG001648,RESIDENT_00675,EVT002,HIIT @ CC,Workout Class,2026-06-18,Central,Y,Y
BKG001654,RESIDENT_00677,EVT009,Health Screening Drive,Screening,2026-05-03,North-East,Y,Y
BKG003366,RESIDENT_01366,EVT002,HIIT @ CC,Workout Class,2026-05-07,North,Y,Y
BKG001713,RESIDENT_00705,EVT009,Health Screening Drive,Screening,2026-05-24,North-East,Y,N
BKG003450,RESIDENT_01404,EVT004,Brisk Walk @ Park,Community Walk,2026-04-15,Central,Y,N
BKG003101,RESIDENT_01259,EVT001,Sunrise Mass Workout,Mass Workout,2026-06-09,Central,Y,Y
BKG000738,RESIDENT_00315,EVT001,Sunrise Mass Workout,Mass Workout,2026-06-23,Central,Y,Y
BKG000120,RESIDENT_00052,EVT006,Aqua Aerobics,Workout Class,2026-06-13,North,Y,N
BKG002372,RESIDENT_00950,EVT003,Zumba Fiesta,Workout Class,2026-05-24,Central,Y,Y
BKG000962,RESIDENT_00405,EVT007,Weekend Cycling,Community Ride,2026-06-19,Central,Y,Y
BKG002473,RESIDENT_00987,EVT007,Weekend Cycling,Community Ride,2026-05-10,East,Y,Y
BKG002304,RESIDENT_00928,EVT010,Nutrition Talk,Talk,2026-06-02,Central,Y,N
BKG002880,RESIDENT_01164,EVT003,Zumba Fiesta,Workout Class,2026-04-15,Central,Y,Y
BKG003322,RESIDENT_01348,EVT009,Health Screening Drive,Screening,2026-04-29,West,Y,Y
BKG001106,RESIDENT_00463,EVT006,Aqua Aerobics,Workout Class,2026-05-17,Central,Y,N
BKG003493,RESIDENT_01425,EVT007,Weekend Cycling,Community Ride,2026-06-12,West,Y,N
BKG001286,RESIDENT_00533,EVT002,HIIT @ CC,Workout Class,2026-04-22,East,Y,Y
BKG003403,RESIDENT_01380,EVT006,Aqua Aerobics,Workout Class,2026-06-06,West,Y,Y
BKG002572,RESIDENT_01040,EVT004,Brisk Walk @ Park,Community Walk,2026-06-06,East,Y,N
BKG000763,RESIDENT_00327,EVT001,Sunrise Mass Workout,Mass Workout,2026-04-13,West,Y,Y
BKG001905,RESIDENT_00781,EVT010,Nutrition Talk,Talk,2026-04-02,North,Y,Y
BKG002017,RESIDENT_00818,EVT001,Sunrise Mass Workout,Mass Workout,2026-05-16,East,Y,Y
BKG001191,RESIDENT_00496,EVT007,Weekend Cycling,Community Ride,2026-04-03,North,Y,N
BKG002356,RESIDENT_00943,EVT010,Nutrition Talk,Talk,2026-06-24,Central,Y,Y
BKG002090,RESIDENT_00845,EVT002,HIIT @ CC,Workout Class,2026-04-22,North-East,Y,Y
BKG000813,RESIDENT_00346,EVT003,Zumba Fiesta,Workout Class,2026-05-10,North,Y,N
BKG000389,RESIDENT_00178,EVT001,Sunrise Mass Workout,Mass Workout,2026-04-15,Central,Y,Y
BKG000310,RESIDENT_00146,EVT002,HIIT @ CC,Workout Class,2026-06-24,North,Y,Y
BKG002206,RESIDENT_00885,EVT003,Zumba Fiesta,Workout Class,2026-06-27,East,Y,N
BKG001553,RESIDENT_00634,EVT006,Aqua Aerobics,Workout Class,2026-04-02,Central,Y,N
BKG001859,RESIDENT_00765,EVT003,Zumba Fiesta,Workout Class,2026-05-11,Central,Y,Y
BKG000225,RESIDENT_00100,EVT005,Sundays@thePark,Community Walk,2026-05-17,North-East,Y,Y
BKG002657,RESIDENT_01079,EVT005,Sundays@thePark,Community Walk,2026-04-01,West,Y,Y
BKG001914,RESIDENT_00783,EVT003,Zumba Fiesta,Workout Class,2026-05-24,North,Y,Y
BKG000917,RESIDENT_00388,EVT003,Zumba Fiesta,Workout Class,2026-06-10,North-East,Y,Y
BKG000833,RESIDENT_00356,EVT003,Zumba Fiesta,Workout Class,2026-04-10,Central,Y,Y
BKG002347,RESIDENT_00940,EVT009,Health Screening Drive,Screening,2026-06-30,North,Y,N
BKG000724,RESIDENT_00310,EVT006,Aqua Aerobics,Workout Class,2026-06-02,Central,Y,Y
BKG003087,RESIDENT_01254,EVT003,Zumba Fiesta,Workout Class,2026-06-04,North-East,Y,Y
BKG000051,RESIDENT_00021,EVT009,Health Screening Drive,Screening,2026-05-27,North-East,Y,Y
BKG001094,RESIDENT_00457,EVT004,Brisk Walk @ Park,Community Walk,2026-05-26,North,Y,Y
BKG001656,RESIDENT_00677,EVT010,Nutrition Talk,Talk,2026-05-10,North-East,Y,Y
BKG000472,RESIDENT_00210,EVT010,Nutrition Talk,Talk,2026-06-28,East,Y,Y
BKG003347,RESIDENT_01359,EVT004,Brisk Walk @ Park,Community Walk,2026-04-02,West,Y,Y
BKG001371,RESIDENT_00566,EVT006,Aqua Aerobics,Workout Class,2026-05-12,North,Y,Y
BKG001445,RESIDENT_00586,EVT009,Health Screening Drive,Screening,2026-05-02,North-East,Y,Y
BKG000753,RESIDENT_00322,EVT006,Aqua Aerobics,Workout Class,2026-05-20,North-East,Y,Y
BKG000757,RESIDENT_00322,EVT001,Sunrise Mass Workout,Mass Workout,2026-04-18,North-East,Y,N
BKG002100,RESIDENT_00849,EVT006,Aqua Aerobics,Workout Class,2026-04-07,Central,Y,Y
BKG002613,RESIDENT_01054,EVT010,Nutrition Talk,Talk,2026-04-05,West,Y,N
BKG001233,RESIDENT_00513,EVT008,Strength & Mobility,Workout Class,2026-05-11,North-East,Y,Y
BKG000139,RESIDENT_00066,EVT005,Sundays@thePark,Community Walk,2026-04-17,East,Y,N
BKG001430,RESIDENT_00580,EVT001,Sunrise Mass Workout,Mass Workout,2026-05-13,West,Y,Y
BKG000131,RESIDENT_00060,EVT010,Nutrition Talk,Talk,2026-04-08,North,Y,Y
BKG003569,RESIDENT_01465,EVT004,Brisk Walk @ Park,Community Walk,2026-06-23,West,Y,Y
BKG003036,RESIDENT_01231,EVT005,Sundays@thePark,Community Walk,2026-04-09,East,Y,N
BKG003069,RESIDENT_01248,EVT008,Strength & Mobility,Workout Class,2026-04-23,Central,Y,Y
BKG002417,RESIDENT_00963,EVT005,Sundays@thePark,Community Walk,2026-06-19,West,Y,Y
BKG000307,RESIDENT_00144,EVT010,Nutrition Talk,Talk,2026-04-20,North,Y,Y
BKG002358,RESIDENT_00945,EVT003,Zumba Fiesta,Workout Class,2026-04-07,West,Y,N
BKG002228,RESIDENT_00897,EVT005,Sundays@thePark,Community Walk,2026-04-13,East,Y,N
BKG002912,RESIDENT_01177,EVT006,Aqua Aerobics,Workout Class,2026-05-10,Central,Y,Y
BKG002836,RESIDENT_01149,EVT010,Nutrition Talk,Talk,2026-06-02,North,Y,Y
BKG000741,RESIDENT_00316,EVT010,Nutrition Talk,Talk,2026-04-23,West,Y,Y
BKG001038,RESIDENT_00438,EVT008,Strength & Mobility,Workout Class,2026-06-18,West,Y,Y
BKG003024,RESIDENT_01224,EVT010,Nutrition Talk,Talk,2026-06-30,North,Y,Y
BKG002242,RESIDENT_00903,EVT004,Brisk Walk @ Park,Community Walk,2026-06-27,North,Y,Y
BKG003288,RESIDENT_01331,EVT003,Zumba Fiesta,Workout Class,2026-05-02,East,Y,Y
BKG002487,RESIDENT_00990,EVT008,Strength & Mobility,Workout Class,2026-04-26,North-East,Y,Y
BKG003121,RESIDENT_01263,EVT002,HIIT @ CC,Workout Class,2026-05-21,North,Y,Y
BKG002271,RESIDENT_00916,EVT002,HIIT @ CC,Workout Class,2026-05-04,North,Y,Y
BKG001227,RESIDENT_00510,EVT006,Aqua Aerobics,Workout Class,2026-05-05,West,Y,Y
BKG000425,RESIDENT_00195,EVT007,Weekend Cycling,Community Ride,2026-06-23,West,Y,Y
BKG000029,RESIDENT_00013,EVT008,Strength & Mobility,Workout Class,2026-04-19,West,Y,Y
BKG000183,RESIDENT_00086,EVT002,HIIT @ CC,Workout Class,2026-05-19,East,Y,Y
BKG001413,RESIDENT_00577,EVT008,Strength & Mobility,Workout Class,2026-06-06,East,Y,Y
BKG003603,RESIDENT_01483,EVT002,HIIT @ CC,Workout Class,2026-06-21,North,Y,N
BKG001144,RESIDENT_00474,EVT006,Aqua Aerobics,Workout Class,2026-06-26,West,Y,Y
BKG002819,RESIDENT_01144,EVT004,Brisk Walk @ Park,Community Walk,2026-04-02,North-East,Y,Y
BKG001972,RESIDENT_00802,EVT010,Nutrition Talk,Talk,2026-04-13,Central,Y,Y
BKG001982,RESIDENT_00804,EVT002,HIIT @ CC,Workout Class,2026-06-24,North,Y,Y
BKG002982,RESIDENT_01208,EVT005,Sundays@thePark,Community Walk,2026-05-23,East,Y,Y
BKG000059,RESIDENT_00024,EVT002,HIIT @ CC,Workout Class,2026-06-04,East,Y,Y
BKG003223,RESIDENT_01303,EVT002,HIIT @ CC,Workout Class,2026-04-06,West,Y,Y
BKG002076,RESIDENT_00839,EVT008,Strength & Mobility,Workout Class,2026-06-02,Central,Y,N
BKG000162,RESIDENT_00076,EVT003,Zumba Fiesta,Workout Class,2026-06-02,Central,Y,Y
BKG003470,RESIDENT_01415,EVT005,Sundays@thePark,Community Walk,2026-05-05,North-East,Y,Y
BKG001369,RESIDENT_00566,EVT009,Health Screening Drive,Screening,2026-06-20,North-East,Y,Y
BKG002903,RESIDENT_01173,EVT005,Sundays@thePark,Community Walk,2026-06-14,Central,Y,Y
BKG003426,RESIDENT_01389,EVT008,Strength & Mobility,Workout Class,2026-04-26,North,Y,Y
BKG001265,RESIDENT_00526,EVT001,Sunrise Mass Workout,Mass Workout,2026-06-03,Central,Y,Y
BKG000222,RESIDENT_00100,EVT004,Brisk Walk @ Park,Community Walk,2026-06-29,North-East,Y,Y
BKG000863,RESIDENT_00367,EVT003,Zumba Fiesta,Workout Class,2026-06-06,North-East,Y,Y
BKG001446,RESIDENT_00586,EVT003,Zumba Fiesta,Workout Class,2026-06-09,East,Y,Y
BKG000495,RESIDENT_00225,EVT010,Nutrition Talk,Talk,2026-06-14,North,Y,Y
BKG001760,RESIDENT_00726,EVT005,Sundays@thePark,Community Walk,2026-06-27,East,Y,Y
BKG000075,RESIDENT_00029,EVT008,Strength & Mobility,Workout Class,2026-04-30,North-East,Y,Y
BKG000994,RESIDENT_00417,EVT003,Zumba Fiesta,Workout Class,2026-04-09,Central,Y,Y
BKG000654,RESIDENT_00283,EVT006,Aqua Aerobics,Workout Class,2026-04-30,North,Y,Y
BKG002873,RESIDENT_01160,EVT004,Brisk Walk @ Park,Community Walk,2026-04-29,North,Y,N
BKG002943,RESIDENT_01194,EVT008,Strength & Mobility,Workout Class,2026-04-08,East,Y,Y
BKG000778,RESIDENT_00330,EVT002,HIIT @ CC,Workout Class,2026-04-06,North-East,Y,Y
BKG000449,RESIDENT_00202,EVT002,HIIT @ CC,Workout Class,2026-05-20,East,Y,Y
BKG003556,RESIDENT_01457,EVT001,Sunrise Mass Workout,Mass Workout,2026-06-30,North-East,Y,Y
BKG002757,RESIDENT_01119,EVT002,HIIT @ CC,Workout Class,2026-05-04,Central,Y,N
BKG002677,RESIDENT_01090,EVT007,Weekend Cycling,Community Ride,2026-05-25,East,Y,Y
BKG001077,RESIDENT_00450,EVT005,Sundays@thePark,Community Walk,2026-04-06,North,Y,Y
BKG001784,RESIDENT_00737,EVT009,Health Screening Drive,Screening,2026-05-16,Central,Y,Y
BKG000865,RESIDENT_00368,EVT009,Health Screening Drive,Screening,2026-06-09,East,Y,N
BKG002373,RESIDENT_00950,EVT005,Sundays@thePark,Community Walk,2026-04-25,Central,Y,Y
BKG003337,RESIDENT_01353,EVT001,Sunrise Mass Workout,Mass Workout,2026-06-04,Central,Y,Y
BKG002927,RESIDENT_01187,EVT003,Zumba Fiesta,Workout Class,2026-06-29,West,Y,Y
BKG001858,RESIDENT_00763,EVT006,Aqua Aerobics,Workout Class,2026-06-03,North-East,Y,Y
BKG003171,RESIDENT_01283,EVT002,HIIT @ CC,Workout Class,2026-06-24,West,Y,Y
BKG001177,RESIDENT_00492,EVT001,Sunrise Mass Workout,Mass Workout,2026-06-02,West,Y,Y
BKG003005,RESIDENT_01217,EVT005,Sundays@thePark,Community Walk,2026-04-23,Central,Y,Y
BKG002344,RESIDENT_00938,EVT004,Brisk Walk @ Park,Community Walk,2026-06-18,West,Y,Y
BKG001405,RESIDENT_00574,EVT008,Strength & Mobility,Workout Class,2026-04-14,North,Y,Y
BKG002708,RESIDENT_01102,EVT009,Health Screening Drive,Screening,2026-04-13,North-East,Y,Y
BKG000566,RESIDENT_00253,EVT002,HIIT @ CC,Workout Class,2026-05-29,North-East,Y,Y
BKG001782,RESIDENT_00736,EVT010,Nutrition Talk,Talk,2026-05-09,West,Y,Y
BKG003179,RESIDENT_01284,EVT003,Zumba Fiesta,Workout Class,2026-06-23,Central,Y,N
BKG000697,RESIDENT_00297,EVT009,Health Screening Drive,Screening,2026-04-01,North-East,Y,Y
BKG000951,RESIDENT_00400,EVT002,HIIT @ CC,Workout Class,2026-06-29,Central,Y,Y
BKG002954,RESIDENT_01196,EVT004,Brisk Walk @ Park,Community Walk,2026-04-05,West,Y,Y
BKG001880,RESIDENT_00774,EVT010,Nutrition Talk,Talk,2026-05-08,West,Y,Y
BKG002109,RESIDENT_00851,EVT009,Health Screening Drive,Screening,2026-04-08,North-East,Y,Y
BKG001448,RESIDENT_00587,EVT004,Brisk Walk @ Park,Community Walk,2026-04-13,East,Y,N
BKG000327,RESIDENT_00151,EVT002,HIIT @ CC,Workout Class,2026-06-16,North,Y,Y
BKG002408,RESIDENT_00960,EVT007,Weekend Cycling,Community Ride,2026-05-24,North-East,Y,N
BKG000513,RESIDENT_00232,EVT008,Strength & Mobility,Workout Class,2026-06-19,West,Y,Y
BKG000700,RESIDENT_00297,EVT006,Aqua Aerobics,Workout Class,2026-05-29,North,Y,Y
BKG000517,RESIDENT_00232,EVT005,Sundays@thePark,Community Walk,2026-05-23,Central,Y,N
BKG000893,RESIDENT_00379,EVT010,Nutrition Talk,Talk,2026-04-04,West,Y,Y
BKG001474,RESIDENT_00594,EVT010,Nutrition Talk,Talk,2026-05-03,Central,Y,N
BKG000576,RESIDENT_00255,EVT007,Weekend Cycling,Community Ride,2026-06-13,Central,Y,Y
BKG002275,RESIDENT_00918,EVT003,Zumba Fiesta,Workout Class,2026-04-13,North,Y,Y
BKG000558,RESIDENT_00249,EVT003,Zumba Fiesta,Workout Class,2026-04-08,West,Y,N
BKG002690,RESIDENT_01094,EVT003,Zumba Fiesta,Workout Class,2026-06-19,West,Y,Y
BKG001480,RESIDENT_00598,EVT007,Weekend Cycling,Community Ride,2026-05-20,North-East,Y,Y
BKG000614,RESIDENT_00267,EVT009,Health Screening Drive,Screening,2026-05-18,West,Y,N
BKG001365,RESIDENT_00561,EVT010,Nutrition Talk,Talk,2026-06-12,Central,Y,Y
BKG000525,RESIDENT_00233,EVT005,Sundays@thePark,Community Walk,2026-04-08,Central,Y,Y
BKG000873,RESIDENT_00371,EVT008,Strength & Mobility,Workout Class,2026-05-07,Central,Y,Y
BKG002495,RESIDENT_00996,EVT009,Health Screening Drive,Screening,2026-05-05,West,Y,N
BKG003203,RESIDENT_01293,EVT002,HIIT @ CC,Workout Class,2026-04-12,North,Y,Y
BKG002423,RESIDENT_00966,EVT008,Strength & Mobility,Workout Class,2026-04-17,East,Y,Y
BKG003466,RESIDENT_01413,EVT008,Strength & Mobility,Workout Class,2026-04-08,North-East,Y,Y
BKG001001,RESIDENT_00422,EVT008,Strength & Mobility,Workout Class,2026-04-08,North,Y,Y
BKG001983,RESIDENT_00805,EVT008,Strength & Mobility,Workout Class,2026-06-03,East,Y,N
BKG001582,RESIDENT_00646,EVT002,HIIT @ CC,Workout Class,2026-04-15,West,Y,Y
BKG001085,RESIDENT_00453,EVT006,Aqua Aerobics,Workout Class,2026-05-14,Central,Y,N
BKG000404,RESIDENT_00186,EVT007,Weekend Cycling,Community Ride,2026-04-21,North-East,Y,Y
BKG002561,RESIDENT_01034,EVT010,Nutrition Talk,Talk,2026-04-17,North,Y,Y
BKG000148,RESIDENT_00071,EVT009,Health Screening Drive,Screening,2026-05-28,East,Y,Y
BKG000673,RESIDENT_00289,EVT008,Strength & Mobility,Workout Class,2026-05-03,North,Y,Y
BKG002435,RESIDENT_00970,EVT006,Aqua Aerobics,Workout Class,2026-04-19,West,Y,N
BKG001209,RESIDENT_00502,EVT005,Sundays@thePark,Community Walk,2026-04-01,West,Y,Y
BKG000086,RESIDENT_00037,EVT003,Zumba Fiesta,Workout Class,2026-06-08,Central,Y,N
BKG003220,RESIDENT_01302,EVT005,Sundays@thePark,Community Walk,2026-05-13,Central,Y,N
BKG003106,RESIDENT_01260,EVT010,Nutrition Talk,Talk,2026-06-19,Central,Y,Y
BKG000615,RESIDENT_00267,EVT004,Brisk Walk @ Park,Community Walk,2026-04-25,West,Y,Y
BKG003571,RESIDENT_01465,EVT007,Weekend Cycling,Community Ride,2026-04-30,West,Y,Y
BKG002033,RESIDENT_00826,EVT009,Health Screening Drive,Screening,2026-06-22,West,Y,Y
BKG000021,RESIDENT_00007,EVT006,Aqua Aerobics,Workout Class,2026-04-21,North,Y,Y
BKG001895,RESIDENT_00778,EVT007,Weekend Cycling,Community Ride,2026-05-26,North,Y,Y
BKG001587,RESIDENT_00650,EVT001,Sunrise Mass Workout,Mass Workout,2026-06-14,Central,Y,Y
BKG000974,RESIDENT_00409,EVT002,HIIT @ CC,Workout Class,2026-05-08,East,Y,Y
BKG001166,RESIDENT_00486,EVT003,Zumba Fiesta,Workout Class,2026-06-30,North-East,Y,Y
BKG000826,RESIDENT_00354,EVT002,HIIT @ CC,Workout Class,2026-04-12,West,Y,N
BKG000429,RESIDENT_00196,EVT009,Health Screening Drive,Screening,2026-05-19,Central,Y,Y
BKG000964,RESIDENT_00406,EVT002,HIIT @ CC,Workout Class,2026-04-17,East,Y,N
BKG001686,RESIDENT_00688,EVT003,Zumba Fiesta,Workout Class,2026-05-15,Central,Y,Y
BKG000787,RESIDENT_00337,EVT002,HIIT @ CC,Workout Class,2026-04-01,East,Y,N
BKG000900,RESIDENT_00381,EVT001,Sunrise Mass Workout,Mass Workout,2026-05-08,East,Y,Y
BKG000067,RESIDENT_00025,EVT004,Brisk Walk @ Park,Community Walk,2026-04-06,West,Y,N
BKG002360,RESIDENT_00945,EVT006,Aqua Aerobics,Workout Class,2026-05-12,West,Y,Y
BKG002608,RESIDENT_01053,EVT004,Brisk Walk @ Park,Community Walk,2026-06-14,North,Y,N
BKG000412,RESIDENT_00191,EVT004,Brisk Walk @ Park,Community Walk,2026-04-04,North-East,Y,Y
BKG000515,RESIDENT_00232,EVT004,Brisk Walk @ Park,Community Walk,2026-04-11,Central,Y,Y
BKG003575,RESIDENT_01469,EVT007,Weekend Cycling,Community Ride,2026-05-31,East,Y,Y
BKG001845,RESIDENT_00757,EVT004,Brisk Walk @ Park,Community Walk,2026-05-08,North-East,Y,Y
BKG001267,RESIDENT_00526,EVT010,Nutrition Talk,Talk,2026-06-24,North-East,Y,Y
BKG002513,RESIDENT_01014,EVT005,Sundays@thePark,Community Walk,2026-06-18,East,Y,Y
BKG000681,RESIDENT_00291,EVT008,Strength & Mobility,Workout Class,2026-06-20,West,Y,Y
BKG000186,RESIDENT_00088,EVT006,Aqua Aerobics,Workout Class,2026-06-03,East,Y,Y
BKG000316,RESIDENT_00149,EVT001,Sunrise Mass Workout,Mass Workout,2026-04-14,West,Y,Y
BKG000590,RESIDENT_00261,EVT006,Aqua Aerobics,Workout Class,2026-05-08,North-East,Y,Y
BKG001655,RESIDENT_00677,EVT009,Health Screening Drive,Screening,2026-05-15,Central,Y,Y
BKG001821,RESIDENT_00750,EVT003,Zumba Fiesta,Workout Class,2026-05-04,Central,Y,Y
BKG003532,RESIDENT_01442,EVT001,Sunrise Mass Workout,Mass Workout,2026-05-15,West,Y,Y
BKG001742,RESIDENT_00717,EVT007,Weekend Cycling,Community Ride,2026-05-27,West,Y,Y
BKG001912,RESIDENT_00782,EVT003,Zumba Fiesta,Workout Class,2026-05-06,West,Y,Y
BKG000140,RESIDENT_00067,EVT010,Nutrition Talk,Talk,2026-05-17,North,Y,N
BKG000723,RESIDENT_00310,EVT001,Sunrise Mass Workout,Mass Workout,2026-04-16,Central,Y,Y
BKG000846,RESIDENT_00362,EVT003,Zumba Fiesta,Workout Class,2026-05-10,East,Y,N
BKG003423,RESIDENT_01389,EVT007,Weekend Cycling,Community Ride,2026-06-22,North,Y,Y
BKG002564,RESIDENT_01035,EVT006,Aqua Aerobics,Workout Class,2026-06-18,Central,Y,Y
BKG002211,RESIDENT_00886,EVT008,Strength & Mobility,Workout Class,2026-05-24,North,Y,Y
BKG000066,RESIDENT_00025,EVT010,Nutrition Talk,Talk,2026-05-31,West,Y,Y
BKG002370,RESIDENT_00950,EVT004,Brisk Walk @ Park,Community Walk,2026-05-20,Central,Y,Y
BKG000019,RESIDENT_00006,EVT003,Zumba Fiesta,Workout Class,2026-05-25,North,Y,Y
BKG001070,RESIDENT_00447,EVT001,Sunrise Mass Workout,Mass Workout,2026-05-13,West,Y,Y
BKG002547,RESIDENT_01029,EVT002,HIIT @ CC,Workout Class,2026-06-02,North,Y,Y
BKG003272,RESIDENT_01323,EVT006,Aqua Aerobics,Workout Class,2026-06-21,North-East,Y,Y
BKG001938,RESIDENT_00793,EVT009,Health Screening Drive,Screening,2026-05-02,West,Y,Y
BKG001251,RESIDENT_00521,EVT009,Health Screening Drive,Screening,2026-04-24,North-East,Y,Y
BKG002475,RESIDENT_00988,EVT001,Sunrise Mass Workout,Mass Workout,2026-04-02,West,Y,Y
BKG001726,RESIDENT_00708,EVT002,HIIT @ CC,Workout Class,2026-04-07,North-East,Y,Y
BKG001960,RESIDENT_00799,EVT006,Aqua Aerobics,Workout Class,2026-04-22,West,Y,Y
BKG000269,RESIDENT_00123,EVT008,Strength & Mobility,Workout Class,2026-05-13,North-East,Y,Y
BKG001363,RESIDENT_00561,EVT001,Sunrise Mass Workout,Mass Workout,2026-05-08,North-East,Y,Y
BKG000145,RESIDENT_00069,EVT005,Sundays@thePark,Community Walk,2026-05-31,North,Y,N
BKG002834,RESIDENT_01149,EVT009,Health Screening Drive,Screening,2026-04-21,Central,Y,Y
BKG003327,RESIDENT_01350,EVT004,Brisk Walk @ Park,Community Walk,2026-05-27,Central,Y,Y
BKG002427,RESIDENT_00967,EVT001,Sunrise Mass Workout,Mass Workout,2026-05-28,Central,Y,Y
BKG002120,RESIDENT_00854,EVT003,Zumba Fiesta,Workout Class,2026-06-04,West,Y,N
BKG003287,RESIDENT_01331,EVT001,Sunrise Mass Workout,Mass Workout,2026-05-27,East,Y,Y
BKG003447,RESIDENT_01401,EVT007,Weekend Cycling,Community Ride,2026-04-14,North-East,Y,Y
BKG001425,RESIDENT_00579,EVT004,Brisk Walk @ Park,Community Walk,2026-06-11,North,Y,Y
BKG002298,RESIDENT_00926,EVT005,Sundays@thePark,Community Walk,2026-06-08,East,Y,Y
BKG003015,RESIDENT_01221,EVT009,Health Screening Drive,Screening,2026-04-01,Central,Y,N
BKG001931,RESIDENT_00791,EVT009,Health Screening Drive,Screening,2026-05-18,West,Y,Y
BKG003295,RESIDENT_01336,EVT004,Brisk Walk @ Park,Community Walk,2026-05-24,East,Y,Y
BKG000690,RESIDENT_00294,EVT008,Strength & Mobility,Workout Class,2026-05-10,Central,Y,Y
BKG003442,RESIDENT_01398,EVT004,Brisk Walk @ Park,Community Walk,2026-05-15,North-East,Y,Y
BKG001372,RESIDENT_00566,EVT003,Zumba Fiesta,Workout Class,2026-04-25,East,Y,Y
BKG000876,RESIDENT_00372,EVT001,Sunrise Mass Workout,Mass Workout,2026-04-16,North,Y,N
BKG000435,RESIDENT_00197,EVT007,Weekend Cycling,Community Ride,2026-05-18,Central,Y,Y
BKG000589,RESIDENT_00260,EVT009,Health Screening Drive,Screening,2026-04-03,North-East,Y,Y
BKG000234,RESIDENT_00104,EVT005,Sundays@thePark,Community Walk,2026-04-19,North,Y,Y
BKG002519,RESIDENT_01015,EVT010,Nutrition Talk,Talk,2026-04-02,East,Y,Y
BKG002585,RESIDENT_01047,EVT007,Weekend Cycling,Community Ride,2026-04-21,North-East,Y,Y
BKG002787,RESIDENT_01130,EVT007,Weekend Cycling,Community Ride,2026-06-25,Central,Y,Y
BKG001261,RESIDENT_00525,EVT008,Strength & Mobility,Workout Class,2026-06-10,East,Y,N
BKG001312,RESIDENT_00544,EVT008,Strength & Mobility,Workout Class,2026-05-11,Central,Y,N
BKG001156,RESIDENT_00480,EVT006,Aqua Aerobics,Workout Class,2026-06-18,North,Y,Y
BKG002307,RESIDENT_00929,EVT006,Aqua Aerobics,Workout Class,2026-05-18,West,Y,Y
BKG000680,RESIDENT_00290,EVT009,Health Screening Drive,Screening,2026-05-30,West,Y,Y
BKG000528,RESIDENT_00236,EVT002,HIIT @ CC,Workout Class,2026-04-13,Central,Y,Y
BKG000755,RESIDENT_00322,EVT010,Nutrition Talk,Talk,2026-04-17,North-East,Y,Y
BKG002711,RESIDENT_01105,EVT004,Brisk Walk @ Park,Community Walk,2026-04-02,East,Y,Y
BKG001047,RESIDENT_00441,EVT001,Sunrise Mass Workout,Mass Workout,2026-05-12,Central,Y,Y
BKG001672,RESIDENT_00683,EVT005,Sundays@thePark,Community Walk,2026-05-23,North,Y,Y
BKG001567,RESIDENT_00641,EVT006,Aqua Aerobics,Workout Class,2026-04-01,East,Y,N
BKG001696,RESIDENT_00695,EVT005,Sundays@thePark,Community Walk,2026-04-09,Central,Y,Y
BKG003150,RESIDENT_01274,EVT010,Nutrition Talk,Talk,2026-06-06,Central,Y,Y
BKG002431,RESIDENT_00970,EVT005,Sundays@thePark,Community Walk,2026-04-20,North,Y,Y
BKG000173,RESIDENT_00081,EVT008,Strength & Mobility,Workout Class,2026-06-09,North-East,Y,Y
BKG000992,RESIDENT_00416,EVT001,Sunrise Mass Workout,Mass Workout,2026-06-28,East,Y,Y
BKG001184,RESIDENT_00493,EVT009,Health Screening Drive,Screening,2026-04-01,North,Y,Y
BKG001332,RESIDENT_00551,EVT009,Health Screening Drive,Screening,2026-05-03,North-East,Y,N
BKG000625,RESIDENT_00273,EVT009,Health Screening Drive,Screening,2026-05-24,North-East,Y,N
BKG002073,RESIDENT_00838,EVT007,Weekend Cycling,Community Ride,2026-06-01,Central,Y,Y
BKG003061,RESIDENT_01246,EVT004,Brisk Walk @ Park,Community Walk,2026-06-23,Central,Y,Y
BKG001192,RESIDENT_00499,EVT002,HIIT @ CC,Workout Class,2026-05-15,North-East,Y,Y
BKG003147,RESIDENT_01274,EVT002,HIIT @ CC,Workout Class,2026-05-07,North,Y,Y
BKG003593,RESIDENT_01480,EVT005,Sundays@thePark,Community Walk,2026-04-01,Central,Y,Y
BKG000097,RESIDENT_00044,EVT002,HIIT @ CC,Workout Class,2026-06-02,Central,Y,Y
BKG002174,RESIDENT_00875,EVT010,Nutrition Talk,Talk,2026-04-12,Central,Y,N
BKG003205,RESIDENT_01294,EVT010,Nutrition Talk,Talk,2026-05-10,North,Y,N
BKG000539,RESIDENT_00239,EVT003,Zumba Fiesta,Workout Class,2026-04-30,Central,Y,Y
BKG000772,RESIDENT_00329,EVT003,Zumba Fiesta,Workout Class,2026-05-02,North-East,Y,Y
BKG002891,RESIDENT_01168,EVT007,Weekend Cycling,Community Ride,2026-06-30,North-East,Y,N
BKG000578,RESIDENT_00255,EVT005,Sundays@thePark,Community Walk,2026-06-22,Central,Y,Y
BKG001393,RESIDENT_00572,EVT006,Aqua Aerobics,Workout Class,2026-06-20,North,Y,N
BKG002879,RESIDENT_01164,EVT001,Sunrise Mass Workout,Mass Workout,2026-05-07,Central,Y,Y
BKG001290,RESIDENT_00536,EVT002,HIIT @ CC,Workout Class,2026-05-12,North-East,Y,Y
BKG002143,RESIDENT_00865,EVT003,Zumba Fiesta,Workout Class,2026-06-22,East,Y,Y
BKG002560,RESIDENT_01034,EVT009,Health Screening Drive,Screening,2026-04-14,North,Y,Y
BKG003151,RESIDENT_01275,EVT009,Health Screening Drive,Screening,2026-04-09,North-East,Y,Y
BKG001465,RESIDENT_00591,EVT004,Brisk Walk @ Park,Community Walk,2026-05-04,West,Y,N
BKG000430,RESIDENT_00196,EVT007,Weekend Cycling,Community Ride,2026-06-26,East,Y,N
BKG000001,RESIDENT_00001,EVT007,Weekend Cycling,Community Ride,2026-06-01,Central,Y,Y
BKG001243,RESIDENT_00519,EVT008,Strength & Mobility,Workout Class,2026-06-30,North-East,Y,Y
BKG000068,RESIDENT_00025,EVT006,Aqua Aerobics,Workout Class,2026-04-27,Central,Y,Y
BKG000368,RESIDENT_00166,EVT003,Zumba Fiesta,Workout Class,2026-05-12,North,Y,Y
BKG000861,RESIDENT_00367,EVT003,Zumba Fiesta,Workout Class,2026-06-18,North-East,Y,Y
BKG001919,RESIDENT_00787,EVT004,Brisk Walk @ Park,Community Walk,2026-06-24,West,Y,N
BKG000946,RESIDENT_00397,EVT001,Sunrise Mass Workout,Mass Workout,2026-05-29,Central,Y,Y
BKG000878,RESIDENT_00374,EVT006,Aqua Aerobics,Workout Class,2026-05-17,North-East,Y,Y
BKG001514,RESIDENT_00614,EVT010,Nutrition Talk,Talk,2026-04-29,North,Y,Y
BKG000137,RESIDENT_00065,EVT003,Zumba Fiesta,Workout Class,2026-05-24,Central,Y,Y
BKG001075,RESIDENT_00449,EVT002,HIIT @ CC,Workout Class,2026-04-05,East,Y,Y
BKG000335,RESIDENT_00154,EVT007,Weekend Cycling,Community Ride,2026-04-25,West,Y,Y
BKG000220,RESIDENT_00100,EVT010,Nutrition Talk,Talk,2026-04-24,North-East,Y,Y
BKG000561,RESIDENT_00251,EVT001,Sunrise Mass Workout,Mass Workout,2026-06-12,Central,Y,N
BKG001799,RESIDENT_00741,EVT007,Weekend Cycling,Community Ride,2026-06-01,East,Y,Y
BKG003111,RESIDENT_01262,EVT002,HIIT @ CC,Workout Class,2026-06-22,North-East,Y,Y
BKG002226,RESIDENT_00894,EVT007,Weekend Cycling,Community Ride,2026-04-03,North,Y,Y
BKG001531,RESIDENT_00624,EVT006,Aqua Aerobics,Workout Class,2026-04-01,North-East,Y,Y
BKG000628,RESIDENT_00274,EVT004,Brisk Walk @ Park,Community Walk,2026-06-14,East,Y,N
BKG001309,RESIDENT_00541,EVT003,Zumba Fiesta,Workout Class,2026-06-24,West,Y,Y
BKG001338,RESIDENT_00552,EVT008,Strength & Mobility,Workout Class,2026-04-09,East,Y,Y
BKG001255,RESIDENT_00522,EVT003,Zumba Fiesta,Workout Class,2026-04-21,West,Y,Y
BKG000597,RESIDENT_00264,EVT005,Sundays@thePark,Community Walk,2026-04-27,East,Y,Y
BKG001444,RESIDENT_00586,EVT001,Sunrise Mass Workout,Mass Workout,2026-04-07,Central,Y,Y
BKG001756,RESIDENT_00725,EVT004,Brisk Walk @ Park,Community Walk,2026-05-12,Central,Y,N
BKG002845,RESIDENT_01152,EVT007,Weekend Cycling,Community Ride,2026-05-20,West,Y,Y
BKG002102,RESIDENT_00850,EVT002,HIIT @ CC,Workout Class,2026-05-17,Central,Y,Y
BKG002514,RESIDENT_01014,EVT004,Brisk Walk @ Park,Community Walk,2026-05-15,East,Y,Y
BKG000954,RESIDENT_00402,EVT004,Brisk Walk @ Park,Community Walk,2026-05-31,North-East,Y,N
BKG002452,RESIDENT_00977,EVT002,HIIT @ CC,Workout Class,2026-04-22,East,Y,Y
BKG000544,RESIDENT_00241,EVT004,Brisk Walk @ Park,Community Walk,2026-04-01,Central,Y,Y
BKG000535,RESIDENT_00238,EVT008,Strength & Mobility,Workout Class,2026-06-26,North,Y,Y
BKG003251,RESIDENT_01313,EVT006,Aqua Aerobics,Workout Class,2026-04-09,West,Y,Y
BKG003452,RESIDENT_01404,EVT005,Sundays@thePark,Community Walk,2026-06-10,West,Y,N
BKG003637,RESIDENT_01500,EVT007,Weekend Cycling,Community Ride,2026-06-05,Central,Y,Y
BKG002568,RESIDENT_01039,EVT008,Strength & Mobility,Workout Class,2026-06-12,Central,Y,Y
BKG002115,RESIDENT_00853,EVT008,Strength & Mobility,Workout Class,2026-06-27,North-East,Y,Y
BKG003480,RESIDENT_01419,EVT005,Sundays@thePark,Community Walk,2026-04-06,North,Y,N
BKG000138,RESIDENT_00065,EVT008,Strength & Mobility,Workout Class,2026-05-02,Central,Y,Y
BKG001873,RESIDENT_00773,EVT010,Nutrition Talk,Talk,2026-04-23,Central,Y,N
BKG001513,RESIDENT_00614,EVT004,Brisk Walk @ Park,Community Walk,2026-06-19,North,Y,Y
BKG003012,RESIDENT_01220,EVT010,Nutrition Talk,Talk,2026-05-02,West,Y,Y
BKG001481,RESIDENT_00599,EVT004,Brisk Walk @ Park,Community Walk,2026-05-22,East,Y,N
BKG001642,RESIDENT_00673,EVT009,Health Screening Drive,Screening,2026-06-08,North-East,Y,Y
BKG001540,RESIDENT_00628,EVT008,Strength & Mobility,Workout Class,2026-06-15,West,Y,N
BKG003299,RESIDENT_01336,EVT005,Sundays@thePark,Community Walk,2026-04-30,East,Y,Y
BKG002570,RESIDENT_01040,EVT001,Sunrise Mass Workout,Mass Workout,2026-04-10,East,Y,Y
BKG003509,RESIDENT_01434,EVT001,Sunrise Mass Workout,Mass Workout,2026-05-17,North-East,Y,Y
BKG001929,RESIDENT_00791,EVT008,Strength & Mobility,Workout Class,2026-06-22,West,Y,Y
BKG001058,RESIDENT_00444,EVT003,Zumba Fiesta,Workout Class,2026-05-11,North,Y,Y
BKG001754,RESIDENT_00724,EVT003,Zumba Fiesta,Workout Class,2026-04-13,Central,Y,N
BKG002830,RESIDENT_01147,EVT008,Strength & Mobility,Workout Class,2026-06-09,East,Y,Y
BKG002303,RESIDENT_00928,EVT006,Aqua Aerobics,Workout Class,2026-04-03,North,Y,N
BKG001117,RESIDENT_00465,EVT010,Nutrition Talk,Talk,2026-05-01,West,Y,N
BKG002689,RESIDENT_01094,EVT009,Health Screening Drive,Screening,2026-04-17,North,Y,Y
BKG001304,RESIDENT_00541,EVT007,Weekend Cycling,Community Ride,2026-06-15,Central,Y,N
BKG002025,RESIDENT_00821,EVT005,Sundays@thePark,Community Walk,2026-06-08,Central,Y,Y
BKG003339,RESIDENT_01356,EVT008,Strength & Mobility,Workout Class,2026-05-19,Central,Y,Y
BKG002345,RESIDENT_00938,EVT001,Sunrise Mass Workout,Mass Workout,2026-05-23,West,Y,Y
BKG000181,RESIDENT_00085,EVT009,Health Screening Drive,Screening,2026-05-28,East,Y,Y
BKG000570,RESIDENT_00254,EVT009,Health Screening Drive,Screening,2026-05-16,West,Y,Y
BKG002227,RESIDENT_00894,EVT005,Sundays@thePark,Community Walk,2026-06-09,North-East,Y,Y
BKG002883,RESIDENT_01165,EVT009,Health Screening Drive,Screening,2026-05-30,East,Y,Y
BKG001549,RESIDENT_00633,EVT009,Health Screening Drive,Screening,2026-06-16,Central,Y,Y
BKG001671,RESIDENT_00683,EVT001,Sunrise Mass Workout,Mass Workout,2026-05-19,North,Y,Y
BKG002326,RESIDENT_00934,EVT002,HIIT @ CC,Workout Class,2026-06-26,Central,Y,Y
BKG002392,RESIDENT_00954,EVT004,Brisk Walk @ Park,Community Walk,2026-05-13,East,Y,Y
BKG002311,RESIDENT_00929,EVT009,Health Screening Drive,Screening,2026-05-07,West,Y,Y
BKG000064,RESIDENT_00024,EVT001,Sunrise Mass Workout,Mass Workout,2026-05-17,East,Y,Y
BKG003083,RESIDENT_01254,EVT007,Weekend Cycling,Community Ride,2026-04-23,North-East,Y,Y
BKG001857,RESIDENT_00763,EVT008,Strength & Mobility,Workout Class,2026-04-07,North,Y,Y
BKG001566,RESIDENT_00641,EVT003,Zumba Fiesta,Workout Class,2026-06-25,East,Y,Y
BKG000312,RESIDENT_00146,EVT004,Brisk Walk @ Park,Community Walk,2026-04-26,North,Y,Y
BKG001570,RESIDENT_00642,EVT003,Zumba Fiesta,Workout Class,2026-04-01,North,Y,Y
BKG003114,RESIDENT_01262,EVT010,Nutrition Talk,Talk,2026-04-05,North-East,Y,N
BKG000527,RESIDENT_00235,EVT007,Weekend Cycling,Community Ride,2026-06-04,West,Y,N
BKG002265,RESIDENT_00913,EVT010,Nutrition Talk,Talk,2026-06-02,West,Y,Y
BKG002781,RESIDENT_01127,EVT008,Strength & Mobility,Workout Class,2026-04-27,Central,Y,Y
BKG000761,RESIDENT_00326,EVT002,HIIT @ CC,Workout Class,2026-04-29,West,Y,Y
BKG001595,RESIDENT_00656,EVT002,HIIT @ CC,Workout Class,2026-06-19,Central,Y,Y
BKG002832,RESIDENT_01148,EVT006,Aqua Aerobics,Workout Class,2026-06-04,Central,Y,Y
BKG002650,RESIDENT_01075,EVT005,Sundays@thePark,Community Walk,2026-04-26,North,Y,Y
BKG001096,RESIDENT_00458,EVT010,Nutrition Talk,Talk,2026-06-26,North-East,Y,N
BKG002086,RESIDENT_00844,EVT004,Brisk Walk @ Park,Community Walk,2026-04-12,West,Y,N
BKG000144,RESIDENT_00069,EVT009,Health Screening Drive,Screening,2026-04-25,North-East,Y,Y
BKG001325,RESIDENT_00548,EVT010,Nutrition Talk,Talk,2026-06-28,North-East,Y,Y
BKG000047,RESIDENT_00019,EVT004,Brisk Walk @ Park,Community Walk,2026-04-30,Central,Y,Y
BKG000419,RESIDENT_00193,EVT010,Nutrition Talk,Talk,2026-06-03,North,Y,Y
BKG000682,RESIDENT_00291,EVT004,Brisk Walk @ Park,Community Walk,2026-04-05,West,Y,Y
BKG002450,RESIDENT_00976,EVT006,Aqua Aerobics,Workout Class,2026-05-05,North-East,Y,N
BKG003141,RESIDENT_01272,EVT005,Sundays@thePark,Community Walk,2026-04-05,West,Y,N
BKG002011,RESIDENT_00816,EVT004,Brisk Walk @ Park,Community Walk,2026-04-13,Central,Y,N
BKG003400,RESIDENT_01380,EVT006,Aqua Aerobics,Workout Class,2026-05-22,West,Y,Y
BKG002036,RESIDENT_00827,EVT007,Weekend Cycling,Community Ride,2026-06-11,East,Y,N
BKG003554,RESIDENT_01456,EVT006,Aqua Aerobics,Workout Class,2026-05-06,North-East,Y,N
BKG000777,RESIDENT_00330,EVT005,Sundays@thePark,Community Walk,2026-05-30,North-East,Y,Y
BKG002919,RESIDENT_01180,EVT007,Weekend Cycling,Community Ride,2026-04-25,Central,Y,N
BKG001111,RESIDENT_00464,EVT008,Strength & Mobility,Workout Class,2026-06-03,West,Y,Y
BKG002794,RESIDENT_01133,EVT008,Strength & Mobility,Workout Class,2026-05-18,West,Y,N
BKG000401,RESIDENT_00185,EVT003,Zumba Fiesta,Workout Class,2026-04-26,Central,Y,N
BKG002355,RESIDENT_00943,EVT001,Sunrise Mass Workout,Mass Workout,2026-05-21,West,Y,N
BKG002706,RESIDENT_01102,EVT009,Health Screening Drive,Screening,2026-05-05,North-East,Y,Y
BKG003604,RESIDENT_01483,EVT001,Sunrise Mass Workout,Mass Workout,2026-05-31,North,Y,Y
BKG001401,RESIDENT_00574,EVT003,Zumba Fiesta,Workout Class,2026-06-23,West,Y,Y
BKG000260,RESIDENT_00116,EVT009,Health Screening Drive,Screening,2026-05-10,North-East,Y,Y
BKG001022,RESIDENT_00429,EVT002,HIIT @ CC,Workout Class,2026-06-15,North-East,Y,N
BKG002001,RESIDENT_00814,EVT006,Aqua Aerobics,Workout Class,2026-04-01,North-East,Y,Y
BKG000334,RESIDENT_00154,EVT001,Sunrise Mass Workout,Mass Workout,2026-04-05,West,Y,N
BKG001653,RESIDENT_00677,EVT003,Zumba Fiesta,Workout Class,2026-05-04,Central,Y,Y
BKG002773,RESIDENT_01126,EVT005,Sundays@thePark,Community Walk,2026-04-04,East,Y,Y
BKG003528,RESIDENT_01442,EVT001,Sunrise Mass Workout,Mass Workout,2026-06-20,Central,Y,Y
BKG002413,RESIDENT_00962,EVT007,Weekend Cycling,Community Ride,2026-04-07,East,Y,Y
BKG002607,RESIDENT_01052,EVT001,Sunrise Mass Workout,Mass Workout,2026-06-11,North,Y,Y
BKG000336,RESIDENT_00154,EVT005,Sundays@thePark,Community Walk,2026-04-10,West,Y,Y
BKG003374,RESIDENT_01369,EVT004,Brisk Walk @ Park,Community Walk,2026-04-26,North,Y,N
BKG001577,RESIDENT_00644,EVT010,Nutrition Talk,Talk,2026-04-24,North,Y,N
BKG000788,RESIDENT_00337,EVT009,Health Screening Drive,Screening,2026-05-20,East,Y,N
BKG003129,RESIDENT_01267,EVT002,HIIT @ CC,Workout Class,2026-06-17,Central,Y,Y
BKG000253,RESIDENT_00113,EVT009,Health Screening Drive,Screening,2026-06-25,Central,Y,N
BKG002911,RESIDENT_01177,EVT006,Aqua Aerobics,Workout Class,2026-04-22,Central,Y,Y
BKG002133,RESIDENT_00861,EVT009,Health Screening Drive,Screening,2026-04-26,East,Y,Y
BKG000524,RESIDENT_00233,EVT008,Strength & Mobility,Workout Class,2026-05-08,Central,Y,Y
BKG001246,RESIDENT_00520,EVT009,Health Screening Drive,Screening,2026-05-12,Central,Y,Y
BKG002634,RESIDENT_01066,EVT001,Sunrise Mass Workout,Mass Workout,2026-04-27,West,Y,N
BKG001633,RESIDENT_00668,EVT004,Brisk Walk @ Park,Community Walk,2026-04-11,East,Y,Y
BKG002237,RESIDENT_00900,EVT005,Sundays@thePark,Community Walk,2026-04-17,North,Y,Y
BKG003600,RESIDENT_01481,EVT009,Health Screening Drive,Screening,2026-04-23,East,Y,Y
BKG002854,RESIDENT_01155,EVT009,Health Screening Drive,Screening,2026-05-15,West,Y,Y
BKG001324,RESIDENT_00548,EVT003,Zumba Fiesta,Workout Class,2026-06-06,North-East,Y,Y
BKG000104,RESIDENT_00045,EVT007,Weekend Cycling,Community Ride,2026-06-03,North,Y,Y
BKG002406,RESIDENT_00959,EVT005,Sundays@thePark,Community Walk,2026-04-25,East,Y,Y
BKG002440,RESIDENT_00972,EVT008,Strength & Mobility,Workout Class,2026-06-12,Central,Y,Y
BKG003341,RESIDENT_01358,EVT006,Aqua Aerobics,Workout Class,2026-04-11,Central,Y,Y
BKG000743,RESIDENT_00316,EVT007,Weekend Cycling,Community Ride,2026-04-27,West,Y,Y
BKG002317,RESIDENT_00931,EVT004,Brisk Walk @ Park,Community Walk,2026-04-09,Central,Y,Y
BKG001011,RESIDENT_00424,EVT005,Sundays@thePark,Community Walk,2026-06-08,North,Y,Y
BKG001731,RESIDENT_00710,EVT004,Brisk Walk @ Park,Community Walk,2026-06-30,West,Y,Y
BKG001766,RESIDENT_00730,EVT007,Weekend Cycling,Community Ride,2026-06-01,Central,Y,Y
BKG002512,RESIDENT_01013,EVT010,Nutrition Talk,Talk,2026-04-14,Central,Y,Y
BKG000399,RESIDENT_00183,EVT004,Brisk Walk @ Park,Community Walk,2026-06-29,West,Y,N
BKG003379,RESIDENT_01372,EVT007,Weekend Cycling,Community Ride,2026-04-28,North,Y,Y
BKG001842,RESIDENT_00757,EVT005,Sundays@thePark,Community Walk,2026-06-14,East,Y,N
BKG002277,RESIDENT_00920,EVT002,HIIT @ CC,Workout Class,2026-06-16,North-East,Y,Y
BKG001361,RESIDENT_00560,EVT005,Sundays@thePark,Community Walk,2026-06-03,North,Y,Y
BKG000201,RESIDENT_00092,EVT002,HIIT @ CC,Workout Class,2026-05-29,East,Y,N
BKG002507,RESIDENT_01010,EVT004,Brisk Walk @ Park,Community Walk,2026-04-30,Central,Y,N
BKG002795,RESIDENT_01133,EVT003,Zumba Fiesta,Workout Class,2026-04-14,West,Y,Y
BKG000354,RESIDENT_00162,EVT009,Health Screening Drive,Screening,2026-04-09,West,Y,Y
BKG002670,RESIDENT_01085,EVT009,Health Screening Drive,Screening,2026-04-12,Central,Y,Y
BKG000374,RESIDENT_00169,EVT003,Zumba Fiesta,Workout Class,2026-06-28,Central,Y,N
BKG002445,RESIDENT_00974,EVT002,HIIT @ CC,Workout Class,2026-05-17,East,Y,Y
BKG000575,RESIDENT_00255,EVT007,Weekend Cycling,Community Ride,2026-06-20,Central,Y,Y
BKG000627,RESIDENT_00274,EVT005,Sundays@thePark,Community Walk,2026-05-08,East,Y,N
BKG001035,RESIDENT_00438,EVT010,Nutrition Talk,Talk,2026-04-06,East,Y,Y
BKG002762,RESIDENT_01121,EVT008,Strength & Mobility,Workout Class,2026-05-05,Central,Y,Y
BKG002422,RESIDENT_00966,EVT008,Strength & Mobility,Workout Class,2026-06-03,East,Y,N
BKG001942,RESIDENT_00794,EVT001,Sunrise Mass Workout,Mass Workout,2026-06-04,North,Y,Y
BKG000291,RESIDENT_00136,EVT001,Sunrise Mass Workout,Mass Workout,2026-04-29,Central,Y,N
BKG003154,RESIDENT_01276,EVT001,Sunrise Mass Workout,Mass Workout,2026-04-16,West,Y,Y
BKG003075,RESIDENT_01251,EVT001,Sunrise Mass Workout,Mass Workout,2026-06-16,North,Y,N
BKG001693,RESIDENT_00693,EVT001,Sunrise Mass Workout,Mass Workout,2026-04-09,Central,Y,Y
BKG003117,RESIDENT_01263,EVT005,Sundays@thePark,Community Walk,2026-04-18,North,Y,N
BKG001611,RESIDENT_00660,EVT005,Sundays@thePark,Community Walk,2026-05-04,North,Y,Y
BKG001589,RESIDENT_00652,EVT002,HIIT @ CC,Workout Class,2026-06-04,Central,Y,Y
BKG001990,RESIDENT_00809,EVT006,Aqua Aerobics,Workout Class,2026-05-14,West,Y,N
BKG001583,RESIDENT_00647,EVT005,Sundays@thePark,Community Walk,2026-04-14,North-East,Y,Y
BKG003271,RESIDENT_01323,EVT007,Weekend Cycling,Community Ride,2026-04-24,North-East,Y,Y
BKG001180,RESIDENT_00493,EVT010,Nutrition Talk,Talk,2026-06-26,North,Y,Y
BKG001120,RESIDENT_00466,EVT008,Strength & Mobility,Workout Class,2026-05-19,North-East,Y,Y
BKG002640,RESIDENT_01070,EVT007,Weekend Cycling,Community Ride,2026-06-18,North,Y,Y
BKG000204,RESIDENT_00093,EVT004,Brisk Walk @ Park,Community Walk,2026-04-10,North-East,Y,N
BKG002079,RESIDENT_00840,EVT004,Brisk Walk @ Park,Community Walk,2026-04-18,East,Y,N
BKG001854,RESIDENT_00761,EVT005,Sundays@thePark,Community Walk,2026-06-08,West,Y,Y
BKG000003,RESIDENT_00001,EVT010,Nutrition Talk,Talk,2026-04-07,Central,Y,Y
BKG001921,RESIDENT_00788,EVT002,HIIT @ CC,Workout Class,2026-06-08,West,Y,Y
BKG002065,RESIDENT_00837,EVT001,Sunrise Mass Workout,Mass Workout,2026-04-24,North,Y,Y
BKG000598,RESIDENT_00264,EVT001,Sunrise Mass Workout,Mass Workout,2026-04-10,East,Y,Y
BKG001558,RESIDENT_00637,EVT001,Sunrise Mass Workout,Mass Workout,2026-04-01,West,Y,Y
BKG001163,RESIDENT_00485,EVT010,Nutrition Talk,Talk,2026-06-08,East,Y,Y
BKG002214,RESIDENT_00887,EVT003,Zumba Fiesta,Workout Class,2026-06-13,North-East,Y,Y
BKG000160,RESIDENT_00076,EVT010,Nutrition Talk,Talk,2026-04-24,Central,Y,Y
BKG003215,RESIDENT_01300,EVT008,Strength & Mobility,Workout Class,2026-04-19,East,Y,Y
BKG002946,RESIDENT_01194,EVT007,Weekend Cycling,Community Ride,2026-04-06,East,Y,Y
BKG000533,RESIDENT_00237,EVT001,Sunrise Mass Workout,Mass Workout,2026-04-19,North-East,Y,N
BKG000340,RESIDENT_00156,EVT004,Brisk Walk @ Park,Community Walk,2026-05-19,Central,Y,Y
BKG000912,RESIDENT_00386,EVT006,Aqua Aerobics,Workout Class,2026-05-07,North,Y,Y
BKG002146,RESIDENT_00866,EVT005,Sundays@thePark,Community Walk,2026-04-19,Central,Y,Y
BKG002635,RESIDENT_01067,EVT007,Weekend Cycling,Community Ride,2026-05-08,North,Y,Y
BKG000823,RESIDENT_00352,EVT005,Sundays@thePark,Community Walk,2026-04-30,North,Y,N
BKG002170,RESIDENT_00874,EVT008,Strength & Mobility,Workout Class,2026-05-30,North,Y,N
BKG001590,RESIDENT_00653,EVT008,Strength & Mobility,Workout Class,2026-05-05,East,Y,N
BKG002848,RESIDENT_01154,EVT010,Nutrition Talk,Talk,2026-06-12,Central,Y,N
BKG002178,RESIDENT_00876,EVT002,HIIT @ CC,Workout Class,2026-06-21,Central,Y,Y
BKG000767,RESIDENT_00328,EVT007,Weekend Cycling,Community Ride,2026-05-07,West,Y,Y
BKG001300,RESIDENT_00539,EVT007,Weekend Cycling,Community Ride,2026-04-08,Central,Y,Y
BKG000103,RESIDENT_00045,EVT009,Health Screening Drive,Screening,2026-06-15,North,Y,Y
BKG001939,RESIDENT_00794,EVT005,Sundays@thePark,Community Walk,2026-06-03,North,Y,Y
BKG001125,RESIDENT_00467,EVT005,Sundays@thePark,Community Walk,2026-05-26,West,Y,Y
BKG000060,RESIDENT_00024,EVT009,Health Screening Drive,Screening,2026-05-27,East,Y,N
BKG002398,RESIDENT_00957,EVT005,Sundays@thePark,Community Walk,2026-05-09,Central,Y,Y
BKG003255,RESIDENT_01314,EVT002,HIIT @ CC,Workout Class,2026-05-24,West,Y,Y
BKG000296,RESIDENT_00138,EVT008,Strength & Mobility,Workout Class,2026-06-30,North-East,Y,Y
BKG000981,RESIDENT_00413,EVT009,Health Screening Drive,Screening,2026-06-02,North-East,Y,Y
BKG000267,RESIDENT_00122,EVT005,Sundays@thePark,Community Walk,2026-06-05,North,Y,Y
BKG002266,RESIDENT_00915,EVT004,Brisk Walk @ Park,Community Walk,2026-05-06,North,Y,Y
BKG003191,RESIDENT_01289,EVT010,Nutrition Talk,Talk,2026-05-12,North-East,Y,Y
BKG000931,RESIDENT_00391,EVT001,Sunrise Mass Workout,Mass Workout,2026-06-29,North-East,Y,N
BKG000797,RESIDENT_00341,EVT008,Strength & Mobility,Workout Class,2026-06-27,North-East,Y,Y
BKG001041,RESIDENT_00439,EVT004,Brisk Walk @ Park,Community Walk,2026-06-03,East,Y,Y
BKG000353,RESIDENT_00161,EVT007,Weekend Cycling,Community Ride,2026-04-20,North-East,Y,N
BKG002652,RESIDENT_01076,EVT005,Sundays@thePark,Community Walk,2026-06-28,Central,Y,N
BKG001881,RESIDENT_00774,EVT006,Aqua Aerobics,Workout Class,2026-05-25,North,Y,Y
BKG001048,RESIDENT_00441,EVT005,Sundays@thePark,Community Walk,2026-05-28,East,Y,Y
BKG000369,RESIDENT_00167,EVT004,Brisk Walk @ Park,Community Walk,2026-04-27,North-East,Y,Y
BKG001515,RESIDENT_00614,EVT002,HIIT @ CC,Workout Class,2026-04-13,North,Y,Y
BKG001995,RESIDENT_00811,EVT002,HIIT @ CC,Workout Class,2026-06-13,East,Y,N
BKG003499,RESIDENT_01427,EVT003,Zumba Fiesta,Workout Class,2026-05-22,Central,Y,N
BKG003325,RESIDENT_01350,EVT005,Sundays@thePark,Community Walk,2026-04-02,East,Y,Y
BKG003048,RESIDENT_01240,EVT009,Health Screening Drive,Screening,2026-06-29,North,Y,N
BKG002769,RESIDENT_01124,EVT008,Strength & Mobility,Workout Class,2026-05-27,North-East,Y,Y
BKG002181,RESIDENT_00876,EVT010,Nutrition Talk,Talk,2026-04-11,North-East,Y,Y
BKG001922,RESIDENT_00788,EVT004,Brisk Walk @ Park,Community Walk,2026-06-24,West,Y,Y
BKG000631,RESIDENT_00275,EVT009,Health Screening Drive,Screening,2026-04-19,East,Y,Y
BKG000892,RESIDENT_00379,EVT005,Sundays@thePark,Community Walk,2026-05-10,Central,Y,Y
BKG001701,RESIDENT_00699,EVT008,Strength & Mobility,Workout Class,2026-04-05,Central,Y,N
BKG000330,RESIDENT_00151,EVT003,Zumba Fiesta,Workout Class,2026-06-04,Central,Y,Y
BKG002465,RESIDENT_00983,EVT010,Nutrition Talk,Talk,2026-05-29,East,Y,Y
BKG003273,RESIDENT_01324,EVT009,Health Screening Drive,Screening,2026-06-25,Central,Y,Y
BKG002999,RESIDENT_01215,EVT008,Strength & Mobility,Workout Class,2026-04-29,East,Y,Y
BKG002401,RESIDENT_00958,EVT010,Nutrition Talk,Talk,2026-05-08,North,Y,N
BKG001173,RESIDENT_00491,EVT008,Strength & Mobility,Workout Class,2026-05-08,North,Y,Y
BKG001727,RESIDENT_00708,EVT004,Brisk Walk @ Park,Community Walk,2026-05-21,North-East,Y,Y
BKG003278,RESIDENT_01326,EVT004,Brisk Walk @ Park,Community Walk,2026-05-30,Central,Y,Y
BKG001262,RESIDENT_00526,EVT005,Sundays@thePark,Community Walk,2026-06-22,North-East,Y,Y
BKG000604,RESIDENT_00265,EVT007,Weekend Cycling,Community Ride,2026-06-02,North-East,Y,Y
BKG000717,RESIDENT_00309,EVT005,Sundays@thePark,Community Walk,2026-06-01,Central,Y,Y
BKG002060,RESIDENT_00836,EVT006,Aqua Aerobics,Workout Class,2026-06-02,East,Y,Y
BKG003285,RESIDENT_01329,EVT001,Sunrise Mass Workout,Mass Workout,2026-05-17,Central,Y,Y
BKG001459,RESIDENT_00589,EVT005,Sundays@thePark,Community Walk,2026-04-08,North,Y,Y
BKG000685,RESIDENT_00292,EVT009,Health Screening Drive,Screening,2026-06-10,North,Y,Y
BKG001887,RESIDENT_00775,EVT002,HIIT @ CC,Workout Class,2026-04-20,East,Y,Y
BKG001505,RESIDENT_00609,EVT007,Weekend Cycling,Community Ride,2026-04-01,North,Y,N
BKG000384,RESIDENT_00175,EVT001,Sunrise Mass Workout,Mass Workout,2026-05-11,West,Y,Y
BKG003230,RESIDENT_01306,EVT009,Health Screening Drive,Screening,2026-04-04,Central,Y,N
BKG003473,RESIDENT_01416,EVT005,Sundays@thePark,Community Walk,2026-05-03,Central,Y,Y
BKG003363,RESIDENT_01365,EVT008,Strength & Mobility,Workout Class,2026-05-29,North-East,Y,Y
BKG002947,RESIDENT_01195,EVT007,Weekend Cycling,Community Ride,2026-05-09,North,Y,Y
BKG003054,RESIDENT_01244,EVT010,Nutrition Talk,Talk,2026-06-19,Central,Y,Y
BKG002145,RESIDENT_00866,EVT001,Sunrise Mass Workout,Mass Workout,2026-05-28,North-East,Y,Y
BKG002776,RESIDENT_01127,EVT009,Health Screening Drive,Screening,2026-05-11,East,Y,Y
BKG000228,RESIDENT_00102,EVT009,Health Screening Drive,Screening,2026-05-11,North-East,Y,Y
BKG001150,RESIDENT_00478,EVT006,Aqua Aerobics,Workout Class,2026-06-26,North-East,Y,Y
BKG000978,RESIDENT_00411,EVT007,Weekend Cycling,Community Ride,2026-05-06,North-East,Y,Y
BKG003270,RESIDENT_01323,EVT001,Sunrise Mass Workout,Mass Workout,2026-04-22,North-East,Y,Y
BKG002387,RESIDENT_00954,EVT001,Sunrise Mass Workout,Mass Workout,2026-05-09,Central,Y,Y
BKG003448,RESIDENT_01401,EVT010,Nutrition Talk,Talk,2026-05-29,North-East,Y,Y
BKG001657,RESIDENT_00677,EVT001,Sunrise Mass Workout,Mass Workout,2026-06-01,North-East,Y,Y
BKG002742,RESIDENT_01113,EVT007,Weekend Cycling,Community Ride,2026-04-06,North,Y,N
BKG000224,RESIDENT_00100,EVT006,Aqua Aerobics,Workout Class,2026-04-10,North,Y,Y
BKG000226,RESIDENT_00101,EVT007,Weekend Cycling,Community Ride,2026-05-30,North-East,Y,Y
BKG000219,RESIDENT_00100,EVT002,HIIT @ CC,Workout Class,2026-04-11,North-East,Y,Y
BKG001322,RESIDENT_00547,EVT006,Aqua Aerobics,Workout Class,2026-05-28,Central,Y,N
BKG003460,RESIDENT_01409,EVT004,Brisk Walk @ Park,Community Walk,2026-06-20,North,Y,Y
BKG002061,RESIDENT_00836,EVT005,Sundays@thePark,Community Walk,2026-04-30,East,Y,Y
BKG001427,RESIDENT_00580,EVT006,Aqua Aerobics,Workout Class,2026-06-25,Central,Y,Y
BKG000366,RESIDENT_00166,EVT006,Aqua Aerobics,Workout Class,2026-05-27,West,Y,Y
BKG001423,RESIDENT_00579,EVT005,Sundays@thePark,Community Walk,2026-05-31,North-East,Y,Y
BKG001196,RESIDENT_00499,EVT001,Sunrise Mass Workout,Mass Workout,2026-06-25,North-East,Y,Y
BKG001289,RESIDENT_00535,EVT001,Sunrise Mass Workout,Mass Workout,2026-05-25,Central,Y,N
BKG000378,RESIDENT_00172,EVT002,HIIT @ CC,Workout Class,2026-06-08,Central,Y,Y
BKG002283,RESIDENT_00923,EVT004,Brisk Walk @ Park,Community Walk,2026-06-26,West,Y,Y
BKG003540,RESIDENT_01448,EVT003,Zumba Fiesta,Workout Class,2026-05-14,North-East,Y,N
BKG003550,RESIDENT_01452,EVT001,Sunrise Mass Workout,Mass Workout,2026-05-18,West,Y,Y
BKG000984,RESIDENT_00413,EVT005,Sundays@thePark,Community Walk,2026-04-28,North-East,Y,Y
BKG001169,RESIDENT_00486,EVT003,Zumba Fiesta,Workout Class,2026-06-26,North-East,Y,N
BKG000287,RESIDENT_00133,EVT003,Zumba Fiesta,Workout Class,2026-05-27,North,Y,Y
BKG000281,RESIDENT_00130,EVT009,Health Screening Drive,Screening,2026-05-18,West,Y,Y
BKG002482,RESIDENT_00989,EVT007,Weekend Cycling,Community Ride,2026-04-15,Central,Y,Y
BKG001676,RESIDENT_00684,EVT009,Health Screening Drive,Screening,2026-06-30,East,Y,Y
BKG002323,RESIDENT_00933,EVT008,Strength & Mobility,Workout Class,2026-06-27,Central,Y,Y
BKG001874,RESIDENT_00773,EVT010,Nutrition Talk,Talk,2026-04-16,Central,Y,Y
BKG002331,RESIDENT_00935,EVT006,Aqua Aerobics,Workout Class,2026-04-15,East,Y,Y
BKG000413,RESIDENT_00191,EVT010,Nutrition Talk,Talk,2026-04-07,North-East,Y,Y
BKG003402,RESIDENT_01380,EVT005,Sundays@thePark,Community Walk,2026-05-20,West,Y,Y
BKG003487,RESIDENT_01423,EVT002,HIIT @ CC,Workout Class,2026-04-12,Central,Y,Y
BKG001018,RESIDENT_00426,EVT008,Strength & Mobility,Workout Class,2026-04-02,Central,Y,N
BKG000069,RESIDENT_00025,EVT003,Zumba Fiesta,Workout Class,2026-04-02,West,Y,Y
BKG001244,RESIDENT_00519,EVT010,Nutrition Talk,Talk,2026-04-17,East,Y,Y
BKG001208,RESIDENT_00502,EVT007,Weekend Cycling,Community Ride,2026-05-25,West,Y,Y
BKG002319,RESIDENT_00931,EVT003,Zumba Fiesta,Workout Class,2026-05-22,Central,Y,N
BKG000796,RESIDENT_00341,EVT007,Weekend Cycling,Community Ride,2026-06-26,North-East,Y,Y
BKG000009,RESIDENT_00003,EVT004,Brisk Walk @ Park,Community Walk,2026-05-30,Central,Y,N
BKG003201,RESIDENT_01292,EVT006,Aqua Aerobics,Workout Class,2026-04-30,West,Y,Y
BKG002466,RESIDENT_00985,EVT005,Sundays@thePark,Community Walk,2026-05-15,Central,Y,N
BKG003029,RESIDENT_01227,EVT007,Weekend Cycling,Community Ride,2026-06-10,North-East,Y,Y
BKG000658,RESIDENT_00283,EVT009,Health Screening Drive,Screening,2026-05-30,North,Y,N
BKG002972,RESIDENT_01204,EVT009,Health Screening Drive,Screening,2026-04-12,North,Y,Y
BKG001789,RESIDENT_00739,EVT003,Zumba Fiesta,Workout Class,2026-06-24,North-East,Y,Y
BKG000383,RESIDENT_00175,EVT010,Nutrition Talk,Talk,2026-06-14,West,Y,N
BKG001084,RESIDENT_00452,EVT005,Sundays@thePark,Community Walk,2026-06-23,North-East,Y,Y
BKG001893,RESIDENT_00777,EVT002,HIIT @ CC,Workout Class,2026-06-04,Central,Y,Y
BKG000439,RESIDENT_00199,EVT004,Brisk Walk @ Park,Community Walk,2026-05-11,North,Y,Y
BKG001358,RESIDENT_00559,EVT008,Strength & Mobility,Workout Class,2026-06-22,West,Y,Y
BKG001896,RESIDENT_00778,EVT002,HIIT @ CC,Workout Class,2026-05-29,North,Y,Y
BKG000150,RESIDENT_00071,EVT007,Weekend Cycling,Community Ride,2026-05-08,Central,Y,Y
BKG001908,RESIDENT_00782,EVT007,Weekend Cycling,Community Ride,2026-06-29,West,Y,Y
BKG001603,RESIDENT_00659,EVT005,Sundays@thePark,Community Walk,2026-04-27,West,Y,Y
BKG002167,RESIDENT_00871,EVT005,Sundays@thePark,Community Walk,2026-05-14,West,Y,Y
BKG002371,RESIDENT_00950,EVT004,Brisk Walk @ Park,Community Walk,2026-05-14,Central,Y,Y
BKG002979,RESIDENT_01205,EVT002,HIIT @ CC,Workout Class,2026-04-17,East,Y,Y
BKG001705,RESIDENT_00700,EVT005,Sundays@thePark,Community Walk,2026-06-16,North,Y,Y
BKG001059,RESIDENT_00444,EVT002,HIIT @ CC,Workout Class,2026-04-06,North,Y,Y
BKG000477,RESIDENT_00212,EVT006,Aqua Aerobics,Workout Class,2026-04-10,East,Y,Y
BKG001738,RESIDENT_00713,EVT003,Zumba Fiesta,Workout Class,2026-05-05,West,Y,N
BKG000521,RESIDENT_00233,EVT006,Aqua Aerobics,Workout Class,2026-06-11,Central,Y,Y
BKG003444,RESIDENT_01399,EVT002,HIIT @ CC,Workout Class,2026-04-10,West,Y,N
BKG002722,RESIDENT_01107,EVT007,Weekend Cycling,Community Ride,2026-05-29,Central,Y,Y
BKG001030,RESIDENT_00435,EVT007,Weekend Cycling,Community Ride,2026-04-10,North,Y,N
BKG003479,RESIDENT_01418,EVT007,Weekend Cycling,Community Ride,2026-05-07,Central,Y,Y
BKG003291,RESIDENT_01332,EVT008,Strength & Mobility,Workout Class,2026-05-20,Central,Y,Y
BKG000664,RESIDENT_00284,EVT003,Zumba Fiesta,Workout Class,2026-06-21,North-East,Y,Y
BKG003497,RESIDENT_01426,EVT002,HIIT @ CC,Workout Class,2026-06-12,Central,Y,Y
BKG000518,RESIDENT_00232,EVT004,Brisk Walk @ Park,Community Walk,2026-04-25,West,Y,Y
BKG000979,RESIDENT_00411,EVT008,Strength & Mobility,Workout Class,2026-04-16,North-East,Y,Y
BKG001053,RESIDENT_00443,EVT007,Weekend Cycling,Community Ride,2026-05-14,East,Y,N
BKG001016,RESIDENT_00426,EVT003,Zumba Fiesta,Workout Class,2026-05-23,North,Y,Y
BKG000315,RESIDENT_00149,EVT006,Aqua Aerobics,Workout Class,2026-04-20,Central,Y,N
BKG000235,RESIDENT_00105,EVT008,Strength & Mobility,Workout Class,2026-04-09,North,Y,Y
BKG002853,RESIDENT_01155,EVT003,Zumba Fiesta,Workout Class,2026-06-06,West,Y,Y
BKG002013,RESIDENT_00817,EVT007,Weekend Cycling,Community Ride,2026-04-24,West,Y,N
BKG003597,RESIDENT_01480,EVT010,Nutrition Talk,Talk,2026-06-26,Central,Y,Y
BKG000209,RESIDENT_00094,EVT003,Zumba Fiesta,Workout Class,2026-04-27,East,Y,Y
BKG001614,RESIDENT_00662,EVT001,Sunrise Mass Workout,Mass Workout,2026-06-30,North-East,Y,Y
BKG001081,RESIDENT_00451,EVT004,Brisk Walk @ Park,Community Walk,2026-06-13,North,Y,N
BKG001461,RESIDENT_00590,EVT007,Weekend Cycling,Community Ride,2026-06-19,Central,Y,Y
BKG000854,RESIDENT_00365,EVT003,Zumba Fiesta,Workout Class,2026-04-29,West,Y,N
BKG000107,RESIDENT_00048,EVT002,HIIT @ CC,Workout Class,2026-05-01,East,Y,Y
BKG000739,RESIDENT_00315,EVT006,Aqua Aerobics,Workout Class,2026-05-04,Central,Y,Y
BKG000498,RESIDENT_00225,EVT005,Sundays@thePark,Community Walk,2026-05-17,Central,Y,Y
BKG003281,RESIDENT_01328,EVT006,Aqua Aerobics,Workout Class,2026-05-13,North,Y,Y
BKG003214,RESIDENT_01300,EVT008,Strength & Mobility,Workout Class,2026-04-23,East,Y,Y
BKG000722,RESIDENT_00309,EVT007,Weekend Cycling,Community Ride,2026-05-24,Central,Y,Y
BKG001862,RESIDENT_00768,EVT001,Sunrise Mass Workout,Mass Workout,2026-05-03,Central,Y,Y
BKG002869,RESIDENT_01158,EVT004,Brisk Walk @ Park,Community Walk,2026-05-16,Central,Y,Y
BKG003315,RESIDENT_01341,EVT005,Sundays@thePark,Community Walk,2026-05-17,North-East,Y,Y
BKG002783,RESIDENT_01128,EVT004,Brisk Walk @ Park,Community Walk,2026-06-12,North-East,Y,N
BKG003380,RESIDENT_01372,EVT010,Nutrition Talk,Talk,2026-05-22,North,Y,Y
BKG001889,RESIDENT_00775,EVT010,Nutrition Talk,Talk,2026-04-17,East,Y,Y
BKG003055,RESIDENT_01244,EVT005,Sundays@thePark,Community Walk,2026-04-06,Central,Y,Y
BKG003044,RESIDENT_01235,EVT010,Nutrition Talk,Talk,2026-05-22,Central,Y,N
BKG001373,RESIDENT_00566,EVT008,Strength & Mobility,Workout Class,2026-05-07,North-East,Y,Y
BKG002907,RESIDENT_01175,EVT010,Nutrition Talk,Talk,2026-04-12,North-East,Y,Y
BKG001055,RESIDENT_00444,EVT004,Brisk Walk @ Park,Community Walk,2026-05-11,North,Y,Y
BKG000522,RESIDENT_00233,EVT001,Sunrise Mass Workout,Mass Workout,2026-06-10,Central,Y,Y
BKG001537,RESIDENT_00626,EVT008,Strength & Mobility,Workout Class,2026-04-06,West,Y,N
BKG001185,RESIDENT_00494,EVT005,Sundays@thePark,Community Walk,2026-06-12,North-East,Y,Y
BKG003091,RESIDENT_01255,EVT009,Health Screening Drive,Screening,2026-04-06,Central,Y,Y
BKG002866,RESIDENT_01158,EVT002,HIIT @ CC,Workout Class,2026-05-18,North,Y,Y
BKG003002,RESIDENT_01216,EVT010,Nutrition Talk,Talk,2026-06-05,Central,Y,Y
BKG002632,RESIDENT_01065,EVT007,Weekend Cycling,Community Ride,2026-05-12,North,Y,Y
BKG000194,RESIDENT_00090,EVT009,Health Screening Drive,Screening,2026-04-24,West,Y,Y
BKG002692,RESIDENT_01095,EVT002,HIIT @ CC,Workout Class,2026-05-23,North,Y,Y
BKG001662,RESIDENT_00678,EVT006,Aqua Aerobics,Workout Class,2026-04-12,West,Y,Y
BKG003574,RESIDENT_01468,EVT007,Weekend Cycling,Community Ride,2026-04-23,Central,Y,N
BKG003302,RESIDENT_01337,EVT004,Brisk Walk @ Park,Community Walk,2026-06-24,North,Y,N
BKG001757,RESIDENT_00725,EVT003,Zumba Fiesta,Workout Class,2026-05-31,Central,Y,N
BKG001740,RESIDENT_00715,EVT009,Health Screening Drive,Screening,2026-04-17,North,Y,N
BKG002628,RESIDENT_01059,EVT010,Nutrition Talk,Talk,2026-06-29,East,Y,Y
BKG000828,RESIDENT_00355,EVT004,Brisk Walk @ Park,Community Walk,2026-05-22,West,Y,Y
BKG002035,RESIDENT_00827,EVT007,Weekend Cycling,Community Ride,2026-06-15,East,Y,N
BKG000747,RESIDENT_00320,EVT007,Weekend Cycling,Community Ride,2026-04-29,North,Y,Y
BKG003508,RESIDENT_01432,EVT007,Weekend Cycling,Community Ride,2026-06-20,Central,Y,N
BKG002881,RESIDENT_01164,EVT005,Sundays@thePark,Community Walk,2026-05-07,Central,Y,Y
BKG000230,RESIDENT_00103,EVT007,Weekend Cycling,Community Ride,2026-06-29,East,Y,Y
BKG003280,RESIDENT_01326,EVT003,Zumba Fiesta,Workout Class,2026-06-27,Central,Y,Y
BKG001909,RESIDENT_00782,EVT004,Brisk Walk @ Park,Community Walk,2026-04-27,West,Y,Y
BKG002518,RESIDENT_01015,EVT009,Health Screening Drive,Screening,2026-04-14,East,Y,Y
BKG002114,RESIDENT_00853,EVT009,Health Screening Drive,Screening,2026-06-15,Central,Y,Y
BKG002685,RESIDENT_01093,EVT003,Zumba Fiesta,Workout Class,2026-05-24,West,Y,N
BKG002089,RESIDENT_00845,EVT001,Sunrise Mass Workout,Mass Workout,2026-05-13,North-East,Y,Y
BKG000630,RESIDENT_00275,EVT001,Sunrise Mass Workout,Mass Workout,2026-05-08,North,Y,Y
BKG000190,RESIDENT_00088,EVT008,Strength & Mobility,Workout Class,2026-04-23,East,Y,Y
BKG000110,RESIDENT_00049,EVT005,Sundays@thePark,Community Walk,2026-05-22,North-East,Y,Y
BKG001417,RESIDENT_00578,EVT010,Nutrition Talk,Talk,2026-04-04,Central,Y,Y
BKG002746,RESIDENT_01116,EVT002,HIIT @ CC,Workout Class,2026-05-20,West,Y,Y
BKG002169,RESIDENT_00872,EVT002,HIIT @ CC,Workout Class,2026-05-03,Central,Y,N
BKG003008,RESIDENT_01219,EVT003,Zumba Fiesta,Workout Class,2026-05-16,West,Y,N
BKG002992,RESIDENT_01212,EVT008,Strength & Mobility,Workout Class,2026-04-14,North-East,Y,Y
BKG000451,RESIDENT_00202,EVT002,HIIT @ CC,Workout Class,2026-05-18,Central,Y,Y
BKG002826,RESIDENT_01146,EVT003,Zumba Fiesta,Workout Class,2026-04-11,North,Y,Y
BKG000099,RESIDENT_00045,EVT007,Weekend Cycling,Community Ride,2026-05-31,North-East,Y,Y
BKG001779,RESIDENT_00735,EVT002,HIIT @ CC,Workout Class,2026-04-21,North,Y,N
BKG000707,RESIDENT_00303,EVT006,Aqua Aerobics,Workout Class,2026-04-06,Central,Y,N
BKG001355,RESIDENT_00559,EVT002,HIIT @ CC,Workout Class,2026-04-04,North,Y,N
BKG001544,RESIDENT_00631,EVT010,Nutrition Talk,Talk,2026-04-01,East,Y,Y
BKG001952,RESIDENT_00798,EVT003,Zumba Fiesta,Workout Class,2026-06-11,West,Y,Y
BKG002562,RESIDENT_01034,EVT004,Brisk Walk @ Park,Community Walk,2026-05-29,North,Y,Y
BKG001850,RESIDENT_00758,EVT007,Weekend Cycling,Community Ride,2026-06-29,North-East,Y,Y
BKG000651,RESIDENT_00281,EVT003,Zumba Fiesta,Workout Class,2026-06-09,North,Y,Y
BKG003640,RESIDENT_01500,EVT006,Aqua Aerobics,Workout Class,2026-05-27,Central,Y,Y
BKG002363,RESIDENT_00946,EVT007,Weekend Cycling,Community Ride,2026-04-26,Central,Y,N
BKG000265,RESIDENT_00122,EVT007,Weekend Cycling,Community Ride,2026-06-14,North,Y,Y
BKG001356,RESIDENT_00559,EVT001,Sunrise Mass Workout,Mass Workout,2026-06-02,North,Y,Y
BKG000793,RESIDENT_00339,EVT004,Brisk Walk @ Park,Community Walk,2026-05-08,North,Y,N
BKG002785,RESIDENT_01130,EVT006,Aqua Aerobics,Workout Class,2026-06-29,Central,Y,N
BKG000012,RESIDENT_00005,EVT007,Weekend Cycling,Community Ride,2026-06-02,Central,Y,Y
BKG001829,RESIDENT_00754,EVT005,Sundays@thePark,Community Walk,2026-05-15,Central,Y,Y
BKG003033,RESIDENT_01229,EVT003,Zumba Fiesta,Workout Class,2026-04-04,Central,Y,N
BKG000262,RESIDENT_00120,EVT005,Sundays@thePark,Community Walk,2026-05-07,West,Y,N
BKG000154,RESIDENT_00073,EVT007,Weekend Cycling,Community Ride,2026-04-16,East,Y,Y
BKG001920,RESIDENT_00787,EVT002,HIIT @ CC,Workout Class,2026-05-27,West,Y,Y
BKG001406,RESIDENT_00574,EVT010,Nutrition Talk,Talk,2026-04-12,Central,Y,Y
BKG003313,RESIDENT_01341,EVT004,Brisk Walk @ Park,Community Walk,2026-05-22,North-East,Y,Y
BKG000326,RESIDENT_00151,EVT010,Nutrition Talk,Talk,2026-05-02,North,Y,Y
BKG002906,RESIDENT_01175,EVT008,Strength & Mobility,Workout Class,2026-06-22,North-East,Y,Y
BKG003252,RESIDENT_01313,EVT002,HIIT @ CC,Workout Class,2026-04-11,West,Y,Y
BKG000325,RESIDENT_00150,EVT007,Weekend Cycling,Community Ride,2026-05-07,West,Y,Y
BKG001043,RESIDENT_00440,EVT005,Sundays@thePark,Community Walk,2026-05-14,Central,Y,Y
BKG003125,RESIDENT_01266,EVT007,Weekend Cycling,Community Ride,2026-04-16,North-East,Y,Y
BKG002846,RESIDENT_01152,EVT006,Aqua Aerobics,Workout Class,2026-06-07,West,Y,Y
BKG002567,RESIDENT_01038,EVT005,Sundays@thePark,Community Walk,2026-04-10,North,Y,Y
BKG001644,RESIDENT_00673,EVT006,Aqua Aerobics,Workout Class,2026-05-01,North-East,Y,Y
BKG002540,RESIDENT_01027,EVT005,Sundays@thePark,Community Walk,2026-04-03,Central,Y,Y
BKG001718,RESIDENT_00707,EVT002,HIIT @ CC,Workout Class,2026-05-05,East,Y,Y
BKG001220,RESIDENT_00509,EVT003,Zumba Fiesta,Workout Class,2026-04-02,East,Y,Y
BKG001397,RESIDENT_00573,EVT001,Sunrise Mass Workout,Mass Workout,2026-05-05,North-East,Y,Y
BKG002175,RESIDENT_00876,EVT006,Aqua Aerobics,Workout Class,2026-06-05,North-East,Y,Y
BKG002951,RESIDENT_01195,EVT009,Health Screening Drive,Screening,2026-06-17,North,Y,Y
BKG000212,RESIDENT_00096,EVT010,Nutrition Talk,Talk,2026-05-14,North-East,Y,N
BKG001066,RESIDENT_00446,EVT005,Sundays@thePark,Community Walk,2026-04-17,Central,Y,Y
BKG002981,RESIDENT_01208,EVT008,Strength & Mobility,Workout Class,2026-05-29,East,Y,Y
BKG003207,RESIDENT_01297,EVT005,Sundays@thePark,Community Walk,2026-05-17,North,Y,N
BKG000405,RESIDENT_00186,EVT001,Sunrise Mass Workout,Mass Workout,2026-06-23,East,Y,N
BKG001462,RESIDENT_00590,EVT009,Health Screening Drive,Screening,2026-04-09,Central,Y,Y
BKG002346,RESIDENT_00939,EVT009,Health Screening Drive,Screening,2026-06-29,West,Y,N
BKG000458,RESIDENT_00204,EVT003,Zumba Fiesta,Workout Class,2026-05-01,East,Y,N
BKG001212,RESIDENT_00503,EVT006,Aqua Aerobics,Workout Class,2026-04-05,North,Y,Y
BKG002448,RESIDENT_00974,EVT007,Weekend Cycling,Community Ride,2026-06-03,North-East,Y,Y
BKG000155,RESIDENT_00073,EVT002,HIIT @ CC,Workout Class,2026-06-06,Central,Y,Y
BKG002043,RESIDENT_00831,EVT006,Aqua Aerobics,Workout Class,2026-04-29,Central,Y,Y
BKG002545,RESIDENT_01029,EVT004,Brisk Walk @ Park,Community Walk,2026-06-14,North,Y,Y
BKG002748,RESIDENT_01116,EVT010,Nutrition Talk,Talk,2026-05-26,West,Y,Y
BKG003025,RESIDENT_01224,EVT005,Sundays@thePark,Community Walk,2026-06-01,West,Y,N
BKG002593,RESIDENT_01049,EVT005,Sundays@thePark,Community Walk,2026-05-24,West,Y,Y
BKG002849,RESIDENT_01154,EVT001,Sunrise Mass Workout,Mass Workout,2026-06-03,North,Y,N
BKG003135,RESIDENT_01269,EVT001,Sunrise Mass Workout,Mass Workout,2026-05-20,Central,Y,Y
BKG002056,RESIDENT_00835,EVT007,Weekend Cycling,Community Ride,2026-06-11,West,Y,N
BKG000300,RESIDENT_00139,EVT004,Brisk Walk @ Park,Community Walk,2026-04-17,West,Y,Y
BKG002110,RESIDENT_00852,EVT004,Brisk Walk @ Park,Community Walk,2026-05-27,East,Y,Y
BKG001903,RESIDENT_00780,EVT006,Aqua Aerobics,Workout Class,2026-04-12,Central,Y,N
BKG002123,RESIDENT_00856,EVT004,Brisk Walk @ Park,Community Walk,2026-05-19,North,Y,N
BKG000902,RESIDENT_00382,EVT001,Sunrise Mass Workout,Mass Workout,2026-05-14,North,Y,Y
BKG002164,RESIDENT_00870,EVT004,Brisk Walk @ Park,Community Walk,2026-06-08,North-East,Y,Y
BKG000394,RESIDENT_00181,EVT001,Sunrise Mass Workout,Mass Workout,2026-05-18,East,Y,Y
BKG001026,RESIDENT_00433,EVT005,Sundays@thePark,Community Walk,2026-05-02,North,Y,Y
BKG001499,RESIDENT_00604,EVT009,Health Screening Drive,Screening,2026-05-16,North-East,Y,N
BKG001691,RESIDENT_00693,EVT002,HIIT @ CC,Workout Class,2026-04-24,North-East,Y,Y
BKG003514,RESIDENT_01437,EVT004,Brisk Walk @ Park,Community Walk,2026-04-10,North-East,Y,Y
BKG002543,RESIDENT_01028,EVT005,Sundays@thePark,Community Walk,2026-06-19,Central,Y,N
BKG001560,RESIDENT_00637,EVT007,Weekend Cycling,Community Ride,2026-05-19,West,Y,N
BKG002152,RESIDENT_00867,EVT010,Nutrition Talk,Talk,2026-04-15,West,Y,N
BKG000546,RESIDENT_00243,EVT007,Weekend Cycling,Community Ride,2026-05-28,North-East,Y,Y
BKG000284,RESIDENT_00131,EVT008,Strength & Mobility,Workout Class,2026-04-25,North,Y,Y
BKG000205,RESIDENT_00094,EVT008,Strength & Mobility,Workout Class,2026-05-08,East,Y,Y
BKG003316,RESIDENT_01342,EVT001,Sunrise Mass Workout,Mass Workout,2026-06-08,West,Y,Y
BKG000058,RESIDENT_00024,EVT007,Weekend Cycling,Community Ride,2026-04-04,East,Y,Y
BKG000647,RESIDENT_00280,EVT006,Aqua Aerobics,Workout Class,2026-05-17,North-East,Y,Y
BKG001149,RESIDENT_00478,EVT007,Weekend Cycling,Community Ride,2026-05-15,North-East,Y,Y
BKG000442,RESIDENT_00199,EVT001,Sunrise Mass Workout,Mass Workout,2026-06-21,North,Y,Y
BKG002462,RESIDENT_00983,EVT004,Brisk Walk @ Park,Community Walk,2026-05-29,East,Y,Y
BKG002861,RESIDENT_01157,EVT001,Sunrise Mass Workout,Mass Workout,2026-06-26,North-East,Y,N
BKG001069,RESIDENT_00447,EVT003,Zumba Fiesta,Workout Class,2026-04-07,West,Y,Y
BKG000240,RESIDENT_00107,EVT004,Brisk Walk @ Park,Community Walk,2026-05-26,Central,Y,Y
BKG000884,RESIDENT_00376,EVT006,Aqua Aerobics,Workout Class,2026-05-16,West,Y,Y
BKG001518,RESIDENT_00616,EVT009,Health Screening Drive,Screening,2026-06-17,Central,Y,Y
BKG000049,RESIDENT_00020,EVT006,Aqua Aerobics,Workout Class,2026-04-20,Central,Y,N
BKG000534,RESIDENT_00237,EVT010,Nutrition Talk,Talk,2026-05-03,North-East,Y,Y
BKG002097,RESIDENT_00848,EVT005,Sundays@thePark,Community Walk,2026-04-06,North,Y,Y
BKG001387,RESIDENT_00570,EVT003,Zumba Fiesta,Workout Class,2026-04-13,North,Y,Y
BKG001493,RESIDENT_00603,EVT003,Zumba Fiesta,Workout Class,2026-06-21,West,Y,Y
BKG002831,RESIDENT_01148,EVT009,Health Screening Drive,Screening,2026-06-20,Central,Y,N
BKG001675,RESIDENT_00684,EVT008,Strength & Mobility,Workout Class,2026-06-19,East,Y,Y
BKG003168,RESIDENT_01282,EVT008,Strength & Mobility,Workout Class,2026-05-06,East,Y,Y
BKG002667,RESIDENT_01084,EVT001,Sunrise Mass Workout,Mass Workout,2026-06-13,East,Y,Y
BKG003631,RESIDENT_01497,EVT009,Health Screening Drive,Screening,2026-06-23,Central,Y,Y
BKG001800,RESIDENT_00741,EVT009,Health Screening Drive,Screening,2026-05-17,East,Y,Y
BKG000126,RESIDENT_00056,EVT005,Sundays@thePark,Community Walk,2026-04-02,Central,Y,Y
BKG000620,RESIDENT_00271,EVT007,Weekend Cycling,Community Ride,2026-06-05,East,Y,Y
BKG001569,RESIDENT_00642,EVT007,Weekend Cycling,Community Ride,2026-04-14,North,Y,N
BKG002993,RESIDENT_01212,EVT007,Weekend Cycling,Community Ride,2026-05-20,North-East,Y,Y
BKG002140,RESIDENT_00863,EVT003,Zumba Fiesta,Workout Class,2026-06-29,North,Y,Y
BKG002627,RESIDENT_01058,EVT008,Strength & Mobility,Workout Class,2026-05-21,North,Y,Y
BKG002292,RESIDENT_00925,EVT005,Sundays@thePark,Community Walk,2026-06-04,West,Y,Y
BKG000082,RESIDENT_00031,EVT001,Sunrise Mass Workout,Mass Workout,2026-04-15,North,Y,Y
BKG002019,RESIDENT_00819,EVT002,HIIT @ CC,Workout Class,2026-04-13,East,Y,Y
BKG002439,RESIDENT_00972,EVT004,Brisk Walk @ Park,Community Walk,2026-05-02,Central,Y,N
BKG001704,RESIDENT_00700,EVT007,Weekend Cycling,Community Ride,2026-04-03,North,Y,Y
BKG001412,RESIDENT_00577,EVT008,Strength & Mobility,Workout Class,2026-05-23,East,Y,Y
BKG000124,RESIDENT_00056,EVT007,Weekend Cycling,Community Ride,2026-06-19,Central,Y,Y
BKG002772,RESIDENT_01126,EVT005,Sundays@thePark,Community Walk,2026-06-25,North-East,Y,Y
BKG001294,RESIDENT_00538,EVT001,Sunrise Mass Workout,Mass Workout,2026-05-12,North-East,Y,Y
BKG002232,RESIDENT_00898,EVT004,Brisk Walk @ Park,Community Walk,2026-04-08,North,Y,Y
BKG001389,RESIDENT_00570,EVT003,Zumba Fiesta,Workout Class,2026-05-26,North,Y,Y
BKG003632,RESIDENT_01497,EVT005,Sundays@thePark,Community Walk,2026-04-01,Central,Y,Y
BKG002091,RESIDENT_00845,EVT001,Sunrise Mass Workout,Mass Workout,2026-04-03,North,Y,Y
BKG003050,RESIDENT_01241,EVT007,Weekend Cycling,Community Ride,2026-06-18,East,Y,N
BKG003262,RESIDENT_01318,EVT009,Health Screening Drive,Screening,2026-04-30,East,Y,Y
BKG001743,RESIDENT_00717,EVT001,Sunrise Mass Workout,Mass Workout,2026-05-17,West,Y,Y
BKG000018,RESIDENT_00006,EVT004,Brisk Walk @ Park,Community Walk,2026-04-26,North,Y,Y
BKG001118,RESIDENT_00465,EVT003,Zumba Fiesta,Workout Class,2026-05-04,West,Y,Y
BKG000094,RESIDENT_00041,EVT006,Aqua Aerobics,Workout Class,2026-05-05,North-East,Y,Y
BKG001142,RESIDENT_00473,EVT008,Strength & Mobility,Workout Class,2026-05-02,West,Y,N
BKG002198,RESIDENT_00882,EVT003,Zumba Fiesta,Workout Class,2026-06-21,West,Y,Y
BKG002978,RESIDENT_01205,EVT005,Sundays@thePark,Community Walk,2026-06-16,East,Y,Y
BKG003404,RESIDENT_01381,EVT006,Aqua Aerobics,Workout Class,2026-05-24,North-East,Y,N
BKG000417,RESIDENT_00193,EVT007,Weekend Cycling,Community Ride,2026-05-06,North,Y,Y
BKG002096,RESIDENT_00848,EVT006,Aqua Aerobics,Workout Class,2026-05-02,North,Y,Y
BKG002916,RESIDENT_01177,EVT007,Weekend Cycling,Community Ride,2026-06-26,North,Y,Y
BKG002858,RESIDENT_01155,EVT004,Brisk Walk @ Park,Community Walk,2026-04-01,West,Y,Y
BKG000676,RESIDENT_00289,EVT001,Sunrise Mass Workout,Mass Workout,2026-04-04,West,Y,Y
BKG003206,RESIDENT_01296,EVT002,HIIT @ CC,Workout Class,2026-04-07,East,Y,Y
BKG002939,RESIDENT_01192,EVT010,Nutrition Talk,Talk,2026-04-19,Central,Y,Y
BKG002661,RESIDENT_01080,EVT009,Health Screening Drive,Screening,2026-05-13,North-East,Y,Y
BKG002638,RESIDENT_01069,EVT001,Sunrise Mass Workout,Mass Workout,2026-05-12,West,Y,Y
BKG000848,RESIDENT_00363,EVT004,Brisk Walk @ Park,Community Walk,2026-04-02,East,Y,Y
BKG000130,RESIDENT_00060,EVT004,Brisk Walk @ Park,Community Walk,2026-06-18,North,Y,Y
BKG003477,RESIDENT_01418,EVT010,Nutrition Talk,Talk,2026-06-26,Central,Y,Y
BKG001596,RESIDENT_00657,EVT002,HIIT @ CC,Workout Class,2026-04-25,North-East,Y,Y
BKG002484,RESIDENT_00990,EVT010,Nutrition Talk,Talk,2026-04-24,North,Y,Y
BKG000497,RESIDENT_00225,EVT001,Sunrise Mass Workout,Mass Workout,2026-04-23,North,Y,Y
BKG002103,RESIDENT_00850,EVT004,Brisk Walk @ Park,Community Walk,2026-06-12,East,Y,Y
BKG001083,RESIDENT_00452,EVT002,HIIT @ CC,Workout Class,2026-05-13,North-East,Y,Y
BKG001666,RESIDENT_00681,EVT006,Aqua Aerobics,Workout Class,2026-04-22,Central,Y,Y
BKG001231,RESIDENT_00512,EVT007,Weekend Cycling,Community Ride,2026-05-08,East,Y,N
BKG001906,RESIDENT_00782,EVT003,Zumba Fiesta,Workout Class,2026-04-01,West,Y,Y
BKG000930,RESIDENT_00390,EVT002,HIIT @ CC,Workout Class,2026-04-28,Central,Y,Y
BKG000987,RESIDENT_00415,EVT001,Sunrise Mass Workout,Mass Workout,2026-04-19,North-East,Y,Y
BKG000924,RESIDENT_00390,EVT009,Health Screening Drive,Screening,2026-04-12,Central,Y,Y
BKG001573,RESIDENT_00643,EVT007,Weekend Cycling,Community Ride,2026-06-19,North,Y,Y
BKG003074,RESIDENT_01251,EVT010,Nutrition Talk,Talk,2026-05-27,North,Y,Y
BKG002032,RESIDENT_00826,EVT009,Health Screening Drive,Screening,2026-05-14,West,Y,N
BKG001923,RESIDENT_00788,EVT005,Sundays@thePark,Community Walk,2026-06-18,West,Y,Y
BKG000548,RESIDENT_00243,EVT004,Brisk Walk @ Park,Community Walk,2026-06-26,North-East,Y,Y
BKG002923,RESIDENT_01186,EVT004,Brisk Walk @ Park,Community Walk,2026-05-24,East,Y,Y
BKG000133,RESIDENT_00062,EVT006,Aqua Aerobics,Workout Class,2026-05-19,North,Y,Y
BKG003599,RESIDENT_01481,EVT010,Nutrition Talk,Talk,2026-05-01,Central,Y,Y
BKG001761,RESIDENT_00726,EVT002,HIIT @ CC,Workout Class,2026-06-24,East,Y,Y
BKG000492,RESIDENT_00223,EVT001,Sunrise Mass Workout,Mass Workout,2026-06-07,Central,Y,N
BKG002251,RESIDENT_00906,EVT002,HIIT @ CC,Workout Class,2026-04-06,North-East,Y,N
BKG000655,RESIDENT_00283,EVT004,Brisk Walk @ Park,Community Walk,2026-04-10,North,Y,Y
BKG000350,RESIDENT_00161,EVT009,Health Screening Drive,Screening,2026-04-10,North,Y,Y
BKG001328,RESIDENT_00548,EVT009,Health Screening Drive,Screening,2026-06-26,North-East,Y,Y
BKG003274,RESIDENT_01324,EVT001,Sunrise Mass Workout,Mass Workout,2026-06-07,Central,Y,N
BKG002121,RESIDENT_00855,EVT010,Nutrition Talk,Talk,2026-04-14,North-East,Y,N
BKG002862,RESIDENT_01157,EVT008,Strength & Mobility,Workout Class,2026-04-17,Central,Y,N
BKG001453,RESIDENT_00588,EVT009,Health Screening Drive,Screening,2026-04-07,North-East,Y,N
BKG001820,RESIDENT_00750,EVT008,Strength & Mobility,Workout Class,2026-06-22,Central,Y,Y
BKG002622,RESIDENT_01058,EVT004,Brisk Walk @ Park,Community Walk,2026-04-13,Central,Y,Y
BKG001961,RESIDENT_00799,EVT007,Weekend Cycling,Community Ride,2026-04-10,West,Y,N
BKG001547,RESIDENT_00632,EVT004,Brisk Walk @ Park,Community Walk,2026-05-23,Central,Y,Y
BKG000871,RESIDENT_00371,EVT006,Aqua Aerobics,Workout Class,2026-06-01,Central,Y,Y
BKG002447,RESIDENT_00974,EVT007,Weekend Cycling,Community Ride,2026-06-15,Central,Y,Y
BKG001049,RESIDENT_00441,EVT006,Aqua Aerobics,Workout Class,2026-05-30,Central,Y,Y
BKG002595,RESIDENT_01049,EVT006,Aqua Aerobics,Workout Class,2026-04-22,Central,Y,Y
BKG001748,RESIDENT_00718,EVT008,Strength & Mobility,Workout Class,2026-06-02,North-East,Y,Y
BKG000920,RESIDENT_00389,EVT010,Nutrition Talk,Talk,2026-06-05,Central,Y,Y
BKG000356,RESIDENT_00162,EVT006,Aqua Aerobics,Workout Class,2026-05-07,West,Y,Y
BKG002480,RESIDENT_00989,EVT003,Zumba Fiesta,Workout Class,2026-05-23,West,Y,Y
BKG001668,RESIDENT_00682,EVT009,Health Screening Drive,Screening,2026-05-16,North,Y,Y
BKG002082,RESIDENT_00841,EVT007,Weekend Cycling,Community Ride,2026-05-06,Central,Y,N
BKG001134,RESIDENT_00469,EVT003,Zumba Fiesta,Workout Class,2026-04-21,West,Y,Y
BKG002797,RESIDENT_01135,EVT009,Health Screening Drive,Screening,2026-04-29,Central,Y,Y
BKG002702,RESIDENT_01101,EVT006,Aqua Aerobics,Workout Class,2026-05-19,North-East,Y,Y
BKG000898,RESIDENT_00381,EVT006,Aqua Aerobics,Workout Class,2026-05-19,East,Y,Y
BKG001769,RESIDENT_00730,EVT005,Sundays@thePark,Community Walk,2026-05-04,West,Y,Y
BKG002080,RESIDENT_00840,EVT009,Health Screening Drive,Screening,2026-05-14,East,Y,Y
BKG000370,RESIDENT_00167,EVT005,Sundays@thePark,Community Walk,2026-04-16,North-East,Y,N
BKG003431,RESIDENT_01392,EVT005,Sundays@thePark,Community Walk,2026-05-23,North-East,Y,N
BKG002963,RESIDENT_01202,EVT010,Nutrition Talk,Talk,2026-06-10,East,Y,Y
BKG000662,RESIDENT_00284,EVT003,Zumba Fiesta,Workout Class,2026-06-04,North-East,Y,Y
BKG003311,RESIDENT_01341,EVT001,Sunrise Mass Workout,Mass Workout,2026-04-06,North-East,Y,Y
BKG002223,RESIDENT_00893,EVT005,Sundays@thePark,Community Walk,2026-05-29,Central,Y,Y
BKG001710,RESIDENT_00703,EVT009,Health Screening Drive,Screening,2026-04-22,North,Y,N
BKG000536,RESIDENT_00238,EVT001,Sunrise Mass Workout,Mass Workout,2026-05-31,North,Y,N
BKG002101,RESIDENT_00850,EVT010,Nutrition Talk,Talk,2026-05-27,East,Y,Y
BKG002185,RESIDENT_00878,EVT005,Sundays@thePark,Community Walk,2026-04-07,Central,Y,N
BKG001409,RESIDENT_00576,EVT010,Nutrition Talk,Talk,2026-04-10,North-East,Y,N
BKG000111,RESIDENT_00049,EVT006,Aqua Aerobics,Workout Class,2026-05-25,North-East,Y,Y
BKG002351,RESIDENT_00941,EVT010,Nutrition Talk,Talk,2026-04-12,North,Y,Y
BKG002474,RESIDENT_00987,EVT004,Brisk Walk @ Park,Community Walk,2026-06-05,Central,Y,Y
BKG000715,RESIDENT_00308,EVT003,Zumba Fiesta,Workout Class,2026-04-01,East,Y,Y
BKG001902,RESIDENT_00780,EVT003,Zumba Fiesta,Workout Class,2026-05-26,Central,Y,Y
BKG003195,RESIDENT_01290,EVT001,Sunrise Mass Workout,Mass Workout,2026-05-26,North,Y,Y
BKG003079,RESIDENT_01252,EVT001,Sunrise Mass Workout,Mass Workout,2026-04-02,Central,Y,N
BKG001426,RESIDENT_00579,EVT009,Health Screening Drive,Screening,2026-05-02,North,Y,Y
BKG001263,RESIDENT_00526,EVT003,Zumba Fiesta,Workout Class,2026-05-08,North-East,Y,N
BKG001892,RESIDENT_00777,EVT005,Sundays@thePark,Community Walk,2026-04-28,Central,Y,Y
BKG001503,RESIDENT_00606,EVT004,Brisk Walk @ Park,Community Walk,2026-06-11,West,Y,N
BKG001330,RESIDENT_00549,EVT007,Weekend Cycling,Community Ride,2026-05-25,North,Y,N
BKG001508,RESIDENT_00611,EVT002,HIIT @ CC,Workout Class,2026-04-27,North-East,Y,N
BKG001997,RESIDENT_00811,EVT002,HIIT @ CC,Workout Class,2026-04-01,East,Y,Y
BKG002573,RESIDENT_01041,EVT006,Aqua Aerobics,Workout Class,2026-06-25,Central,Y,N
BKG002644,RESIDENT_01074,EVT002,HIIT @ CC,Workout Class,2026-05-06,West,Y,Y
BKG003525,RESIDENT_01441,EVT008,Strength & Mobility,Workout Class,2026-05-06,Central,Y,Y
BKG002067,RESIDENT_00837,EVT006,Aqua Aerobics,Workout Class,2026-06-17,North,Y,Y
BKG003416,RESIDENT_01388,EVT003,Zumba Fiesta,Workout Class,2026-04-28,North-East,Y,Y
BKG002224,RESIDENT_00894,EVT001,Sunrise Mass Workout,Mass Workout,2026-05-23,East,Y,Y
BKG002520,RESIDENT_01016,EVT003,Zumba Fiesta,Workout Class,2026-05-08,Central,Y,Y
BKG003058,RESIDENT_01245,EVT002,HIIT @ CC,Workout Class,2026-04-05,Central,Y,Y
BKG002515,RESIDENT_01015,EVT003,Zumba Fiesta,Workout Class,2026-06-03,East,Y,Y
BKG001529,RESIDENT_00622,EVT005,Sundays@thePark,Community Walk,2026-05-02,Central,Y,Y
BKG000714,RESIDENT_00308,EVT009,Health Screening Drive,Screening,2026-06-13,East,Y,Y
BKG001875,RESIDENT_00773,EVT008,Strength & Mobility,Workout Class,2026-04-23,Central,Y,Y
BKG003290,RESIDENT_01332,EVT010,Nutrition Talk,Talk,2026-05-29,Central,Y,N
BKG002433,RESIDENT_00970,EVT005,Sundays@thePark,Community Walk,2026-05-26,North,Y,Y
BKG002069,RESIDENT_00837,EVT002,HIIT @ CC,Workout Class,2026-04-27,North,Y,Y
BKG000046,RESIDENT_00019,EVT010,Nutrition Talk,Talk,2026-05-01,West,Y,Y
BKG002641,RESIDENT_01074,EVT003,Zumba Fiesta,Workout Class,2026-04-27,West,Y,Y
BKG003355,RESIDENT_01363,EVT005,Sundays@thePark,Community Walk,2026-06-05,Central,Y,Y
BKG003089,RESIDENT_01255,EVT006,Aqua Aerobics,Workout Class,2026-05-21,North-East,Y,N
BKG002616,RESIDENT_01055,EVT005,Sundays@thePark,Community Walk,2026-05-24,North,Y,Y
BKG002124,RESIDENT_00857,EVT007,Weekend Cycling,Community Ride,2026-06-16,North-East,Y,Y
BKG000812,RESIDENT_00345,EVT006,Aqua Aerobics,Workout Class,2026-04-29,West,Y,Y
BKG002157,RESIDENT_00869,EVT001,Sunrise Mass Workout,Mass Workout,2026-04-30,Central,Y,Y
BKG003239,RESIDENT_01308,EVT001,Sunrise Mass Workout,Mass Workout,2026-06-22,North-East,Y,Y
BKG001105,RESIDENT_00463,EVT001,Sunrise Mass Workout,Mass Workout,2026-05-18,North-East,Y,Y
BKG003170,RESIDENT_01282,EVT004,Brisk Walk @ Park,Community Walk,2026-05-23,East,Y,Y
BKG002027,RESIDENT_00824,EVT007,Weekend Cycling,Community Ride,2026-05-25,Central,Y,N
BKG002988,RESIDENT_01209,EVT007,Weekend Cycling,Community Ride,2026-05-20,North-East,Y,Y
BKG003501,RESIDENT_01429,EVT006,Aqua Aerobics,Workout Class,2026-05-12,North-East,Y,N
BKG001186,RESIDENT_00494,EVT001,Sunrise Mass Workout,Mass Workout,2026-04-10,North-East,Y,Y
BKG001258,RESIDENT_00524,EVT002,HIIT @ CC,Workout Class,2026-04-26,Central,Y,Y
BKG001086,RESIDENT_00453,EVT005,Sundays@thePark,Community Walk,2026-05-08,Central,Y,Y
BKG001010,RESIDENT_00424,EVT003,Zumba Fiesta,Workout Class,2026-06-05,Central,Y,Y
BKG002221,RESIDENT_00893,EVT008,Strength & Mobility,Workout Class,2026-06-21,Central,Y,Y
BKG000764,RESIDENT_00327,EVT004,Brisk Walk @ Park,Community Walk,2026-06-22,Central,Y,Y
BKG000712,RESIDENT_00307,EVT005,Sundays@thePark,Community Walk,2026-05-10,Central,Y,N
BKG002724,RESIDENT_01108,EVT004,Brisk Walk @ Park,Community Walk,2026-06-07,North-East,Y,Y
BKG003429,RESIDENT_01390,EVT001,Sunrise Mass Workout,Mass Workout,2026-04-03,Central,Y,Y
BKG001706,RESIDENT_00700,EVT007,Weekend Cycling,Community Ride,2026-05-14,North,Y,Y
BKG003348,RESIDENT_01359,EVT004,Brisk Walk @ Park,Community Walk,2026-04-08,West,Y,Y
BKG001006,RESIDENT_00422,EVT008,Strength & Mobility,Workout Class,2026-05-26,North,Y,N
BKG000580,RESIDENT_00257,EVT003,Zumba Fiesta,Workout Class,2026-05-30,Central,Y,Y
BKG002263,RESIDENT_00909,EVT008,Strength & Mobility,Workout Class,2026-05-04,Central,Y,Y
BKG001969,RESIDENT_00802,EVT007,Weekend Cycling,Community Ride,2026-05-18,Central,Y,Y
BKG001791,RESIDENT_00739,EVT006,Aqua Aerobics,Workout Class,2026-04-15,Central,Y,Y
BKG001100,RESIDENT_00460,EVT005,Sundays@thePark,Community Walk,2026-04-21,North,Y,Y
BKG003236,RESIDENT_01308,EVT001,Sunrise Mass Workout,Mass Workout,2026-06-08,North-East,Y,Y
BKG000453,RESIDENT_00203,EVT004,Brisk Walk @ Park,Community Walk,2026-05-29,East,Y,Y
BKG003185,RESIDENT_01287,EVT004,Brisk Walk @ Park,Community Walk,2026-05-19,East,Y,Y
BKG000503,RESIDENT_00227,EVT001,Sunrise Mass Workout,Mass Workout,2026-06-29,West,Y,Y
BKG003570,RESIDENT_01465,EVT009,Health Screening Drive,Screening,2026-04-28,West,Y,Y
BKG003634,RESIDENT_01498,EVT007,Weekend Cycling,Community Ride,2026-05-10,North-East,Y,N
BKG003372,RESIDENT_01369,EVT004,Brisk Walk @ Park,Community Walk,2026-06-29,North-East,Y,Y
BKG000273,RESIDENT_00127,EVT001,Sunrise Mass Workout,Mass Workout,2026-06-08,North,Y,Y
BKG000936,RESIDENT_00393,EVT009,Health Screening Drive,Screening,2026-06-17,West,Y,Y
BKG000266,RESIDENT_00122,EVT009,Health Screening Drive,Screening,2026-06-29,North,Y,Y
BKG002871,RESIDENT_01159,EVT001,Sunrise Mass Workout,Mass Workout,2026-06-02,West,Y,Y
BKG001232,RESIDENT_00512,EVT001,Sunrise Mass Workout,Mass Workout,2026-04-19,East,Y,N
BKG001621,RESIDENT_00663,EVT004,Brisk Walk @ Park,Community Walk,2026-04-29,North,Y,Y
BKG000556,RESIDENT_00246,EVT004,Brisk Walk @ Park,Community Walk,2026-04-01,Central,Y,N
BKG001936,RESIDENT_00793,EVT004,Brisk Walk @ Park,Community Walk,2026-04-14,West,Y,Y
BKG003051,RESIDENT_01242,EVT006,Aqua Aerobics,Workout Class,2026-04-06,East,Y,N
BKG003227,RESIDENT_01305,EVT002,HIIT @ CC,Workout Class,2026-04-30,West,Y,Y
BKG000480,RESIDENT_00213,EVT002,HIIT @ CC,Workout Class,2026-04-09,West,Y,Y
BKG002333,RESIDENT_00936,EVT007,Weekend Cycling,Community Ride,2026-06-24,West,Y,Y
BKG001717,RESIDENT_00706,EVT002,HIIT @ CC,Workout Class,2026-04-17,East,Y,N
BKG002322,RESIDENT_00933,EVT004,Brisk Walk @ Park,Community Walk,2026-04-02,Central,Y,Y
BKG000913,RESIDENT_00386,EVT003,Zumba Fiesta,Workout Class,2026-05-07,North,Y,Y
BKG001630,RESIDENT_00667,EVT010,Nutrition Talk,Talk,2026-04-05,East,Y,Y
BKG002941,RESIDENT_01194,EVT007,Weekend Cycling,Community Ride,2026-04-15,East,Y,Y
BKG003099,RESIDENT_01259,EVT008,Strength & Mobility,Workout Class,2026-04-13,East,Y,Y
BKG002395,RESIDENT_00956,EVT006,Aqua Aerobics,Workout Class,2026-05-10,North-East,Y,N
BKG000427,RESIDENT_00195,EVT008,Strength & Mobility,Workout Class,2026-05-13,West,Y,Y
BKG000146,RESIDENT_00071,EVT006,Aqua Aerobics,Workout Class,2026-05-19,East,Y,Y
BKG003389,RESIDENT_01375,EVT008,Strength & Mobility,Workout Class,2026-04-30,North,Y,Y
BKG001533,RESIDENT_00625,EVT010,Nutrition Talk,Talk,2026-06-15,North,Y,Y
BKG003446,RESIDENT_01401,EVT010,Nutrition Talk,Talk,2026-05-14,North-East,Y,Y
BKG000552,RESIDENT_00244,EVT004,Brisk Walk @ Park,Community Walk,2026-05-26,Central,Y,N
BKG002457,RESIDENT_00980,EVT001,Sunrise Mass Workout,Mass Workout,2026-05-20,North-East,Y,Y
BKG002922,RESIDENT_01184,EVT007,Weekend Cycling,Community Ride,2026-05-22,West,Y,Y
BKG001137,RESIDENT_00470,EVT003,Zumba Fiesta,Workout Class,2026-04-22,North,Y,Y
BKG000718,RESIDENT_00309,EVT002,HIIT @ CC,Workout Class,2026-04-19,Central,Y,Y
BKG002817,RESIDENT_01142,EVT005,Sundays@thePark,Community Walk,2026-05-24,North-East,Y,Y
BKG000408,RESIDENT_00188,EVT009,Health Screening Drive,Screening,2026-04-25,East,Y,N
BKG001418,RESIDENT_00578,EVT003,Zumba Fiesta,Workout Class,2026-06-26,North-East,Y,Y
BKG002353,RESIDENT_00942,EVT004,Brisk Walk @ Park,Community Walk,2026-04-30,Central,Y,Y
BKG003566,RESIDENT_01462,EVT003,Zumba Fiesta,Workout Class,2026-06-03,North,Y,Y
BKG001828,RESIDENT_00754,EVT005,Sundays@thePark,Community Walk,2026-06-14,Central,Y,Y
BKG002637,RESIDENT_01069,EVT001,Sunrise Mass Workout,Mass Workout,2026-06-29,West,Y,Y
BKG003524,RESIDENT_01441,EVT010,Nutrition Talk,Talk,2026-05-12,Central,Y,N
BKG000610,RESIDENT_00266,EVT006,Aqua Aerobics,Workout Class,2026-04-05,North,Y,Y
BKG003200,RESIDENT_01292,EVT002,HIIT @ CC,Workout Class,2026-06-02,West,Y,Y
BKG001257,RESIDENT_00524,EVT010,Nutrition Talk,Talk,2026-06-13,East,Y,Y
BKG002617,RESIDENT_01056,EVT001,Sunrise Mass Workout,Mass Workout,2026-04-15,Central,Y,N
BKG002108,RESIDENT_00851,EVT009,Health Screening Drive,Screening,2026-05-04,North-East,Y,Y
BKG000113,RESIDENT_00049,EVT003,Zumba Fiesta,Workout Class,2026-05-21,North-East,Y,Y
BKG003082,RESIDENT_01254,EVT009,Health Screening Drive,Screening,2026-04-03,East,Y,Y
BKG000153,RESIDENT_00073,EVT008,Strength & Mobility,Workout Class,2026-06-14,North-East,Y,Y
BKG000355,RESIDENT_00162,EVT010,Nutrition Talk,Talk,2026-04-04,West,Y,Y
BKG000514,RESIDENT_00232,EVT005,Sundays@thePark,Community Walk,2026-04-10,West,Y,Y
BKG001721,RESIDENT_00707,EVT005,Sundays@thePark,Community Walk,2026-05-15,East,Y,Y
BKG002965,RESIDENT_01202,EVT004,Brisk Walk @ Park,Community Walk,2026-04-19,North-East,Y,Y
BKG003492,RESIDENT_01425,EVT006,Aqua Aerobics,Workout Class,2026-04-07,West,Y,N
BKG003026,RESIDENT_01225,EVT007,Weekend Cycling,Community Ride,2026-04-15,East,Y,N
BKG000004,RESIDENT_00002,EVT002,HIIT @ CC,Workout Class,2026-06-01,Central,Y,N
BKG001171,RESIDENT_00490,EVT003,Zumba Fiesta,Workout Class,2026-06-05,West,Y,Y
BKG001357,RESIDENT_00559,EVT005,Sundays@thePark,Community Walk,2026-06-09,North,Y,Y
BKG000488,RESIDENT_00220,EVT005,Sundays@thePark,Community Walk,2026-04-01,West,Y,N
BKG001833,RESIDENT_00755,EVT001,Sunrise Mass Workout,Mass Workout,2026-05-17,Central,Y,N
BKG001984,RESIDENT_00806,EVT003,Zumba Fiesta,Workout Class,2026-06-04,Central,Y,N
BKG001090,RESIDENT_00455,EVT004,Brisk Walk @ Park,Community Walk,2026-04-24,North-East,Y,Y
BKG002825,RESIDENT_01146,EVT001,Sunrise Mass Workout,Mass Workout,2026-05-01,North,Y,Y
BKG000908,RESIDENT_00385,EVT006,Aqua Aerobics,Workout Class,2026-06-16,North-East,Y,N
BKG003133,RESIDENT_01268,EVT001,Sunrise Mass Workout,Mass Workout,2026-05-28,West,Y,Y
BKG003510,RESIDENT_01434,EVT004,Brisk Walk @ Park,Community Walk,2026-04-20,North-East,Y,Y
BKG003357,RESIDENT_01363,EVT002,HIIT @ CC,Workout Class,2026-05-16,North-East,Y,Y
BKG002254,RESIDENT_00907,EVT002,HIIT @ CC,Workout Class,2026-04-09,West,Y,Y
BKG001571,RESIDENT_00642,EVT007,Weekend Cycling,Community Ride,2026-05-13,North,Y,Y
BKG002068,RESIDENT_00837,EVT008,Strength & Mobility,Workout Class,2026-06-18,North,Y,Y
BKG002660,RESIDENT_01080,EVT005,Sundays@thePark,Community Walk,2026-06-25,North-East,Y,Y
BKG001519,RESIDENT_00616,EVT009,Health Screening Drive,Screening,2026-05-11,North,Y,Y
BKG001541,RESIDENT_00629,EVT002,HIIT @ CC,Workout Class,2026-05-24,West,Y,Y
BKG001774,RESIDENT_00734,EVT009,Health Screening Drive,Screening,2026-06-25,West,Y,Y
BKG000602,RESIDENT_00264,EVT004,Brisk Walk @ Park,Community Walk,2026-04-17,East,Y,N
BKG002676,RESIDENT_01086,EVT003,Zumba Fiesta,Workout Class,2026-04-10,North-East,Y,Y
BKG000376,RESIDENT_00171,EVT005,Sundays@thePark,Community Walk,2026-05-18,Central,Y,Y
BKG000243,RESIDENT_00108,EVT009,Health Screening Drive,Screening,2026-05-26,West,Y,Y
BKG002215,RESIDENT_00887,EVT008,Strength & Mobility,Workout Class,2026-04-29,North-East,Y,N
BKG000468,RESIDENT_00209,EVT008,Strength & Mobility,Workout Class,2026-04-07,North,Y,Y
BKG000652,RESIDENT_00281,EVT004,Brisk Walk @ Park,Community Walk,2026-06-25,North,Y,Y
BKG002918,RESIDENT_01179,EVT008,Strength & Mobility,Workout Class,2026-06-03,Central,Y,N
BKG001863,RESIDENT_00768,EVT006,Aqua Aerobics,Workout Class,2026-06-20,Central,Y,Y
BKG002002,RESIDENT_00814,EVT009,Health Screening Drive,Screening,2026-05-16,North-East,Y,Y
BKG002654,RESIDENT_01078,EVT009,Health Screening Drive,Screening,2026-04-10,North,Y,Y
BKG002596,RESIDENT_01050,EVT010,Nutrition Talk,Talk,2026-04-23,East,Y,Y
BKG002899,RESIDENT_01172,EVT006,Aqua Aerobics,Workout Class,2026-05-24,East,Y,Y
BKG001003,RESIDENT_00422,EVT001,Sunrise Mass Workout,Mass Workout,2026-06-22,Central,Y,Y
BKG001311,RESIDENT_00542,EVT002,HIIT @ CC,Workout Class,2026-06-21,Central,Y,Y
BKG000852,RESIDENT_00364,EVT002,HIIT @ CC,Workout Class,2026-04-23,Central,Y,Y
BKG001606,RESIDENT_00659,EVT004,Brisk Walk @ Park,Community Walk,2026-05-01,North,Y,Y
BKG000770,RESIDENT_00329,EVT005,Sundays@thePark,Community Walk,2026-05-26,North-East,Y,Y
BKG002285,RESIDENT_00923,EVT009,Health Screening Drive,Screening,2026-05-08,West,Y,Y
BKG001548,RESIDENT_00633,EVT002,HIIT @ CC,Workout Class,2026-06-07,East,Y,Y
BKG002859,RESIDENT_01156,EVT002,HIIT @ CC,Workout Class,2026-04-27,Central,Y,N
BKG002256,RESIDENT_00907,EVT008,Strength & Mobility,Workout Class,2026-05-13,West,Y,Y
BKG001104,RESIDENT_00462,EVT008,Strength & Mobility,Workout Class,2026-05-08,East,Y,N
BKG000428,RESIDENT_00195,EVT006,Aqua Aerobics,Workout Class,2026-04-09,West,Y,N
BKG002957,RESIDENT_01196,EVT007,Weekend Cycling,Community Ride,2026-04-09,North,Y,Y
BKG003608,RESIDENT_01485,EVT004,Brisk Walk @ Park,Community Walk,2026-05-16,Central,Y,Y
BKG002554,RESIDENT_01033,EVT001,Sunrise Mass Workout,Mass Workout,2026-04-07,North,Y,Y
BKG003635,RESIDENT_01499,EVT009,Health Screening Drive,Screening,2026-05-27,West,Y,N
BKG002733,RESIDENT_01111,EVT002,HIIT @ CC,Workout Class,2026-05-25,Central,Y,Y
BKG000177,RESIDENT_00082,EVT008,Strength & Mobility,Workout Class,2026-05-20,North-East,Y,N
BKG002421,RESIDENT_00966,EVT009,Health Screening Drive,Screening,2026-04-16,East,Y,N
BKG001831,RESIDENT_00754,EVT001,Sunrise Mass Workout,Mass Workout,2026-04-07,North-East,Y,Y
BKG000123,RESIDENT_00055,EVT004,Brisk Walk @ Park,Community Walk,2026-06-16,North-East,Y,N
BKG003032,RESIDENT_01228,EVT003,Zumba Fiesta,Workout Class,2026-04-03,West,Y,Y
BKG003432,RESIDENT_01393,EVT006,Aqua Aerobics,Workout Class,2026-06-15,West,Y,Y
BKG001771,RESIDENT_00730,EVT003,Zumba Fiesta,Workout Class,2026-05-05,West,Y,Y
BKG000507,RESIDENT_00230,EVT003,Zumba Fiesta,Workout Class,2026-05-15,Central,Y,Y
BKG000109,RESIDENT_00048,EVT006,Aqua Aerobics,Workout Class,2026-06-12,East,Y,N
BKG000255,RESIDENT_00115,EVT001,Sunrise Mass Workout,Mass Workout,2026-05-20,Central,Y,Y
BKG002182,RESIDENT_00877,EVT010,Nutrition Talk,Talk,2026-06-22,North,Y,Y
BKG000802,RESIDENT_00341,EVT006,Aqua Aerobics,Workout Class,2026-05-27,North-East,Y,Y
BKG000594,RESIDENT_00262,EVT010,Nutrition Talk,Talk,2026-04-09,North,Y,Y
BKG000129,RESIDENT_00059,EVT009,Health Screening Drive,Screening,2026-06-24,North,Y,N
BKG003594,RESIDENT_01480,EVT002,HIIT @ CC,Workout Class,2026-05-31,West,Y,Y
BKG003537,RESIDENT_01445,EVT003,Zumba Fiesta,Workout Class,2026-06-16,Central,Y,N
BKG002651,RESIDENT_01076,EVT010,Nutrition Talk,Talk,2026-04-27,Central,Y,N
BKG000483,RESIDENT_00214,EVT007,Weekend Cycling,Community Ride,2026-05-26,West,Y,N
BKG003454,RESIDENT_01407,EVT006,Aqua Aerobics,Workout Class,2026-06-02,North-East,Y,Y
BKG002960,RESIDENT_01199,EVT009,Health Screening Drive,Screening,2026-05-18,East,Y,N
BKG000023,RESIDENT_00008,EVT004,Brisk Walk @ Park,Community Walk,2026-06-25,North-East,Y,Y
BKG002577,RESIDENT_01043,EVT005,Sundays@thePark,Community Walk,2026-06-12,East,Y,Y
BKG003605,RESIDENT_01483,EVT010,Nutrition Talk,Talk,2026-06-22,North,Y,Y
BKG001871,RESIDENT_00771,EVT004,Brisk Walk @ Park,Community Walk,2026-06-19,North-East,Y,Y
BKG001377,RESIDENT_00567,EVT010,Nutrition Talk,Talk,2026-05-13,West,Y,Y
BKG001853,RESIDENT_00761,EVT001,Sunrise Mass Workout,Mass Workout,2026-04-12,West,Y,Y
BKG001164,RESIDENT_00485,EVT005,Sundays@thePark,Community Walk,2026-06-13,East,Y,Y
BKG002306,RESIDENT_00928,EVT001,Sunrise Mass Workout,Mass Workout,2026-04-08,Central,Y,Y
BKG001684,RESIDENT_00687,EVT002,HIIT @ CC,Workout Class,2026-05-27,West,Y,Y
BKG002732,RESIDENT_01111,EVT002,HIIT @ CC,Workout Class,2026-05-31,Central,Y,Y
BKG001012,RESIDENT_00424,EVT005,Sundays@thePark,Community Walk,2026-06-03,Central,Y,Y
BKG000424,RESIDENT_00195,EVT006,Aqua Aerobics,Workout Class,2026-06-10,West,Y,Y
BKG002209,RESIDENT_00885,EVT009,Health Screening Drive,Screening,2026-06-13,East,Y,Y
BKG000088,RESIDENT_00039,EVT004,Brisk Walk @ Park,Community Walk,2026-04-20,Central,Y,Y
BKG002648,RESIDENT_01075,EVT001,Sunrise Mass Workout,Mass Workout,2026-06-21,North,Y,Y
BKG001793,RESIDENT_00739,EVT006,Aqua Aerobics,Workout Class,2026-04-23,Central,Y,Y
BKG000705,RESIDENT_00302,EVT010,Nutrition Talk,Talk,2026-04-12,Central,Y,Y
BKG003449,RESIDENT_01404,EVT009,Health Screening Drive,Screening,2026-04-23,West,Y,N
BKG002034,RESIDENT_00826,EVT009,Health Screening Drive,Screening,2026-06-22,West,Y,Y
BKG003517,RESIDENT_01440,EVT007,Weekend Cycling,Community Ride,2026-06-05,East,Y,Y
BKG001414,RESIDENT_00578,EVT001,Sunrise Mass Workout,Mass Workout,2026-04-17,Central,Y,Y
BKG000731,RESIDENT_00312,EVT002,HIIT @ CC,Workout Class,2026-06-04,West,Y,Y
BKG003003,RESIDENT_01216,EVT003,Zumba Fiesta,Workout Class,2026-04-27,West,Y,Y
BKG001790,RESIDENT_00739,EVT008,Strength & Mobility,Workout Class,2026-06-21,Central,Y,Y
BKG002735,RESIDENT_01111,EVT005,Sundays@thePark,Community Walk,2026-06-02,Central,Y,Y
BKG002446,RESIDENT_00974,EVT006,Aqua Aerobics,Workout Class,2026-04-01,Central,Y,Y
BKG000916,RESIDENT_00388,EVT010,Nutrition Talk,Talk,2026-04-26,North-East,Y,Y
BKG001752,RESIDENT_00721,EVT006,Aqua Aerobics,Workout Class,2026-06-19,East,Y,N
BKG002532,RESIDENT_01021,EVT009,Health Screening Drive,Screening,2026-05-04,East,Y,Y
BKG002020,RESIDENT_00819,EVT007,Weekend Cycling,Community Ride,2026-06-15,West,Y,Y
BKG000699,RESIDENT_00297,EVT009,Health Screening Drive,Screening,2026-04-24,North-East,Y,Y
BKG000091,RESIDENT_00040,EVT002,HIIT @ CC,Workout Class,2026-04-06,East,Y,N
BKG003289,RESIDENT_01331,EVT006,Aqua Aerobics,Workout Class,2026-04-27,North-East,Y,Y
BKG003303,RESIDENT_01337,EVT002,HIIT @ CC,Workout Class,2026-05-22,North,Y,N
BKG000849,RESIDENT_00363,EVT003,Zumba Fiesta,Workout Class,2026-05-24,East,Y,Y
BKG002503,RESIDENT_01007,EVT005,Sundays@thePark,Community Walk,2026-04-12,Central,Y,Y
BKG003104,RESIDENT_01260,EVT007,Weekend Cycling,Community Ride,2026-05-15,Central,Y,Y
BKG002967,RESIDENT_01202,EVT005,Sundays@thePark,Community Walk,2026-06-09,East,Y,Y
BKG001151,RESIDENT_00478,EVT007,Weekend Cycling,Community Ride,2026-05-25,North-East,Y,N
BKG001973,RESIDENT_00803,EVT002,HIIT @ CC,Workout Class,2026-06-18,East,Y,Y
BKG000958,RESIDENT_00404,EVT003,Zumba Fiesta,Workout Class,2026-05-18,West,Y,Y
BKG003576,RESIDENT_01469,EVT007,Weekend Cycling,Community Ride,2026-06-16,East,Y,Y
BKG003437,RESIDENT_01396,EVT007,Weekend Cycling,Community Ride,2026-05-19,North-East,Y,Y
BKG002975,RESIDENT_01204,EVT003,Zumba Fiesta,Workout Class,2026-06-18,North-East,Y,Y
BKG000031,RESIDENT_00014,EVT006,Aqua Aerobics,Workout Class,2026-05-10,North,Y,Y
BKG002403,RESIDENT_00959,EVT005,Sundays@thePark,Community Walk,2026-05-27,East,Y,Y
BKG000806,RESIDENT_00344,EVT004,Brisk Walk @ Park,Community Walk,2026-05-22,North-East,Y,Y
BKG000542,RESIDENT_00240,EVT010,Nutrition Talk,Talk,2026-04-25,East,Y,N
BKG001660,RESIDENT_00678,EVT001,Sunrise Mass Workout,Mass Workout,2026-06-22,North,Y,Y
BKG003495,RESIDENT_01426,EVT005,Sundays@thePark,Community Walk,2026-04-28,Central,Y,Y
BKG002243,RESIDENT_00903,EVT001,Sunrise Mass Workout,Mass Workout,2026-05-01,North,Y,Y
BKG000997,RESIDENT_00421,EVT010,Nutrition Talk,Talk,2026-05-15,East,Y,Y
BKG002369,RESIDENT_00949,EVT007,Weekend Cycling,Community Ride,2026-05-28,East,Y,Y
BKG001753,RESIDENT_00722,EVT003,Zumba Fiesta,Workout Class,2026-05-17,North,Y,N
BKG002040,RESIDENT_00829,EVT004,Brisk Walk @ Park,Community Walk,2026-04-09,West,Y,Y
BKG001974,RESIDENT_00803,EVT001,Sunrise Mass Workout,Mass Workout,2026-05-07,East,Y,Y
BKG002914,RESIDENT_01177,EVT008,Strength & Mobility,Workout Class,2026-05-01,Central,Y,N
BKG001269,RESIDENT_00528,EVT003,Zumba Fiesta,Workout Class,2026-06-25,Central,Y,N
BKG002376,RESIDENT_00950,EVT005,Sundays@thePark,Community Walk,2026-05-31,Central,Y,Y
BKG001730,RESIDENT_00710,EVT004,Brisk Walk @ Park,Community Walk,2026-06-27,West,Y,Y
BKG001934,RESIDENT_00793,EVT006,Aqua Aerobics,Workout Class,2026-06-13,West,Y,Y
BKG000246,RESIDENT_00109,EVT001,Sunrise Mass Workout,Mass Workout,2026-06-08,West,Y,Y
BKG000410,RESIDENT_00189,EVT007,Weekend Cycling,Community Ride,2026-06-28,Central,Y,Y
BKG003167,RESIDENT_01282,EVT003,Zumba Fiesta,Workout Class,2026-04-17,North-East,Y,Y
BKG000167,RESIDENT_00078,EVT002,HIIT @ CC,Workout Class,2026-04-21,North,Y,Y
BKG000510,RESIDENT_00231,EVT002,HIIT @ CC,Workout Class,2026-05-08,North,Y,Y
BKG001345,RESIDENT_00555,EVT004,Brisk Walk @ Park,Community Walk,2026-06-01,North-East,Y,Y
BKG000297,RESIDENT_00138,EVT002,HIIT @ CC,Workout Class,2026-06-22,North-East,Y,Y
BKG002802,RESIDENT_01137,EVT003,Zumba Fiesta,Workout Class,2026-06-30,Central,Y,N
BKG001728,RESIDENT_00708,EVT003,Zumba Fiesta,Workout Class,2026-04-21,North-East,Y,Y
BKG002882,RESIDENT_01165,EVT006,Aqua Aerobics,Workout Class,2026-06-25,East,Y,N
BKG000679,RESIDENT_00290,EVT006,Aqua Aerobics,Workout Class,2026-04-28,West,Y,Y
BKG003202,RESIDENT_01293,EVT001,Sunrise Mass Workout,Mass Workout,2026-06-29,North,Y,Y
BKG000053,RESIDENT_00022,EVT009,Health Screening Drive,Screening,2026-06-21,West,Y,Y
BKG003526,RESIDENT_01441,EVT006,Aqua Aerobics,Workout Class,2026-05-26,Central,Y,Y
BKG000986,RESIDENT_00414,EVT007,Weekend Cycling,Community Ride,2026-04-18,North,Y,Y
BKG003606,RESIDENT_01483,EVT005,Sundays@thePark,Community Walk,2026-06-23,North,Y,Y
BKG000210,RESIDENT_00094,EVT001,Sunrise Mass Workout,Mass Workout,2026-04-04,East,Y,Y
BKG002786,RESIDENT_01130,EVT007,Weekend Cycling,Community Ride,2026-04-22,Central,Y,Y
BKG001940,RESIDENT_00794,EVT007,Weekend Cycling,Community Ride,2026-06-01,North,Y,Y
BKG003204,RESIDENT_01293,EVT005,Sundays@thePark,Community Walk,2026-04-10,North,Y,Y
BKG000254,RESIDENT_00114,EVT002,HIIT @ CC,Workout Class,2026-06-27,Central,Y,N
BKG000465,RESIDENT_00206,EVT009,Health Screening Drive,Screening,2026-04-30,East,Y,N
BKG001822,RESIDENT_00750,EVT005,Sundays@thePark,Community Walk,2026-05-16,Central,Y,Y
BKG001250,RESIDENT_00521,EVT008,Strength & Mobility,Workout Class,2026-04-30,North-East,Y,Y
BKG000617,RESIDENT_00269,EVT008,Strength & Mobility,Workout Class,2026-05-12,East,Y,Y
BKG000762,RESIDENT_00327,EVT001,Sunrise Mass Workout,Mass Workout,2026-05-05,West,Y,Y
BKG000414,RESIDENT_00191,EVT007,Weekend Cycling,Community Ride,2026-04-25,North-East,Y,Y
BKG001751,RESIDENT_00720,EVT003,Zumba Fiesta,Workout Class,2026-06-09,West,Y,Y
BKG002767,RESIDENT_01124,EVT006,Aqua Aerobics,Workout Class,2026-06-22,North-East,Y,Y
BKG002037,RESIDENT_00828,EVT004,Brisk Walk @ Park,Community Walk,2026-06-10,East,Y,Y
BKG003515,RESIDENT_01437,EVT003,Zumba Fiesta,Workout Class,2026-06-04,North-East,Y,N
BKG000562,RESIDENT_00251,EVT009,Health Screening Drive,Screening,2026-05-15,Central,Y,Y
BKG000758,RESIDENT_00325,EVT001,Sunrise Mass Workout,Mass Workout,2026-04-01,East,Y,N
BKG001958,RESIDENT_00799,EVT002,HIIT @ CC,Workout Class,2026-04-16,West,Y,N
BKG001443,RESIDENT_00585,EVT002,HIIT @ CC,Workout Class,2026-06-10,West,Y,N
BKG002293,RESIDENT_00925,EVT009,Health Screening Drive,Screening,2026-06-03,North,Y,N
BKG000332,RESIDENT_00152,EVT006,Aqua Aerobics,Workout Class,2026-05-02,Central,Y,Y
BKG003591,RESIDENT_01479,EVT004,Brisk Walk @ Park,Community Walk,2026-04-30,North-East,Y,Y
BKG000481,RESIDENT_00214,EVT001,Sunrise Mass Workout,Mass Workout,2026-05-31,West,Y,Y
BKG001780,RESIDENT_00735,EVT003,Zumba Fiesta,Workout Class,2026-04-13,North,Y,Y
BKG000706,RESIDENT_00303,EVT003,Zumba Fiesta,Workout Class,2026-06-19,East,Y,Y
BKG003612,RESIDENT_01486,EVT001,Sunrise Mass Workout,Mass Workout,2026-06-08,West,Y,Y
BKG001507,RESIDENT_00610,EVT006,Aqua Aerobics,Workout Class,2026-04-14,North-East,Y,N
BKG000361,RESIDENT_00163,EVT009,Health Screening Drive,Screening,2026-05-30,North-East,Y,Y
BKG002193,RESIDENT_00881,EVT001,Sunrise Mass Workout,Mass Workout,2026-04-25,Central,Y,N
BKG001512,RESIDENT_00614,EVT009,Health Screening Drive,Screening,2026-06-13,North,Y,Y
BKG002889,RESIDENT_01167,EVT010,Nutrition Talk,Talk,2026-06-10,Central,Y,Y
BKG000588,RESIDENT_00260,EVT004,Brisk Walk @ Park,Community Walk,2026-05-22,North-East,Y,N
BKG002766,RESIDENT_01122,EVT003,Zumba Fiesta,Workout Class,2026-04-12,East,Y,Y
BKG003457,RESIDENT_01409,EVT003,Zumba Fiesta,Workout Class,2026-04-18,North,Y,Y
BKG002948,RESIDENT_01195,EVT004,Brisk Walk @ Park,Community Walk,2026-06-25,Central,Y,Y
BKG000929,RESIDENT_00390,EVT007,Weekend Cycling,Community Ride,2026-04-21,East,Y,Y
BKG000041,RESIDENT_00018,EVT010,Nutrition Talk,Talk,2026-05-04,East,Y,Y
BKG003228,RESIDENT_01306,EVT007,Weekend Cycling,Community Ride,2026-06-06,Central,Y,Y
BKG003405,RESIDENT_01381,EVT006,Aqua Aerobics,Workout Class,2026-05-13,North-East,Y,Y
BKG002745,RESIDENT_01115,EVT009,Health Screening Drive,Screening,2026-05-09,North,Y,N
BKG001697,RESIDENT_00695,EVT004,Brisk Walk @ Park,Community Walk,2026-06-25,West,Y,Y
BKG000245,RESIDENT_00109,EVT006,Aqua Aerobics,Workout Class,2026-04-23,West,Y,N
BKG000799,RESIDENT_00341,EVT006,Aqua Aerobics,Workout Class,2026-04-03,North-East,Y,Y
BKG001091,RESIDENT_00455,EVT002,HIIT @ CC,Workout Class,2026-05-26,North-East,Y,Y
BKG002588,RESIDENT_01048,EVT007,Weekend Cycling,Community Ride,2026-05-31,West,Y,Y
BKG003590,RESIDENT_01478,EVT002,HIIT @ CC,Workout Class,2026-05-28,North,Y,N
BKG001379,RESIDENT_00568,EVT010,Nutrition Talk,Talk,2026-05-20,North-East,Y,Y
BKG003136,RESIDENT_01270,EVT005,Sundays@thePark,Community Walk,2026-04-19,West,Y,Y
BKG002811,RESIDENT_01141,EVT001,Sunrise Mass Workout,Mass Workout,2026-06-19,East,Y,Y
BKG001408,RESIDENT_00575,EVT009,Health Screening Drive,Screening,2026-05-19,North,Y,N
BKG001385,RESIDENT_00570,EVT006,Aqua Aerobics,Workout Class,2026-05-17,North,Y,Y
BKG003037,RESIDENT_01231,EVT003,Zumba Fiesta,Workout Class,2026-05-17,East,Y,N
BKG000311,RESIDENT_00146,EVT007,Weekend Cycling,Community Ride,2026-05-31,North,Y,Y
BKG002958,RESIDENT_01197,EVT006,Aqua Aerobics,Workout Class,2026-06-12,North-East,Y,N
BKG001130,RESIDENT_00468,EVT002,HIIT @ CC,Workout Class,2026-04-02,North-East,Y,Y
BKG001894,RESIDENT_00777,EVT009,Health Screening Drive,Screening,2026-04-13,Central,Y,Y
BKG001305,RESIDENT_00541,EVT009,Health Screening Drive,Screening,2026-05-10,Central,Y,Y
BKG000025,RESIDENT_00009,EVT008,Strength & Mobility,Workout Class,2026-04-28,West,Y,Y
BKG001562,RESIDENT_00638,EVT004,Brisk Walk @ Park,Community Walk,2026-05-21,North,Y,N
BKG001348,RESIDENT_00556,EVT003,Zumba Fiesta,Workout Class,2026-05-16,North-East,Y,Y
BKG002553,RESIDENT_01032,EVT001,Sunrise Mass Workout,Mass Workout,2026-04-21,West,Y,Y
BKG002682,RESIDENT_01092,EVT003,Zumba Fiesta,Workout Class,2026-04-26,West,Y,N
BKG000537,RESIDENT_00238,EVT006,Aqua Aerobics,Workout Class,2026-05-08,North,Y,Y
BKG002937,RESIDENT_01191,EVT008,Strength & Mobility,Workout Class,2026-06-08,East,Y,N
BKG000272,RESIDENT_00124,EVT002,HIIT @ CC,Workout Class,2026-04-05,Central,Y,Y
BKG000555,RESIDENT_00245,EVT004,Brisk Walk @ Park,Community Walk,2026-06-23,Central,Y,N
BKG000713,RESIDENT_00308,EVT010,Nutrition Talk,Talk,2026-05-15,East,Y,N
BKG001282,RESIDENT_00533,EVT005,Sundays@thePark,Community Walk,2026-04-05,East,Y,Y
BKG002297,RESIDENT_00926,EVT010,Nutrition Talk,Talk,2026-04-02,Central,Y,Y
BKG001608,RESIDENT_00660,EVT004,Brisk Walk @ Park,Community Walk,2026-05-06,North,Y,Y
BKG002754,RESIDENT_01119,EVT008,Strength & Mobility,Workout Class,2026-06-07,Central,Y,Y
BKG001292,RESIDENT_00536,EVT004,Brisk Walk @ Park,Community Walk,2026-05-30,North-East,Y,Y
BKG002990,RESIDENT_01211,EVT002,HIIT @ CC,Workout Class,2026-05-22,North,Y,N
BKG000010,RESIDENT_00004,EVT003,Zumba Fiesta,Workout Class,2026-06-21,West,Y,N
BKG000193,RESIDENT_00090,EVT009,Health Screening Drive,Screening,2026-04-07,West,Y,Y
BKG000968,RESIDENT_00407,EVT007,Weekend Cycling,Community Ride,2026-04-28,East,Y,Y
BKG001221,RESIDENT_00509,EVT008,Strength & Mobility,Workout Class,2026-06-16,East,Y,Y
BKG002257,RESIDENT_00907,EVT006,Aqua Aerobics,Workout Class,2026-06-18,West,Y,Y
BKG003340,RESIDENT_01356,EVT002,HIIT @ CC,Workout Class,2026-05-31,Central,Y,Y
BKG001840,RESIDENT_00756,EVT001,Sunrise Mass Workout,Mass Workout,2026-05-31,North,Y,Y
BKG000689,RESIDENT_00294,EVT006,Aqua Aerobics,Workout Class,2026-05-31,East,Y,Y
BKG001825,RESIDENT_00753,EVT003,Zumba Fiesta,Workout Class,2026-05-29,West,Y,Y
BKG003144,RESIDENT_01274,EVT004,Brisk Walk @ Park,Community Walk,2026-06-22,North-East,Y,Y
BKG000644,RESIDENT_00280,EVT001,Sunrise Mass Workout,Mass Workout,2026-04-13,North,Y,Y
BKG000380,RESIDENT_00174,EVT001,Sunrise Mass Workout,Mass Workout,2026-06-11,Central,Y,Y
BKG002994,RESIDENT_01212,EVT002,HIIT @ CC,Workout Class,2026-05-25,North,Y,Y
BKG001584,RESIDENT_00647,EVT004,Brisk Walk @ Park,Community Walk,2026-06-08,North-East,Y,Y
BKG003186,RESIDENT_01287,EVT003,Zumba Fiesta,Workout Class,2026-05-28,Central,Y,Y
BKG002201,RESIDENT_00883,EVT004,Brisk Walk @ Park,Community Walk,2026-05-22,Central,Y,Y
BKG002044,RESIDENT_00831,EVT008,Strength & Mobility,Workout Class,2026-06-04,Central,Y,Y
BKG001795,RESIDENT_00739,EVT010,Nutrition Talk,Talk,2026-04-16,North,Y,Y
BKG002996,RESIDENT_01214,EVT008,Strength & Mobility,Workout Class,2026-05-07,West,Y,N
BKG000648,RESIDENT_00280,EVT009,Health Screening Drive,Screening,2026-04-23,North,Y,Y
BKG000030,RESIDENT_00013,EVT001,Sunrise Mass Workout,Mass Workout,2026-05-07,West,Y,Y
BKG001640,RESIDENT_00671,EVT009,Health Screening Drive,Screening,2026-06-06,Central,Y,N
BKG002884,RESIDENT_01166,EVT005,Sundays@thePark,Community Walk,2026-05-14,West,Y,Y
BKG000490,RESIDENT_00221,EVT004,Brisk Walk @ Park,Community Walk,2026-05-03,Central,Y,Y
BKG000017,RESIDENT_00006,EVT007,Weekend Cycling,Community Ride,2026-05-03,Central,Y,Y
BKG002774,RESIDENT_01126,EVT009,Health Screening Drive,Screening,2026-05-26,North-East,Y,Y
BKG001954,RESIDENT_00798,EVT002,HIIT @ CC,Workout Class,2026-05-02,West,Y,N
BKG002755,RESIDENT_01119,EVT001,Sunrise Mass Workout,Mass Workout,2026-06-26,Central,Y,Y
BKG001052,RESIDENT_00443,EVT001,Sunrise Mass Workout,Mass Workout,2026-05-01,North-East,Y,N
BKG001335,RESIDENT_00552,EVT001,Sunrise Mass Workout,Mass Workout,2026-04-06,East,Y,Y
BKG000944,RESIDENT_00397,EVT003,Zumba Fiesta,Workout Class,2026-06-27,North-East,Y,Y
BKG001121,RESIDENT_00466,EVT001,Sunrise Mass Workout,Mass Workout,2026-05-01,North-East,Y,Y
BKG001343,RESIDENT_00555,EVT003,Zumba Fiesta,Workout Class,2026-06-23,Central,Y,Y
BKG000434,RESIDENT_00197,EVT009,Health Screening Drive,Screening,2026-06-04,Central,Y,Y
BKG000446,RESIDENT_00200,EVT007,Weekend Cycling,Community Ride,2026-04-18,North,Y,N
BKG003070,RESIDENT_01248,EVT009,Health Screening Drive,Screening,2026-06-25,East,Y,Y
BKG001148,RESIDENT_00477,EVT004,Brisk Walk @ Park,Community Walk,2026-06-28,North,Y,Y
BKG001523,RESIDENT_00617,EVT009,Health Screening Drive,Screening,2026-05-25,North,Y,Y
BKG001665,RESIDENT_00681,EVT006,Aqua Aerobics,Workout Class,2026-04-24,North-East,Y,Y
BKG001787,RESIDENT_00738,EVT007,Weekend Cycling,Community Ride,2026-05-12,North-East,Y,Y
BKG000396,RESIDENT_00181,EVT008,Strength & Mobility,Workout Class,2026-05-05,East,Y,Y
BKG002438,RESIDENT_00971,EVT002,HIIT @ CC,Workout Class,2026-05-10,Central,Y,Y
BKG001797,RESIDENT_00740,EVT002,HIIT @ CC,Workout Class,2026-05-19,North,Y,Y
BKG000693,RESIDENT_00296,EVT003,Zumba Fiesta,Workout Class,2026-05-01,Central,Y,N
BKG002396,RESIDENT_00956,EVT010,Nutrition Talk,Talk,2026-05-29,North-East,Y,N
BKG000487,RESIDENT_00217,EVT001,Sunrise Mass Workout,Mass Workout,2026-05-09,Central,Y,N
BKG002808,RESIDENT_01140,EVT009,Health Screening Drive,Screening,2026-04-28,North,Y,Y
BKG001248,RESIDENT_00521,EVT004,Brisk Walk @ Park,Community Walk,2026-06-17,North-East,Y,Y
BKG001078,RESIDENT_00450,EVT001,Sunrise Mass Workout,Mass Workout,2026-05-03,North,Y,Y
BKG001520,RESIDENT_00616,EVT006,Aqua Aerobics,Workout Class,2026-05-21,Central,Y,Y
BKG003418,RESIDENT_01388,EVT010,Nutrition Talk,Talk,2026-05-14,North-East,Y,Y
BKG000042,RESIDENT_00018,EVT005,Sundays@thePark,Community Walk,2026-06-14,East,Y,N
BKG000328,RESIDENT_00151,EVT002,HIIT @ CC,Workout Class,2026-04-27,Central,Y,Y
BKG000441,RESIDENT_00199,EVT008,Strength & Mobility,Workout Class,2026-04-26,North,Y,Y
BKG000619,RESIDENT_00271,EVT009,Health Screening Drive,Screening,2026-06-04,East,Y,Y
BKG000044,RESIDENT_00019,EVT005,Sundays@thePark,Community Walk,2026-06-21,West,Y,N
BKG001370,RESIDENT_00566,EVT001,Sunrise Mass Workout,Mass Workout,2026-04-24,North-East,Y,Y
BKG000105,RESIDENT_00046,EVT006,Aqua Aerobics,Workout Class,2026-04-14,East,Y,N
BKG003399,RESIDENT_01379,EVT010,Nutrition Talk,Talk,2026-06-20,East,Y,N
BKG003580,RESIDENT_01470,EVT002,HIIT @ CC,Workout Class,2026-06-21,West,Y,Y
BKG000283,RESIDENT_00131,EVT001,Sunrise Mass Workout,Mass Workout,2026-04-19,West,Y,Y
BKG001210,RESIDENT_00502,EVT001,Sunrise Mass Workout,Mass Workout,2026-06-03,West,Y,Y
BKG000720,RESIDENT_00309,EVT008,Strength & Mobility,Workout Class,2026-05-19,Central,Y,Y
BKG002092,RESIDENT_00846,EVT005,Sundays@thePark,Community Walk,2026-06-10,Central,Y,N
BKG000360,RESIDENT_00163,EVT010,Nutrition Talk,Talk,2026-04-18,East,Y,Y
BKG003072,RESIDENT_01250,EVT008,Strength & Mobility,Workout Class,2026-04-02,Central,Y,N
BKG001798,RESIDENT_00741,EVT010,Nutrition Talk,Talk,2026-06-01,East,Y,Y
BKG000365,RESIDENT_00166,EVT001,Sunrise Mass Workout,Mass Workout,2026-05-21,West,Y,Y
BKG000851,RESIDENT_00363,EVT007,Weekend Cycling,Community Ride,2026-04-13,East,Y,Y
BKG003581,RESIDENT_01471,EVT010,Nutrition Talk,Talk,2026-06-06,Central,Y,Y
BKG001225,RESIDENT_00510,EVT010,Nutrition Talk,Talk,2026-05-12,West,Y,Y
BKG001652,RESIDENT_00676,EVT007,Weekend Cycling,Community Ride,2026-06-27,North,Y,Y
BKG002840,RESIDENT_01150,EVT010,Nutrition Talk,Talk,2026-04-29,North-East,Y,Y
BKG002184,RESIDENT_00877,EVT002,HIIT @ CC,Workout Class,2026-06-02,North,Y,Y
BKG000501,RESIDENT_00227,EVT007,Weekend Cycling,Community Ride,2026-04-18,West,Y,Y
BKG003132,RESIDENT_01268,EVT009,Health Screening Drive,Screening,2026-05-01,North-East,Y,Y
BKG000076,RESIDENT_00029,EVT008,Strength & Mobility,Workout Class,2026-05-26,North-East,Y,N
BKG003138,RESIDENT_01270,EVT001,Sunrise Mass Workout,Mass Workout,2026-05-29,Central,Y,Y
BKG002983,RESIDENT_01208,EVT002,HIIT @ CC,Workout Class,2026-04-13,Central,Y,Y
BKG002281,RESIDENT_00923,EVT001,Sunrise Mass Workout,Mass Workout,2026-06-28,West,Y,Y
BKG003413,RESIDENT_01387,EVT008,Strength & Mobility,Workout Class,2026-06-16,West,Y,Y
BKG002582,RESIDENT_01044,EVT010,Nutrition Talk,Talk,2026-04-06,West,Y,Y
BKG003377,RESIDENT_01371,EVT010,Nutrition Talk,Talk,2026-06-04,Central,Y,N
BKG003385,RESIDENT_01375,EVT006,Aqua Aerobics,Workout Class,2026-04-21,Central,Y,Y
BKG002944,RESIDENT_01194,EVT003,Zumba Fiesta,Workout Class,2026-04-03,East,Y,Y
BKG001846,RESIDENT_00757,EVT006,Aqua Aerobics,Workout Class,2026-06-13,North-East,Y,Y
BKG000170,RESIDENT_00079,EVT003,Zumba Fiesta,Workout Class,2026-05-22,West,Y,N
BKG003094,RESIDENT_01257,EVT006,Aqua Aerobics,Workout Class,2026-04-08,Central,Y,Y
BKG001747,RESIDENT_00718,EVT004,Brisk Walk @ Park,Community Walk,2026-05-22,North-East,Y,Y
BKG003329,RESIDENT_01350,EVT010,Nutrition Talk,Talk,2026-06-22,Central,Y,Y
BKG002352,RESIDENT_00942,EVT003,Zumba Fiesta,Workout Class,2026-05-20,North,Y,Y
BKG002233,RESIDENT_00898,EVT010,Nutrition Talk,Talk,2026-05-16,North,Y,Y
BKG001114,RESIDENT_00465,EVT009,Health Screening Drive,Screening,2026-06-24,West,Y,Y
BKG002247,RESIDENT_00904,EVT009,Health Screening Drive,Screening,2026-04-27,Central,Y,Y
BKG000668,RESIDENT_00286,EVT003,Zumba Fiesta,Workout Class,2026-06-22,East,Y,N
BKG001610,RESIDENT_00660,EVT001,Sunrise Mass Workout,Mass Workout,2026-04-09,North,Y,Y
BKG000324,RESIDENT_00150,EVT010,Nutrition Talk,Talk,2026-05-06,West,Y,Y
BKG003004,RESIDENT_01216,EVT007,Weekend Cycling,Community Ride,2026-04-06,Central,Y,Y
BKG002904,RESIDENT_01174,EVT005,Sundays@thePark,Community Walk,2026-04-10,Central,Y,Y
BKG002584,RESIDENT_01047,EVT007,Weekend Cycling,Community Ride,2026-05-18,North-East,Y,Y
BKG002149,RESIDENT_00866,EVT008,Strength & Mobility,Workout Class,2026-05-20,North-East,Y,Y
BKG001015,RESIDENT_00425,EVT003,Zumba Fiesta,Workout Class,2026-04-02,Central,Y,Y
BKG002436,RESIDENT_00970,EVT007,Weekend Cycling,Community Ride,2026-06-17,North,Y,Y
BKG002250,RESIDENT_00906,EVT008,Strength & Mobility,Workout Class,2026-04-24,North-East,Y,Y
BKG003304,RESIDENT_01338,EVT004,Brisk Walk @ Park,Community Walk,2026-04-12,East,Y,Y
BKG001128,RESIDENT_00467,EVT007,Weekend Cycling,Community Ride,2026-05-25,West,Y,Y
BKG000600,RESIDENT_00264,EVT009,Health Screening Drive,Screening,2026-05-09,East,Y,Y
BKG002030,RESIDENT_00826,EVT003,Zumba Fiesta,Workout Class,2026-04-18,West,Y,Y
BKG000609,RESIDENT_00266,EVT008,Strength & Mobility,Workout Class,2026-05-06,North,Y,Y
BKG003455,RESIDENT_01408,EVT010,Nutrition Talk,Talk,2026-05-09,Central,Y,Y
BKG002279,RESIDENT_00922,EVT007,Weekend Cycling,Community Ride,2026-05-26,Central,Y,N
BKG002302,RESIDENT_00927,EVT007,Weekend Cycling,Community Ride,2026-04-17,East,Y,Y
BKG002494,RESIDENT_00995,EVT006,Aqua Aerobics,Workout Class,2026-04-20,West,Y,Y
BKG003626,RESIDENT_01496,EVT003,Zumba Fiesta,Workout Class,2026-05-24,East,Y,N
BKG000363,RESIDENT_00165,EVT001,Sunrise Mass Workout,Mass Workout,2026-04-05,West,Y,N
BKG000653,RESIDENT_00282,EVT007,Weekend Cycling,Community Ride,2026-05-25,North,Y,Y
BKG000573,RESIDENT_00254,EVT009,Health Screening Drive,Screening,2026-06-22,West,Y,Y
BKG001986,RESIDENT_00806,EVT006,Aqua Aerobics,Workout Class,2026-04-02,Central,Y,Y
BKG003412,RESIDENT_01387,EVT004,Brisk Walk @ Park,Community Walk,2026-06-11,West,Y,Y
BKG000955,RESIDENT_00402,EVT010,Nutrition Talk,Talk,2026-04-13,North-East,Y,N
BKG000178,RESIDENT_00083,EVT007,Weekend Cycling,Community Ride,2026-06-01,Central,Y,Y
BKG003259,RESIDENT_01317,EVT005,Sundays@thePark,Community Walk,2026-06-25,North,Y,N
BKG003118,RESIDENT_01263,EVT005,Sundays@thePark,Community Walk,2026-05-29,North,Y,Y
BKG002565,RESIDENT_01035,EVT010,Nutrition Talk,Talk,2026-04-18,Central,Y,Y
BKG001329,RESIDENT_00548,EVT002,HIIT @ CC,Workout Class,2026-06-14,North,Y,Y
BKG000684,RESIDENT_00291,EVT008,Strength & Mobility,Workout Class,2026-05-11,Central,Y,Y
BKG002218,RESIDENT_00889,EVT001,Sunrise Mass Workout,Mass Workout,2026-04-24,East,Y,N
BKG000345,RESIDENT_00158,EVT006,Aqua Aerobics,Workout Class,2026-05-06,Central,Y,Y
BKG000591,RESIDENT_00261,EVT003,Zumba Fiesta,Workout Class,2026-04-17,North-East,Y,Y
BKG002942,RESIDENT_01194,EVT001,Sunrise Mass Workout,Mass Workout,2026-04-22,East,Y,Y
BKG002718,RESIDENT_01106,EVT006,Aqua Aerobics,Workout Class,2026-06-19,Central,Y,N
BKG000734,RESIDENT_00314,EVT006,Aqua Aerobics,Workout Class,2026-06-22,Central,Y,Y
BKG002736,RESIDENT_01111,EVT005,Sundays@thePark,Community Walk,2026-05-09,North-East,Y,Y
BKG002339,RESIDENT_00938,EVT007,Weekend Cycling,Community Ride,2026-06-15,Central,Y,Y
BKG000692,RESIDENT_00295,EVT008,Strength & Mobility,Workout Class,2026-06-16,East,Y,N
BKG003176,RESIDENT_01283,EVT001,Sunrise Mass Workout,Mass Workout,2026-06-06,North,Y,Y
BKG002977,RESIDENT_01204,EVT007,Weekend Cycling,Community Ride,2026-04-06,North,Y,Y
BKG002684,RESIDENT_01092,EVT002,HIIT @ CC,Workout Class,2026-06-29,West,Y,Y
BKG001778,RESIDENT_00734,EVT002,HIIT @ CC,Workout Class,2026-05-26,West,Y,N
BKG003001,RESIDENT_01215,EVT006,Aqua Aerobics,Workout Class,2026-06-11,East,Y,Y
BKG003159,RESIDENT_01276,EVT005,Sundays@thePark,Community Walk,2026-05-30,West,Y,Y
BKG001847,RESIDENT_00757,EVT002,HIIT @ CC,Workout Class,2026-06-15,North-East,Y,Y
BKG003567,RESIDENT_01463,EVT006,Aqua Aerobics,Workout Class,2026-05-14,West,Y,N
BKG001344,RESIDENT_00555,EVT001,Sunrise Mass Workout,Mass Workout,2026-04-25,Central,Y,Y
BKG000290,RESIDENT_00133,EVT007,Weekend Cycling,Community Ride,2026-05-03,North-East,Y,Y
BKG003618,RESIDENT_01492,EVT009,Health Screening Drive,Screening,2026-04-19,North-East,Y,N
BKG002913,RESIDENT_01177,EVT001,Sunrise Mass Workout,Mass Workout,2026-06-12,Central,Y,Y
BKG003330,RESIDENT_01350,EVT009,Health Screening Drive,Screening,2026-04-08,Central,Y,N
BKG000874,RESIDENT_00371,EVT005,Sundays@thePark,Community Walk,2026-05-20,North-East,Y,Y
BKG001685,RESIDENT_00688,EVT004,Brisk Walk @ Park,Community Walk,2026-05-06,Central,Y,Y
BKG002663,RESIDENT_01080,EVT006,Aqua Aerobics,Workout Class,2026-05-21,North-East,Y,Y
BKG000827,RESIDENT_00354,EVT009,Health Screening Drive,Screening,2026-04-30,West,Y,Y
BKG000470,RESIDENT_00209,EVT007,Weekend Cycling,Community Ride,2026-06-28,North,Y,Y
BKG000633,RESIDENT_00276,EVT001,Sunrise Mass Workout,Mass Workout,2026-04-14,West,Y,N
BKG001834,RESIDENT_00755,EVT006,Aqua Aerobics,Workout Class,2026-04-06,North,Y,Y
BKG001932,RESIDENT_00793,EVT010,Nutrition Talk,Talk,2026-06-26,West,Y,Y
BKG002172,RESIDENT_00875,EVT007,Weekend Cycling,Community Ride,2026-05-15,North-East,Y,Y
BKG000691,RESIDENT_00294,EVT005,Sundays@thePark,Community Walk,2026-04-24,Central,Y,Y
BKG002419,RESIDENT_00963,EVT009,Health Screening Drive,Screening,2026-04-24,West,Y,Y
BKG000553,RESIDENT_00244,EVT007,Weekend Cycling,Community Ride,2026-06-11,West,Y,Y
BKG000783,RESIDENT_00334,EVT009,Health Screening Drive,Screening,2026-04-01,North-East,Y,N
BKG003018,RESIDENT_01222,EVT001,Sunrise Mass Workout,Mass Workout,2026-04-16,North-East,Y,Y
BKG001598,RESIDENT_00657,EVT005,Sundays@thePark,Community Walk,2026-05-14,East,Y,N
BKG002902,RESIDENT_01173,EVT002,HIIT @ CC,Workout Class,2026-04-28,Central,Y,N
BKG001917,RESIDENT_00786,EVT003,Zumba Fiesta,Workout Class,2026-06-15,Central,Y,Y
BKG000830,RESIDENT_00356,EVT002,HIIT @ CC,Workout Class,2026-06-29,North,Y,Y
BKG002107,RESIDENT_00851,EVT005,Sundays@thePark,Community Walk,2026-06-29,North-East,Y,Y
BKG000672,RESIDENT_00289,EVT002,HIIT @ CC,Workout Class,2026-04-03,West,Y,Y
BKG002022,RESIDENT_00819,EVT005,Sundays@thePark,Community Walk,2026-06-27,Central,Y,N
BKG001963,RESIDENT_00801,EVT009,Health Screening Drive,Screening,2026-05-18,West,Y,Y
BKG002740,RESIDENT_01112,EVT010,Nutrition Talk,Talk,2026-06-06,West,Y,Y
BKG000385,RESIDENT_00176,EVT003,Zumba Fiesta,Workout Class,2026-04-14,East,Y,Y
BKG000277,RESIDENT_00128,EVT002,HIIT @ CC,Workout Class,2026-05-05,East,Y,Y
BKG003042,RESIDENT_01234,EVT006,Aqua Aerobics,Workout Class,2026-06-14,North-East,Y,N
BKG000899,RESIDENT_00381,EVT002,HIIT @ CC,Workout Class,2026-04-01,East,Y,Y
BKG000835,RESIDENT_00356,EVT001,Sunrise Mass Workout,Mass Workout,2026-04-18,Central,Y,Y
BKG001967,RESIDENT_00802,EVT005,Sundays@thePark,Community Walk,2026-04-25,Central,Y,Y
BKG002705,RESIDENT_01102,EVT003,Zumba Fiesta,Workout Class,2026-05-05,North-East,Y,Y
BKG002788,RESIDENT_01130,EVT001,Sunrise Mass Workout,Mass Workout,2026-05-10,East,Y,Y
BKG002587,RESIDENT_01047,EVT010,Nutrition Talk,Talk,2026-06-23,North-East,Y,Y
BKG003578,RESIDENT_01469,EVT006,Aqua Aerobics,Workout Class,2026-04-05,East,Y,Y
BKG003152,RESIDENT_01275,EVT009,Health Screening Drive,Screening,2026-06-20,North-East,Y,Y
BKG001297,RESIDENT_00539,EVT002,HIIT @ CC,Workout Class,2026-04-10,North-East,Y,Y
BKG001532,RESIDENT_00625,EVT007,Weekend Cycling,Community Ride,2026-05-11,Central,Y,Y
BKG000897,RESIDENT_00381,EVT005,Sundays@thePark,Community Walk,2026-04-04,East,Y,Y
BKG001792,RESIDENT_00739,EVT004,Brisk Walk @ Park,Community Walk,2026-05-22,Central,Y,Y
BKG002852,RESIDENT_01154,EVT008,Strength & Mobility,Workout Class,2026-05-08,Central,Y,Y
BKG001097,RESIDENT_00459,EVT001,Sunrise Mass Workout,Mass Workout,2026-04-20,West,Y,N
BKG001395,RESIDENT_00573,EVT010,Nutrition Talk,Talk,2026-06-12,North-East,Y,Y
BKG001765,RESIDENT_00729,EVT007,Weekend Cycling,Community Ride,2026-06-27,Central,Y,Y
BKG000719,RESIDENT_00309,EVT005,Sundays@thePark,Community Walk,2026-06-22,North,Y,Y
BKG002498,RESIDENT_01003,EVT006,Aqua Aerobics,Workout Class,2026-06-12,North-East,Y,Y
BKG000271,RESIDENT_00123,EVT001,Sunrise Mass Workout,Mass Workout,2026-05-03,East,Y,Y
BKG003105,RESIDENT_01260,EVT008,Strength & Mobility,Workout Class,2026-05-21,West,Y,Y
BKG000499,RESIDENT_00225,EVT004,Brisk Walk @ Park,Community Walk,2026-04-12,North-East,Y,Y
BKG003522,RESIDENT_01440,EVT002,HIIT @ CC,Workout Class,2026-05-28,East,Y,Y
BKG002710,RESIDENT_01104,EVT006,Aqua Aerobics,Workout Class,2026-04-18,North-East,Y,N
BKG002234,RESIDENT_00900,EVT005,Sundays@thePark,Community Walk,2026-06-27,North,Y,Y
BKG002905,RESIDENT_01175,EVT001,Sunrise Mass Workout,Mass Workout,2026-05-21,North-East,Y,Y
BKG001303,RESIDENT_00540,EVT009,Health Screening Drive,Screening,2026-05-22,North,Y,Y
BKG000236,RESIDENT_00105,EVT006,Aqua Aerobics,Workout Class,2026-04-11,North,Y,Y
BKG000571,RESIDENT_00254,EVT003,Zumba Fiesta,Workout Class,2026-05-19,West,Y,Y
BKG001291,RESIDENT_00536,EVT003,Zumba Fiesta,Workout Class,2026-06-16,North-East,Y,Y
BKG002291,RESIDENT_00925,EVT008,Strength & Mobility,Workout Class,2026-06-05,West,Y,Y
BKG002555,RESIDENT_01033,EVT006,Aqua Aerobics,Workout Class,2026-06-28,North,Y,N
BKG001224,RESIDENT_00510,EVT010,Nutrition Talk,Talk,2026-05-13,West,Y,Y
BKG000040,RESIDENT_00017,EVT010,Nutrition Talk,Talk,2026-06-14,North-East,Y,N
BKG002273,RESIDENT_00916,EVT001,Sunrise Mass Workout,Mass Workout,2026-04-09,North,Y,Y
BKG002548,RESIDENT_01029,EVT002,HIIT @ CC,Workout Class,2026-04-26,Central,Y,Y
BKG002171,RESIDENT_00874,EVT004,Brisk Walk @ Park,Community Walk,2026-04-09,North-East,Y,Y
BKG002207,RESIDENT_00885,EVT008,Strength & Mobility,Workout Class,2026-06-07,East,Y,Y
BKG001240,RESIDENT_00518,EVT007,Weekend Cycling,Community Ride,2026-05-03,North-East,Y,N
BKG002320,RESIDENT_00932,EVT007,Weekend Cycling,Community Ride,2026-06-03,North,Y,N
BKG000165,RESIDENT_00078,EVT002,HIIT @ CC,Workout Class,2026-04-10,North,Y,Y
BKG001333,RESIDENT_00551,EVT007,Weekend Cycling,Community Ride,2026-04-26,North-East,Y,Y
BKG001457,RESIDENT_00589,EVT003,Zumba Fiesta,Workout Class,2026-06-01,North,Y,Y
BKG002872,RESIDENT_01159,EVT007,Weekend Cycling,Community Ride,2026-06-21,West,Y,Y
BKG001524,RESIDENT_00619,EVT001,Sunrise Mass Workout,Mass Workout,2026-04-29,Central,Y,Y
BKG002008,RESIDENT_00815,EVT010,Nutrition Talk,Talk,2026-06-29,West,Y,Y
BKG002511,RESIDENT_01012,EVT005,Sundays@thePark,Community Walk,2026-06-23,Central,Y,N
BKG000386,RESIDENT_00176,EVT004,Brisk Walk @ Park,Community Walk,2026-04-06,East,Y,Y
BKG001199,RESIDENT_00500,EVT004,Brisk Walk @ Park,Community Walk,2026-05-14,West,Y,N
BKG001467,RESIDENT_00591,EVT001,Sunrise Mass Workout,Mass Workout,2026-04-24,West,Y,Y
BKG001455,RESIDENT_00589,EVT005,Sundays@thePark,Community Walk,2026-05-01,North,Y,Y
BKG003362,RESIDENT_01365,EVT006,Aqua Aerobics,Workout Class,2026-05-06,East,Y,N
BKG003155,RESIDENT_01276,EVT008,Strength & Mobility,Workout Class,2026-06-30,West,Y,Y
BKG000694,RESIDENT_00297,EVT009,Health Screening Drive,Screening,2026-06-20,North,Y,Y
BKG000845,RESIDENT_00361,EVT008,Strength & Mobility,Workout Class,2026-06-08,West,Y,Y
BKG001777,RESIDENT_00734,EVT007,Weekend Cycling,Community Ride,2026-06-04,West,Y,Y
BKG003307,RESIDENT_01338,EVT003,Zumba Fiesta,Workout Class,2026-04-14,North-East,Y,Y
BKG003248,RESIDENT_01311,EVT005,Sundays@thePark,Community Walk,2026-06-03,North-East,Y,Y
BKG000043,RESIDENT_00019,EVT010,Nutrition Talk,Talk,2026-06-15,West,Y,Y
BKG001031,RESIDENT_00435,EVT010,Nutrition Talk,Talk,2026-06-12,North,Y,N
BKG000688,RESIDENT_00294,EVT004,Brisk Walk @ Park,Community Walk,2026-05-30,East,Y,Y
BKG001337,RESIDENT_00552,EVT002,HIIT @ CC,Workout Class,2026-04-28,East,Y,Y
BKG003496,RESIDENT_01426,EVT008,Strength & Mobility,Workout Class,2026-06-10,Central,Y,Y
BKG002332,RESIDENT_00936,EVT005,Sundays@thePark,Community Walk,2026-05-08,West,Y,Y
BKG001877,RESIDENT_00774,EVT009,Health Screening Drive,Screening,2026-05-06,West,Y,Y
BKG003084,RESIDENT_01254,EVT008,Strength & Mobility,Workout Class,2026-05-19,North-East,Y,Y
BKG000593,RESIDENT_00261,EVT004,Brisk Walk @ Park,Community Walk,2026-04-01,North-East,Y,Y
BKG003587,RESIDENT_01474,EVT006,Aqua Aerobics,Workout Class,2026-06-29,Central,Y,N
BKG000080,RESIDENT_00031,EVT001,Sunrise Mass Workout,Mass Workout,2026-05-11,North,Y,Y
BKG001649,RESIDENT_00675,EVT007,Weekend Cycling,Community Ride,2026-06-12,Central,Y,Y
BKG003592,RESIDENT_01480,EVT003,Zumba Fiesta,Workout Class,2026-05-28,Central,Y,Y
BKG003371,RESIDENT_01369,EVT002,HIIT @ CC,Workout Class,2026-06-18,North-East,Y,Y
BKG002246,RESIDENT_00904,EVT008,Strength & Mobility,Workout Class,2026-04-09,Central,Y,N
BKG000726,RESIDENT_00310,EVT006,Aqua Aerobics,Workout Class,2026-06-17,Central,Y,Y
BKG003491,RESIDENT_01424,EVT008,Strength & Mobility,Workout Class,2026-04-07,West,Y,Y
BKG002183,RESIDENT_00877,EVT007,Weekend Cycling,Community Ride,2026-06-26,North,Y,Y
BKG003465,RESIDENT_01413,EVT007,Weekend Cycling,Community Ride,2026-06-24,North-East,Y,Y
BKG000550,RESIDENT_00243,EVT002,HIIT @ CC,Workout Class,2026-04-24,North-East,Y,Y
BKG000616,RESIDENT_00268,EVT010,Nutrition Talk,Talk,2026-06-26,North,Y,N
BKG002470,RESIDENT_00987,EVT007,Weekend Cycling,Community Ride,2026-05-30,East,Y,Y
BKG000263,RESIDENT_00122,EVT003,Zumba Fiesta,Workout Class,2026-04-17,North,Y,Y
BKG000577,RESIDENT_00255,EVT010,Nutrition Talk,Talk,2026-04-27,Central,Y,Y
BKG000471,RESIDENT_00209,EVT004,Brisk Walk @ Park,Community Walk,2026-05-07,North,Y,Y
BKG003196,RESIDENT_01291,EVT005,Sundays@thePark,Community Walk,2026-05-11,West,Y,Y
BKG000506,RESIDENT_00229,EVT008,Strength & Mobility,Workout Class,2026-06-13,West,Y,Y
BKG002680,RESIDENT_01091,EVT002,HIIT @ CC,Workout Class,2026-05-16,West,Y,Y
BKG000337,RESIDENT_00154,EVT006,Aqua Aerobics,Workout Class,2026-06-13,West,Y,Y
BKG001420,RESIDENT_00579,EVT003,Zumba Fiesta,Workout Class,2026-04-09,North,Y,Y
BKG001175,RESIDENT_00492,EVT007,Weekend Cycling,Community Ride,2026-06-01,West,Y,N
BKG002837,RESIDENT_01150,EVT008,Strength & Mobility,Workout Class,2026-05-05,North-East,Y,N
BKG003543,RESIDENT_01449,EVT003,Zumba Fiesta,Workout Class,2026-06-19,West,Y,N
BKG003123,RESIDENT_01266,EVT009,Health Screening Drive,Screening,2026-06-19,North-East,Y,Y
BKG001174,RESIDENT_00492,EVT002,HIIT @ CC,Workout Class,2026-04-30,West,Y,N
BKG000185,RESIDENT_00088,EVT008,Strength & Mobility,Workout Class,2026-06-14,Central,Y,Y
BKG002775,RESIDENT_01127,EVT006,Aqua Aerobics,Workout Class,2026-05-10,Central,Y,Y
BKG002784,RESIDENT_01130,EVT010,Nutrition Talk,Talk,2026-05-21,Central,Y,Y
BKG000331,RESIDENT_00152,EVT006,Aqua Aerobics,Workout Class,2026-06-08,Central,Y,Y
BKG002148,RESIDENT_00866,EVT010,Nutrition Talk,Talk,2026-04-19,North-East,Y,Y
BKG001613,RESIDENT_00660,EVT008,Strength & Mobility,Workout Class,2026-04-19,North,Y,Y
BKG003436,RESIDENT_01396,EVT009,Health Screening Drive,Screening,2026-04-19,Central,Y,Y
BKG001147,RESIDENT_00476,EVT008,Strength & Mobility,Workout Class,2026-05-02,North,Y,N
BKG001669,RESIDENT_00682,EVT007,Weekend Cycling,Community Ride,2026-05-24,West,Y,Y
BKG001228,RESIDENT_00510,EVT002,HIIT @ CC,Workout Class,2026-06-12,Central,Y,Y
BKG003483,RESIDENT_01420,EVT010,Nutrition Talk,Talk,2026-04-16,North,Y,N
BKG001277,RESIDENT_00532,EVT001,Sunrise Mass Workout,Mass Workout,2026-04-18,East,Y,Y
BKG001135,RESIDENT_00470,EVT010,Nutrition Talk,Talk,2026-04-11,North,Y,Y
BKG002550,RESIDENT_01029,EVT003,Zumba Fiesta,Workout Class,2026-04-22,West,Y,Y
BKG002777,RESIDENT_01127,EVT003,Zumba Fiesta,Workout Class,2026-06-12,Central,Y,Y
BKG002162,RESIDENT_00870,EVT005,Sundays@thePark,Community Walk,2026-05-14,Central,Y,Y
BKG000298,RESIDENT_00139,EVT010,Nutrition Talk,Talk,2026-06-28,West,Y,N
BKG003544,RESIDENT_01450,EVT007,Weekend Cycling,Community Ride,2026-04-08,North,Y,Y
BKG000100,RESIDENT_00045,EVT009,Health Screening Drive,Screening,2026-04-26,North,Y,Y
BKG000579,RESIDENT_00257,EVT010,Nutrition Talk,Talk,2026-05-05,Central,Y,Y
BKG003160,RESIDENT_01277,EVT001,Sunrise Mass Workout,Mass Workout,2026-04-26,West,Y,N
BKG001526,RESIDENT_00619,EVT007,Weekend Cycling,Community Ride,2026-06-06,Central,Y,Y
BKG002066,RESIDENT_00837,EVT008,Strength & Mobility,Workout Class,2026-05-28,North,Y,Y
BKG000034,RESIDENT_00015,EVT001,Sunrise Mass Workout,Mass Workout,2026-04-20,East,Y,Y
BKG002229,RESIDENT_00898,EVT005,Sundays@thePark,Community Walk,2026-04-10,West,Y,Y
BKG003219,RESIDENT_01302,EVT006,Aqua Aerobics,Workout Class,2026-06-19,East,Y,Y
BKG002252,RESIDENT_00906,EVT005,Sundays@thePark,Community Walk,2026-04-11,North-East,Y,Y
BKG002301,RESIDENT_00927,EVT001,Sunrise Mass Workout,Mass Workout,2026-04-03,East,Y,Y
BKG001864,RESIDENT_00768,EVT007,Weekend Cycling,Community Ride,2026-06-01,Central,Y,Y
BKG002139,RESIDENT_00863,EVT001,Sunrise Mass Workout,Mass Workout,2026-05-26,Central,Y,Y
BKG002901,RESIDENT_01173,EVT008,Strength & Mobility,Workout Class,2026-04-11,Central,Y,Y
BKG000319,RESIDENT_00150,EVT004,Brisk Walk @ Park,Community Walk,2026-04-28,West,Y,Y
BKG000349,RESIDENT_00160,EVT005,Sundays@thePark,Community Walk,2026-05-27,West,Y,N
BKG001639,RESIDENT_00670,EVT008,Strength & Mobility,Workout Class,2026-06-19,North-East,Y,N
BKG001472,RESIDENT_00592,EVT010,Nutrition Talk,Talk,2026-06-19,Central,Y,N
BKG001574,RESIDENT_00643,EVT002,HIIT @ CC,Workout Class,2026-06-12,Central,Y,N
BKG002024,RESIDENT_00819,EVT008,Strength & Mobility,Workout Class,2026-06-04,Central,Y,Y
BKG003183,RESIDENT_01286,EVT003,Zumba Fiesta,Workout Class,2026-04-26,North-East,Y,Y
BKG001234,RESIDENT_00513,EVT005,Sundays@thePark,Community Walk,2026-04-24,East,Y,N
BKG003085,RESIDENT_01254,EVT002,HIIT @ CC,Workout Class,2026-04-09,North-East,Y,Y
BKG000237,RESIDENT_00106,EVT001,Sunrise Mass Workout,Mass Workout,2026-04-22,North-East,Y,Y
BKG002639,RESIDENT_01070,EVT007,Weekend Cycling,Community Ride,2026-06-19,North,Y,Y
BKG002327,RESIDENT_00934,EVT010,Nutrition Talk,Talk,2026-05-18,Central,Y,N
BKG000760,RESIDENT_00326,EVT002,HIIT @ CC,Workout Class,2026-05-04,West,Y,Y
BKG002130,RESIDENT_00861,EVT001,Sunrise Mass Workout,Mass Workout,2026-06-12,East,Y,Y
BKG002529,RESIDENT_01021,EVT004,Brisk Walk @ Park,Community Walk,2026-04-11,North-East,Y,N
BKG002005,RESIDENT_00814,EVT006,Aqua Aerobics,Workout Class,2026-06-06,North-East,Y,Y
BKG000445,RESIDENT_00200,EVT001,Sunrise Mass Workout,Mass Workout,2026-06-15,North,Y,N
BKG001817,RESIDENT_00748,EVT005,Sundays@thePark,Community Walk,2026-05-01,Central,Y,Y
BKG003184,RESIDENT_01287,EVT005,Sundays@thePark,Community Walk,2026-05-03,Central,Y,Y
BKG002187,RESIDENT_00880,EVT004,Brisk Walk @ Park,Community Walk,2026-06-02,Central,Y,Y
BKG000141,RESIDENT_00067,EVT010,Nutrition Talk,Talk,2026-04-07,North,Y,Y
BKG001068,RESIDENT_00447,EVT009,Health Screening Drive,Screening,2026-05-18,West,Y,Y
BKG002969,RESIDENT_01203,EVT004,Brisk Walk @ Park,Community Walk,2026-05-24,North-East,Y,N
BKG000444,RESIDENT_00199,EVT003,Zumba Fiesta,Workout Class,2026-06-01,North,Y,N
BKG002925,RESIDENT_01186,EVT010,Nutrition Talk,Talk,2026-05-09,East,Y,Y
BKG000850,RESIDENT_00363,EVT002,HIIT @ CC,Workout Class,2026-05-25,East,Y,Y
BKG003238,RESIDENT_01308,EVT003,Zumba Fiesta,Workout Class,2026-06-20,North-East,Y,Y
BKG000773,RESIDENT_00330,EVT007,Weekend Cycling,Community Ride,2026-04-22,North-East,Y,Y
BKG003023,RESIDENT_01224,EVT004,Brisk Walk @ Park,Community Walk,2026-05-02,North,Y,Y
BKG002165,RESIDENT_00871,EVT003,Zumba Fiesta,Workout Class,2026-04-08,West,Y,Y
BKG001051,RESIDENT_00441,EVT003,Zumba Fiesta,Workout Class,2026-05-20,Central,Y,Y
BKG002166,RESIDENT_00871,EVT009,Health Screening Drive,Screening,2026-05-07,West,Y,Y
BKG001557,RESIDENT_00637,EVT002,HIIT @ CC,Workout Class,2026-04-11,West,Y,N
BKG000935,RESIDENT_00393,EVT006,Aqua Aerobics,Workout Class,2026-06-17,West,Y,N
BKG000599,RESIDENT_00264,EVT002,HIIT @ CC,Workout Class,2026-05-01,East,Y,N
BKG000789,RESIDENT_00337,EVT005,Sundays@thePark,Community Walk,2026-05-21,East,Y,Y
BKG000382,RESIDENT_00174,EVT004,Brisk Walk @ Park,Community Walk,2026-04-28,Central,Y,Y
BKG002463,RESIDENT_00983,EVT009,Health Screening Drive,Screening,2026-05-03,Central,Y,Y
BKG001260,RESIDENT_00524,EVT010,Nutrition Talk,Talk,2026-05-24,Central,Y,Y
BKG002009,RESIDENT_00815,EVT004,Brisk Walk @ Park,Community Walk,2026-04-18,West,Y,Y
BKG002098,RESIDENT_00848,EVT007,Weekend Cycling,Community Ride,2026-06-03,North,Y,N
BKG003222,RESIDENT_01303,EVT005,Sundays@thePark,Community Walk,2026-06-08,West,Y,N
BKG002260,RESIDENT_00908,EVT004,Brisk Walk @ Park,Community Walk,2026-06-07,North,Y,Y
BKG002987,RESIDENT_01209,EVT003,Zumba Fiesta,Workout Class,2026-06-26,North-East,Y,N
BKG000864,RESIDENT_00367,EVT003,Zumba Fiesta,Workout Class,2026-05-03,North-East,Y,Y
BKG000650,RESIDENT_00280,EVT008,Strength & Mobility,Workout Class,2026-05-15,North-East,Y,Y
BKG003352,RESIDENT_01361,EVT003,Zumba Fiesta,Workout Class,2026-06-19,North,Y,N
BKG003260,RESIDENT_01318,EVT009,Health Screening Drive,Screening,2026-04-24,North-East,Y,Y
BKG002176,RESIDENT_00876,EVT008,Strength & Mobility,Workout Class,2026-06-19,Central,Y,Y
BKG000479,RESIDENT_00212,EVT008,Strength & Mobility,Workout Class,2026-06-13,North-East,Y,Y
BKG001856,RESIDENT_00763,EVT008,Strength & Mobility,Workout Class,2026-05-20,North-East,Y,Y
BKG000207,RESIDENT_00094,EVT004,Brisk Walk @ Park,Community Walk,2026-04-06,East,Y,Y
BKG003098,RESIDENT_01259,EVT009,Health Screening Drive,Screening,2026-04-14,East,Y,Y
BKG000213,RESIDENT_00097,EVT001,Sunrise Mass Workout,Mass Workout,2026-06-01,North-East,Y,Y
BKG001695,RESIDENT_00694,EVT008,Strength & Mobility,Workout Class,2026-04-20,East,Y,Y
BKG001732,RESIDENT_00711,EVT005,Sundays@thePark,Community Walk,2026-06-20,Central,Y,Y
BKG001062,RESIDENT_00446,EVT007,Weekend Cycling,Community Ride,2026-05-27,Central,Y,Y
BKG003323,RESIDENT_01349,EVT006,Aqua Aerobics,Workout Class,2026-04-10,Central,Y,N
BKG001288,RESIDENT_00534,EVT001,Sunrise Mass Workout,Mass Workout,2026-05-02,Central,Y,Y
BKG003041,RESIDENT_01233,EVT002,HIIT @ CC,Workout Class,2026-06-22,Central,Y,N
BKG001724,RESIDENT_00708,EVT009,Health Screening Drive,Screening,2026-06-02,East,Y,Y
BKG002132,RESIDENT_00861,EVT009,Health Screening Drive,Screening,2026-06-06,East,Y,Y
BKG003551,RESIDENT_01452,EVT004,Brisk Walk @ Park,Community Walk,2026-05-08,West,Y,N
BKG000621,RESIDENT_00271,EVT004,Brisk Walk @ Park,Community Walk,2026-06-06,East,Y,Y
BKG001970,RESIDENT_00802,EVT008,Strength & Mobility,Workout Class,2026-06-07,North-East,Y,Y
BKG001188,RESIDENT_00495,EVT008,Strength & Mobility,Workout Class,2026-05-23,East,Y,Y
BKG002753,RESIDENT_01118,EVT001,Sunrise Mass Workout,Mass Workout,2026-04-23,Central,Y,Y
BKG001599,RESIDENT_00657,EVT010,Nutrition Talk,Talk,2026-06-06,East,Y,N
BKG001197,RESIDENT_00499,EVT008,Strength & Mobility,Workout Class,2026-04-13,North-East,Y,Y
BKG002744,RESIDENT_01114,EVT006,Aqua Aerobics,Workout Class,2026-06-09,North,Y,N
BKG000305,RESIDENT_00144,EVT002,HIIT @ CC,Workout Class,2026-04-13,North-East,Y,Y
BKG003199,RESIDENT_01292,EVT005,Sundays@thePark,Community Walk,2026-05-22,West,Y,Y
BKG003093,RESIDENT_01256,EVT005,Sundays@thePark,Community Walk,2026-05-06,North,Y,Y
BKG001256,RESIDENT_00522,EVT008,Strength & Mobility,Workout Class,2026-04-28,North,Y,Y
BKG001635,RESIDENT_00668,EVT008,Strength & Mobility,Workout Class,2026-04-19,North-East,Y,Y
BKG001456,RESIDENT_00589,EVT006,Aqua Aerobics,Workout Class,2026-05-30,Central,Y,Y
BKG003080,RESIDENT_01253,EVT008,Strength & Mobility,Workout Class,2026-04-03,North-East,Y,N
BKG002926,RESIDENT_01187,EVT006,Aqua Aerobics,Workout Class,2026-06-22,Central,Y,Y
BKG003022,RESIDENT_01224,EVT009,Health Screening Drive,Screening,2026-04-03,North,Y,Y
BKG002932,RESIDENT_01188,EVT006,Aqua Aerobics,Workout Class,2026-04-23,North,Y,Y
BKG002714,RESIDENT_01105,EVT005,Sundays@thePark,Community Walk,2026-04-11,East,Y,Y
BKG003334,RESIDENT_01352,EVT003,Zumba Fiesta,Workout Class,2026-04-08,West,Y,N
BKG002055,RESIDENT_00835,EVT005,Sundays@thePark,Community Walk,2026-05-02,West,Y,N
BKG003077,RESIDENT_01252,EVT006,Aqua Aerobics,Workout Class,2026-06-21,West,Y,Y
BKG002155,RESIDENT_00869,EVT010,Nutrition Talk,Talk,2026-06-29,Central,Y,Y
BKG002418,RESIDENT_00963,EVT006,Aqua Aerobics,Workout Class,2026-05-12,Central,Y,N
BKG000980,RESIDENT_00412,EVT007,Weekend Cycling,Community Ride,2026-05-01,West,Y,N
BKG000805,RESIDENT_00344,EVT008,Strength & Mobility,Workout Class,2026-06-23,North,Y,N
BKG002930,RESIDENT_01188,EVT006,Aqua Aerobics,Workout Class,2026-04-19,North,Y,Y
BKG001119,RESIDENT_00466,EVT001,Sunrise Mass Workout,Mass Workout,2026-05-14,North-East,Y,Y
BKG001473,RESIDENT_00593,EVT003,Zumba Fiesta,Workout Class,2026-04-23,North,Y,Y
BKG003296,RESIDENT_01336,EVT002,HIIT @ CC,Workout Class,2026-06-05,East,Y,Y
BKG001907,RESIDENT_00782,EVT005,Sundays@thePark,Community Walk,2026-06-14,West,Y,N
BKG001808,RESIDENT_00747,EVT005,Sundays@thePark,Community Walk,2026-04-01,East,Y,Y
BKG001605,RESIDENT_00659,EVT010,Nutrition Talk,Talk,2026-06-26,North,Y,Y
BKG001981,RESIDENT_00804,EVT007,Weekend Cycling,Community Ride,2026-05-22,North,Y,Y
BKG000543,RESIDENT_00240,EVT003,Zumba Fiesta,Workout Class,2026-06-14,East,Y,Y
BKG001878,RESIDENT_00774,EVT009,Health Screening Drive,Screening,2026-05-25,West,Y,Y
BKG001271,RESIDENT_00529,EVT003,Zumba Fiesta,Workout Class,2026-04-16,East,Y,N
BKG001962,RESIDENT_00800,EVT006,Aqua Aerobics,Workout Class,2026-04-08,Central,Y,N
BKG000750,RESIDENT_00321,EVT005,Sundays@thePark,Community Walk,2026-04-17,West,Y,N
BKG002416,RESIDENT_00963,EVT008,Strength & Mobility,Workout Class,2026-04-10,West,Y,Y
BKG003359,RESIDENT_01363,EVT008,Strength & Mobility,Workout Class,2026-04-14,North,Y,Y
BKG003333,RESIDENT_01351,EVT009,Health Screening Drive,Screening,2026-06-07,North-East,Y,Y
BKG000500,RESIDENT_00226,EVT009,Health Screening Drive,Screening,2026-05-04,Central,Y,N
BKG003392,RESIDENT_01376,EVT008,Strength & Mobility,Workout Class,2026-05-04,North-East,Y,N
BKG003629,RESIDENT_01497,EVT001,Sunrise Mass Workout,Mass Workout,2026-06-16,Central,Y,N
BKG000804,RESIDENT_00344,EVT009,Health Screening Drive,Screening,2026-04-27,North,Y,Y
BKG000769,RESIDENT_00329,EVT010,Nutrition Talk,Talk,2026-05-01,North,Y,N
BKG000956,RESIDENT_00404,EVT005,Sundays@thePark,Community Walk,2026-06-25,West,Y,Y
BKG002818,RESIDENT_01143,EVT006,Aqua Aerobics,Workout Class,2026-04-20,West,Y,N
BKG000276,RESIDENT_00128,EVT001,Sunrise Mass Workout,Mass Workout,2026-06-22,East,Y,N
BKG001158,RESIDENT_00483,EVT004,Brisk Walk @ Park,Community Walk,2026-05-04,North,Y,N
BKG003142,RESIDENT_01273,EVT009,Health Screening Drive,Screening,2026-06-21,North-East,Y,N
BKG001796,RESIDENT_00740,EVT007,Weekend Cycling,Community Ride,2026-05-02,North,Y,Y
BKG000703,RESIDENT_00299,EVT005,Sundays@thePark,Community Walk,2026-04-24,Central,Y,Y
BKG001274,RESIDENT_00530,EVT002,HIIT @ CC,Workout Class,2026-05-28,North-East,Y,Y
BKG003549,RESIDENT_01452,EVT001,Sunrise Mass Workout,Mass Workout,2026-04-27,West,Y,Y
BKG000372,RESIDENT_00168,EVT002,HIIT @ CC,Workout Class,2026-06-07,Central,Y,N
BKG003095,RESIDENT_01257,EVT006,Aqua Aerobics,Workout Class,2026-06-24,Central,Y,Y
BKG000671,RESIDENT_00287,EVT009,Health Screening Drive,Screening,2026-06-18,West,Y,Y
BKG001025,RESIDENT_00433,EVT010,Nutrition Talk,Talk,2026-05-28,North,Y,Y
BKG000415,RESIDENT_00191,EVT005,Sundays@thePark,Community Walk,2026-06-17,North-East,Y,Y
BKG002153,RESIDENT_00868,EVT002,HIIT @ CC,Workout Class,2026-06-20,West,Y,Y
BKG002751,RESIDENT_01118,EVT003,Zumba Fiesta,Workout Class,2026-06-05,East,Y,Y
BKG000302,RESIDENT_00142,EVT007,Weekend Cycling,Community Ride,2026-05-11,North,Y,Y
BKG002202,RESIDENT_00884,EVT004,Brisk Walk @ Park,Community Walk,2026-05-18,Central,Y,Y
BKG002653,RESIDENT_01077,EVT005,Sundays@thePark,Community Walk,2026-04-23,Central,Y,Y
BKG001346,RESIDENT_00555,EVT010,Nutrition Talk,Talk,2026-04-11,West,Y,Y
BKG002113,RESIDENT_00853,EVT008,Strength & Mobility,Workout Class,2026-04-14,Central,Y,Y
BKG000176,RESIDENT_00081,EVT001,Sunrise Mass Workout,Mass Workout,2026-06-27,North,Y,Y
BKG001628,RESIDENT_00667,EVT002,HIIT @ CC,Workout Class,2026-05-20,East,Y,Y
BKG002631,RESIDENT_01063,EVT005,Sundays@thePark,Community Walk,2026-05-20,East,Y,Y
BKG003638,RESIDENT_01500,EVT005,Sundays@thePark,Community Walk,2026-06-19,Central,Y,Y
BKG003300,RESIDENT_01337,EVT007,Weekend Cycling,Community Ride,2026-06-17,North,Y,Y
BKG001378,RESIDENT_00567,EVT003,Zumba Fiesta,Workout Class,2026-04-25,West,Y,N
BKG001216,RESIDENT_00505,EVT006,Aqua Aerobics,Workout Class,2026-05-31,Central,Y,Y
BKG000582,RESIDENT_00257,EVT007,Weekend Cycling,Community Ride,2026-05-01,Central,Y,Y
BKG001434,RESIDENT_00583,EVT007,Weekend Cycling,Community Ride,2026-05-29,Central,Y,Y
BKG002524,RESIDENT_01016,EVT003,Zumba Fiesta,Workout Class,2026-05-06,Central,Y,Y
BKG001504,RESIDENT_00607,EVT002,HIIT @ CC,Workout Class,2026-06-04,North-East,Y,N
BKG002542,RESIDENT_01027,EVT002,HIIT @ CC,Workout Class,2026-05-01,West,Y,N
BKG003462,RESIDENT_01411,EVT004,Brisk Walk @ Park,Community Walk,2026-06-27,North-East,Y,N
BKG000840,RESIDENT_00360,EVT010,Nutrition Talk,Talk,2026-04-21,North-East,Y,N
BKG001638,RESIDENT_00669,EVT007,Weekend Cycling,Community Ride,2026-06-30,North,Y,Y
BKG003459,RESIDENT_01409,EVT004,Brisk Walk @ Park,Community Walk,2026-04-22,North,Y,Y
BKG000709,RESIDENT_00305,EVT004,Brisk Walk @ Park,Community Walk,2026-06-09,West,Y,Y
BKG000292,RESIDENT_00136,EVT008,Strength & Mobility,Workout Class,2026-04-22,East,Y,Y
BKG001884,RESIDENT_00775,EVT003,Zumba Fiesta,Workout Class,2026-04-12,Central,Y,N
BKG002451,RESIDENT_00976,EVT003,Zumba Fiesta,Workout Class,2026-04-06,East,Y,Y
BKG002059,RESIDENT_00836,EVT001,Sunrise Mass Workout,Mass Workout,2026-06-10,East,Y,Y
BKG001354,RESIDENT_00557,EVT002,HIIT @ CC,Workout Class,2026-04-12,West,Y,Y
BKG001454,RESIDENT_00589,EVT001,Sunrise Mass Workout,Mass Workout,2026-06-21,North,Y,Y
BKG001534,RESIDENT_00625,EVT001,Sunrise Mass Workout,Mass Workout,2026-04-01,Central,Y,Y
BKG003552,RESIDENT_01452,EVT009,Health Screening Drive,Screening,2026-04-02,West,Y,N
BKG001376,RESIDENT_00567,EVT002,HIIT @ CC,Workout Class,2026-05-27,West,Y,N
BKG001550,RESIDENT_00634,EVT002,HIIT @ CC,Workout Class,2026-06-13,Central,Y,Y
BKG001132,RESIDENT_00469,EVT010,Nutrition Talk,Talk,2026-05-18,West,Y,Y
BKG002365,RESIDENT_00948,EVT002,HIIT @ CC,Workout Class,2026-04-08,West,Y,N
BKG002544,RESIDENT_01028,EVT004,Brisk Walk @ Park,Community Walk,2026-04-14,Central,Y,N
BKG002441,RESIDENT_00973,EVT007,Weekend Cycling,Community Ride,2026-06-16,Central,Y,Y
BKG000640,RESIDENT_00279,EVT009,Health Screening Drive,Screening,2026-05-20,East,Y,Y
BKG002245,RESIDENT_00904,EVT010,Nutrition Talk,Talk,2026-05-16,Central,Y,Y
BKG001486,RESIDENT_00601,EVT008,Strength & Mobility,Workout Class,2026-06-16,Central,Y,Y
BKG000708,RESIDENT_00303,EVT002,HIIT @ CC,Workout Class,2026-06-08,East,Y,Y
BKG003221,RESIDENT_01303,EVT003,Zumba Fiesta,Workout Class,2026-06-19,West,Y,N
BKG002589,RESIDENT_01049,EVT009,Health Screening Drive,Screening,2026-05-01,West,Y,Y
BKG002404,RESIDENT_00959,EVT003,Zumba Fiesta,Workout Class,2026-04-12,East,Y,Y
BKG003019,RESIDENT_01222,EVT007,Weekend Cycling,Community Ride,2026-05-30,North-East,Y,N
BKG000489,RESIDENT_00221,EVT002,HIIT @ CC,Workout Class,2026-06-15,North-East,Y,Y
BKG003181,RESIDENT_01285,EVT009,Health Screening Drive,Screening,2026-05-02,North,Y,Y
BKG001715,RESIDENT_00706,EVT009,Health Screening Drive,Screening,2026-04-12,North-East,Y,Y
BKG001407,RESIDENT_00575,EVT003,Zumba Fiesta,Workout Class,2026-05-12,North,Y,Y
BKG001033,RESIDENT_00436,EVT008,Strength & Mobility,Workout Class,2026-06-26,East,Y,Y
BKG001143,RESIDENT_00474,EVT003,Zumba Fiesta,Workout Class,2026-06-20,North,Y,Y
BKG003052,RESIDENT_01242,EVT003,Zumba Fiesta,Workout Class,2026-06-09,East,Y,N
BKG001804,RESIDENT_00742,EVT005,Sundays@thePark,Community Walk,2026-06-26,Central,Y,N
BKG002729,RESIDENT_01110,EVT004,Brisk Walk @ Park,Community Walk,2026-04-13,North-East,Y,N
BKG002216,RESIDENT_00887,EVT002,HIIT @ CC,Workout Class,2026-06-18,North-East,Y,Y
BKG000520,RESIDENT_00233,EVT010,Nutrition Talk,Talk,2026-04-15,Central,Y,Y
BKG002312,RESIDENT_00929,EVT002,HIIT @ CC,Workout Class,2026-05-04,West,Y,Y
BKG002509,RESIDENT_01010,EVT002,HIIT @ CC,Workout Class,2026-05-14,North-East,Y,N
BKG001092,RESIDENT_00456,EVT003,Zumba Fiesta,Workout Class,2026-05-06,Central,Y,N
BKG001579,RESIDENT_00646,EVT002,HIIT @ CC,Workout Class,2026-04-11,North-East,Y,Y
BKG001399,RESIDENT_00573,EVT009,Health Screening Drive,Screening,2026-04-28,North-East,Y,Y
BKG000945,RESIDENT_00397,EVT006,Aqua Aerobics,Workout Class,2026-05-24,North-East,Y,Y
BKG000264,RESIDENT_00122,EVT001,Sunrise Mass Workout,Mass Workout,2026-05-24,West,Y,N
BKG001482,RESIDENT_00600,EVT003,Zumba Fiesta,Workout Class,2026-06-20,North,Y,Y
BKG002538,RESIDENT_01025,EVT006,Aqua Aerobics,Workout Class,2026-05-30,West,Y,Y
BKG002196,RESIDENT_00882,EVT007,Weekend Cycling,Community Ride,2026-05-10,Central,Y,Y
BKG003166,RESIDENT_01281,EVT006,Aqua Aerobics,Workout Class,2026-04-23,North,Y,Y
BKG002558,RESIDENT_01034,EVT008,Strength & Mobility,Workout Class,2026-04-28,North,Y,Y
BKG000798,RESIDENT_00341,EVT010,Nutrition Talk,Talk,2026-04-16,Central,Y,Y
BKG001404,RESIDENT_00574,EVT005,Sundays@thePark,Community Walk,2026-05-27,West,Y,Y
BKG001987,RESIDENT_00807,EVT003,Zumba Fiesta,Workout Class,2026-06-09,Central,Y,N
BKG003633,RESIDENT_01498,EVT003,Zumba Fiesta,Workout Class,2026-04-07,North-East,Y,N
BKG003627,RESIDENT_01497,EVT007,Weekend Cycling,Community Ride,2026-05-13,Central,Y,Y
BKG003557,RESIDENT_01458,EVT009,Health Screening Drive,Screening,2026-06-28,Central,Y,Y
BKG001302,RESIDENT_00540,EVT006,Aqua Aerobics,Workout Class,2026-06-06,Central,Y,N
BKG001661,RESIDENT_00678,EVT006,Aqua Aerobics,Workout Class,2026-06-16,North,Y,Y
BKG001394,RESIDENT_00573,EVT002,HIIT @ CC,Workout Class,2026-04-01,North-East,Y,Y
BKG002995,RESIDENT_01212,EVT005,Sundays@thePark,Community Walk,2026-05-09,Central,Y,Y
BKG003332,RESIDENT_01351,EVT009,Health Screening Drive,Screening,2026-06-18,North-East,Y,Y
BKG003630,RESIDENT_01497,EVT007,Weekend Cycling,Community Ride,2026-05-06,Central,Y,Y
BKG000505,RESIDENT_00228,EVT008,Strength & Mobility,Workout Class,2026-04-27,North,Y,Y
BKG000937,RESIDENT_00393,EVT007,Weekend Cycling,Community Ride,2026-04-09,Central,Y,Y
BKG000809,RESIDENT_00345,EVT003,Zumba Fiesta,Workout Class,2026-05-04,West,Y,N
BKG000052,RESIDENT_00022,EVT007,Weekend Cycling,Community Ride,2026-05-04,West,Y,Y
BKG001138,RESIDENT_00470,EVT001,Sunrise Mass Workout,Mass Workout,2026-04-06,North,Y,N
BKG002741,RESIDENT_01112,EVT001,Sunrise Mass Workout,Mass Workout,2026-05-20,West,Y,Y
BKG000560,RESIDENT_00251,EVT009,Health Screening Drive,Screening,2026-05-17,Central,Y,Y
BKG002459,RESIDENT_00980,EVT002,HIIT @ CC,Workout Class,2026-05-11,North-East,Y,Y
BKG003324,RESIDENT_01349,EVT004,Brisk Walk @ Park,Community Walk,2026-05-18,East,Y,N
BKG000502,RESIDENT_00227,EVT010,Nutrition Talk,Talk,2026-06-30,West,Y,N
BKG001222,RESIDENT_00509,EVT009,Health Screening Drive,Screening,2026-06-26,North-East,Y,Y
BKG000583,RESIDENT_00257,EVT008,Strength & Mobility,Workout Class,2026-05-29,Central,Y,Y
BKG001484,RESIDENT_00601,EVT002,HIIT @ CC,Workout Class,2026-04-18,West,Y,Y
BKG002809,RESIDENT_01140,EVT002,HIIT @ CC,Workout Class,2026-05-28,North-East,Y,Y
BKG003411,RESIDENT_01384,EVT005,Sundays@thePark,Community Walk,2026-05-02,Central,Y,Y
BKG001382,RESIDENT_00569,EVT007,Weekend Cycling,Community Ride,2026-06-25,East,Y,N
BKG003182,RESIDENT_01286,EVT004,Brisk Walk @ Park,Community Walk,2026-06-18,North-East,Y,N
BKG002688,RESIDENT_01094,EVT006,Aqua Aerobics,Workout Class,2026-06-06,West,Y,N
BKG003598,RESIDENT_01481,EVT009,Health Screening Drive,Screening,2026-06-11,East,Y,N
BKG001601,RESIDENT_00658,EVT002,HIIT @ CC,Workout Class,2026-05-10,West,Y,Y
BKG000991,RESIDENT_00416,EVT010,Nutrition Talk,Talk,2026-04-16,East,Y,Y
BKG001295,RESIDENT_00538,EVT008,Strength & Mobility,Workout Class,2026-06-14,North-East,Y,Y
BKG002225,RESIDENT_00894,EVT010,Nutrition Talk,Talk,2026-06-09,North-East,Y,N
BKG002662,RESIDENT_01080,EVT002,HIIT @ CC,Workout Class,2026-06-17,North-East,Y,Y
BKG001735,RESIDENT_00712,EVT004,Brisk Walk @ Park,Community Walk,2026-04-05,North-East,Y,Y
BKG001380,RESIDENT_00568,EVT007,Weekend Cycling,Community Ride,2026-06-30,Central,Y,Y
BKG003100,RESIDENT_01259,EVT009,Health Screening Drive,Screening,2026-05-30,East,Y,Y
BKG001888,RESIDENT_00775,EVT009,Health Screening Drive,Screening,2026-04-26,East,Y,N
BKG000847,RESIDENT_00363,EVT010,Nutrition Talk,Talk,2026-06-25,East,Y,Y
BKG002578,RESIDENT_01043,EVT007,Weekend Cycling,Community Ride,2026-04-12,East,Y,Y
BKG001948,RESIDENT_00795,EVT009,Health Screening Drive,Screening,2026-04-12,North-East,Y,N
BKG002405,RESIDENT_00959,EVT008,Strength & Mobility,Workout Class,2026-05-16,North-East,Y,Y
BKG000934,RESIDENT_00392,EVT003,Zumba Fiesta,Workout Class,2026-05-05,West,Y,Y
BKG002430,RESIDENT_00968,EVT008,Strength & Mobility,Workout Class,2026-04-22,Central,Y,N
BKG000115,RESIDENT_00049,EVT001,Sunrise Mass Workout,Mass Workout,2026-06-12,North-East,Y,Y
BKG003059,RESIDENT_01245,EVT005,Sundays@thePark,Community Walk,2026-06-04,Central,Y,Y
BKG002664,RESIDENT_01080,EVT006,Aqua Aerobics,Workout Class,2026-06-03,North-East,Y,Y
BKG002973,RESIDENT_01204,EVT009,Health Screening Drive,Screening,2026-05-26,North,Y,Y
BKG002523,RESIDENT_01016,EVT010,Nutrition Talk,Talk,2026-06-09,North-East,Y,Y
BKG002314,RESIDENT_00930,EVT004,Brisk Walk @ Park,Community Walk,2026-06-21,West,Y,N
BKG003346,RESIDENT_01359,EVT010,Nutrition Talk,Talk,2026-05-20,West,Y,N
BKG003343,RESIDENT_01358,EVT009,Health Screening Drive,Screening,2026-05-05,Central,Y,N
BKG000464,RESIDENT_00205,EVT007,Weekend Cycling,Community Ride,2026-05-13,West,Y,Y
BKG003383,RESIDENT_01374,EVT002,HIIT @ CC,Workout Class,2026-06-28,Central,Y,Y
BKG001023,RESIDENT_00430,EVT008,Strength & Mobility,Workout Class,2026-06-30,North-East,Y,N
BKG000035,RESIDENT_00015,EVT001,Sunrise Mass Workout,Mass Workout,2026-04-14,North-East,Y,Y
BKG000232,RESIDENT_00104,EVT005,Sundays@thePark,Community Walk,2026-06-12,Central,Y,N
BKG000346,RESIDENT_00158,EVT003,Zumba Fiesta,Workout Class,2026-05-20,West,Y,Y
BKG001733,RESIDENT_00712,EVT006,Aqua Aerobics,Workout Class,2026-06-01,North-East,Y,Y
BKG000443,RESIDENT_00199,EVT006,Aqua Aerobics,Workout Class,2026-06-17,North,Y,Y
BKG000950,RESIDENT_00398,EVT005,Sundays@thePark,Community Walk,2026-06-01,North,Y,Y
BKG000256,RESIDENT_00115,EVT010,Nutrition Talk,Talk,2026-04-25,Central,Y,N
BKG001428,RESIDENT_00580,EVT001,Sunrise Mass Workout,Mass Workout,2026-06-02,Central,Y,Y
BKG000530,RESIDENT_00236,EVT004,Brisk Walk @ Park,Community Walk,2026-06-02,Central,Y,Y
BKG000295,RESIDENT_00137,EVT010,Nutrition Talk,Talk,2026-06-11,Central,Y,N
BKG003088,RESIDENT_01254,EVT003,Zumba Fiesta,Workout Class,2026-04-05,North-East,Y,Y
BKG001536,RESIDENT_00626,EVT001,Sunrise Mass Workout,Mass Workout,2026-04-01,West,Y,Y
BKG002490,RESIDENT_00991,EVT006,Aqua Aerobics,Workout Class,2026-05-20,Central,Y,Y
BKG001663,RESIDENT_00678,EVT005,Sundays@thePark,Community Walk,2026-04-10,West,Y,N
BKG002248,RESIDENT_00904,EVT005,Sundays@thePark,Community Walk,2026-06-22,Central,Y,Y
BKG001749,RESIDENT_00719,EVT008,Strength & Mobility,Workout Class,2026-05-12,Central,Y,N
BKG002796,RESIDENT_01133,EVT009,Health Screening Drive,Screening,2026-06-24,West,Y,Y
BKG000423,RESIDENT_00195,EVT006,Aqua Aerobics,Workout Class,2026-05-24,West,Y,N
BKG002828,RESIDENT_01146,EVT007,Weekend Cycling,Community Ride,2026-05-26,North,Y,Y
BKG001501,RESIDENT_00605,EVT001,Sunrise Mass Workout,Mass Workout,2026-05-22,West,Y,Y
BKG003102,RESIDENT_01259,EVT002,HIIT @ CC,Workout Class,2026-06-02,Central,Y,Y
BKG002014,RESIDENT_00818,EVT005,Sundays@thePark,Community Walk,2026-04-20,East,Y,Y
BKG000636,RESIDENT_00277,EVT006,Aqua Aerobics,Workout Class,2026-05-19,North,Y,Y
BKG000085,RESIDENT_00037,EVT008,Strength & Mobility,Workout Class,2026-04-10,East,Y,N
BKG001141,RESIDENT_00472,EVT009,Health Screening Drive,Screening,2026-05-16,North-East,Y,Y
BKG002929,RESIDENT_01187,EVT006,Aqua Aerobics,Workout Class,2026-06-01,West,Y,Y
BKG003535,RESIDENT_01443,EVT005,Sundays@thePark,Community Walk,2026-06-11,Central,Y,Y
BKG002117,RESIDENT_00853,EVT002,HIIT @ CC,Workout Class,2026-05-11,North-East,Y,Y
BKG001700,RESIDENT_00699,EVT005,Sundays@thePark,Community Walk,2026-06-05,Central,Y,Y
BKG001592,RESIDENT_00653,EVT001,Sunrise Mass Workout,Mass Workout,2026-05-21,East,Y,N
BKG002598,RESIDENT_01051,EVT003,Zumba Fiesta,Workout Class,2026-04-14,North,Y,N
BKG003349,RESIDENT_01359,EVT003,Zumba Fiesta,Workout Class,2026-05-01,West,Y,Y
BKG001915,RESIDENT_00786,EVT001,Sunrise Mass Workout,Mass Workout,2026-04-03,Central,Y,Y
BKG001202,RESIDENT_00501,EVT009,Health Screening Drive,Screening,2026-06-20,East,Y,Y
BKG002604,RESIDENT_01052,EVT004,Brisk Walk @ Park,Community Walk,2026-04-29,North-East,Y,Y
BKG001993,RESIDENT_00809,EVT008,Strength & Mobility,Workout Class,2026-05-02,North,Y,N
BKG002070,RESIDENT_00837,EVT006,Aqua Aerobics,Workout Class,2026-04-17,North,Y,Y
BKG001609,RESIDENT_00660,EVT001,Sunrise Mass Workout,Mass Workout,2026-06-26,North,Y,N
BKG000519,RESIDENT_00232,EVT009,Health Screening Drive,Screening,2026-06-03,West,Y,Y
BKG002669,RESIDENT_01085,EVT004,Brisk Walk @ Park,Community Walk,2026-04-06,West,Y,Y
BKG000026,RESIDENT_00010,EVT008,Strength & Mobility,Workout Class,2026-04-12,Central,Y,N
BKG002161,RESIDENT_00870,EVT001,Sunrise Mass Workout,Mass Workout,2026-04-14,North-East,Y,Y
BKG000402,RESIDENT_00185,EVT004,Brisk Walk @ Park,Community Walk,2026-05-23,North-East,Y,N
BKG001837,RESIDENT_00756,EVT009,Health Screening Drive,Screening,2026-05-31,West,Y,Y
BKG003414,RESIDENT_01387,EVT002,HIIT @ CC,Workout Class,2026-06-12,North,Y,Y
BKG002197,RESIDENT_00882,EVT009,Health Screening Drive,Screening,2026-05-07,West,Y,Y
BKG002041,RESIDENT_00830,EVT007,Weekend Cycling,Community Ride,2026-05-24,Central,Y,N
BKG002806,RESIDENT_01140,EVT008,Strength & Mobility,Workout Class,2026-05-06,North,Y,Y
BKG001494,RESIDENT_00603,EVT007,Weekend Cycling,Community Ride,2026-04-29,West,Y,Y
BKG000420,RESIDENT_00194,EVT010,Nutrition Talk,Talk,2026-06-26,East,Y,Y
BKG003482,RESIDENT_01420,EVT003,Zumba Fiesta,Workout Class,2026-06-29,North-East,Y,Y
BKG000089,RESIDENT_00039,EVT001,Sunrise Mass Workout,Mass Workout,2026-06-01,Central,Y,Y
BKG002238,RESIDENT_00900,EVT007,Weekend Cycling,Community Ride,2026-06-06,North,Y,Y
BKG001278,RESIDENT_00532,EVT005,Sundays@thePark,Community Walk,2026-06-09,Central,Y,Y
BKG003169,RESIDENT_01282,EVT002,HIIT @ CC,Workout Class,2026-04-20,East,Y,Y
BKG000754,RESIDENT_00322,EVT004,Brisk Walk @ Park,Community Walk,2026-04-02,North-East,Y,Y
BKG000779,RESIDENT_00331,EVT009,Health Screening Drive,Screening,2026-05-21,North-East,Y,Y
BKG001215,RESIDENT_00505,EVT002,HIIT @ CC,Workout Class,2026-06-26,North,Y,N
BKG002933,RESIDENT_01188,EVT001,Sunrise Mass Workout,Mass Workout,2026-06-15,North,Y,Y
BKG000807,RESIDENT_00345,EVT008,Strength & Mobility,Workout Class,2026-04-24,West,Y,Y
BKG000669,RESIDENT_00286,EVT003,Zumba Fiesta,Workout Class,2026-06-06,East,Y,N
BKG000801,RESIDENT_00341,EVT001,Sunrise Mass Workout,Mass Workout,2026-06-30,North-East,Y,Y
BKG000701,RESIDENT_00299,EVT003,Zumba Fiesta,Workout Class,2026-06-02,North-East,Y,Y
BKG000054,RESIDENT_00022,EVT006,Aqua Aerobics,Workout Class,2026-04-08,West,Y,Y
BKG000175,RESIDENT_00081,EVT008,Strength & Mobility,Workout Class,2026-05-09,North,Y,Y
BKG001264,RESIDENT_00526,EVT001,Sunrise Mass Workout,Mass Workout,2026-05-22,North-East,Y,Y
BKG002276,RESIDENT_00920,EVT001,Sunrise Mass Workout,Mass Workout,2026-04-23,North-East,Y,Y
BKG000101,RESIDENT_00045,EVT010,Nutrition Talk,Talk,2026-05-25,North,Y,Y
BKG003068,RESIDENT_01248,EVT003,Zumba Fiesta,Workout Class,2026-06-04,Central,Y,Y
BKG000866,RESIDENT_00368,EVT003,Zumba Fiesta,Workout Class,2026-05-11,North-East,Y,Y
BKG001275,RESIDENT_00530,EVT005,Sundays@thePark,Community Walk,2026-05-01,North-East,Y,Y
BKG000563,RESIDENT_00251,EVT004,Brisk Walk @ Park,Community Walk,2026-04-12,Central,Y,Y
BKG003158,RESIDENT_01276,EVT010,Nutrition Talk,Talk,2026-04-02,West,Y,Y
BKG001252,RESIDENT_00522,EVT008,Strength & Mobility,Workout Class,2026-04-19,North,Y,Y
BKG003010,RESIDENT_01219,EVT008,Strength & Mobility,Workout Class,2026-06-22,West,Y,Y
BKG001470,RESIDENT_00591,EVT007,Weekend Cycling,Community Ride,2026-05-13,West,Y,Y
BKG002931,RESIDENT_01188,EVT002,HIIT @ CC,Workout Class,2026-04-20,North,Y,Y
BKG003040,RESIDENT_01233,EVT004,Brisk Walk @ Park,Community Walk,2026-05-17,Central,Y,Y
BKG002675,RESIDENT_01086,EVT006,Aqua Aerobics,Workout Class,2026-04-17,North-East,Y,Y
BKG000217,RESIDENT_00098,EVT002,HIIT @ CC,Workout Class,2026-05-27,Central,Y,Y
BKG002142,RESIDENT_00864,EVT010,Nutrition Talk,Talk,2026-04-03,East,Y,N
BKG001098,RESIDENT_00459,EVT009,Health Screening Drive,Screening,2026-05-01,West,Y,Y
BKG000450,RESIDENT_00202,EVT003,Zumba Fiesta,Workout Class,2026-04-26,North-East,Y,N
BKG001044,RESIDENT_00440,EVT002,HIIT @ CC,Workout Class,2026-06-12,North-East,Y,Y
BKG000841,RESIDENT_00360,EVT001,Sunrise Mass Workout,Mass Workout,2026-05-07,North-East,Y,Y
BKG000696,RESIDENT_00297,EVT008,Strength & Mobility,Workout Class,2026-04-09,North,Y,Y
BKG000749,RESIDENT_00321,EVT001,Sunrise Mass Workout,Mass Workout,2026-04-17,Central,Y,N
BKG001637,RESIDENT_00669,EVT007,Weekend Cycling,Community Ride,2026-05-23,North,Y,Y
BKG003564,RESIDENT_01461,EVT009,Health Screening Drive,Screening,2026-05-30,North,Y,Y
BKG002018,RESIDENT_00818,EVT001,Sunrise Mass Workout,Mass Workout,2026-04-15,East,Y,Y
BKG001556,RESIDENT_00636,EVT006,Aqua Aerobics,Workout Class,2026-05-31,West,Y,Y
BKG003149,RESIDENT_01274,EVT005,Sundays@thePark,Community Walk,2026-04-29,Central,Y,Y
BKG003350,RESIDENT_01360,EVT008,Strength & Mobility,Workout Class,2026-05-25,Central,Y,Y
BKG003498,RESIDENT_01427,EVT006,Aqua Aerobics,Workout Class,2026-04-27,North-East,Y,Y
BKG001079,RESIDENT_00450,EVT001,Sunrise Mass Workout,Mass Workout,2026-04-26,North,Y,Y
BKG002698,RESIDENT_01097,EVT002,HIIT @ CC,Workout Class,2026-06-19,Central,Y,Y
BKG002531,RESIDENT_01021,EVT002,HIIT @ CC,Workout Class,2026-04-11,North-East,Y,N
BKG001737,RESIDENT_00713,EVT010,Nutrition Talk,Talk,2026-06-25,West,Y,N
BKG001690,RESIDENT_00692,EVT001,Sunrise Mass Workout,Mass Workout,2026-06-30,West,Y,N
BKG001551,RESIDENT_00634,EVT002,HIIT @ CC,Workout Class,2026-05-08,Central,Y,N
BKG003213,RESIDENT_01300,EVT005,Sundays@thePark,Community Walk,2026-04-12,East,Y,Y
BKG002493,RESIDENT_00993,EVT008,Strength & Mobility,Workout Class,2026-06-21,East,Y,N
BKG002697,RESIDENT_01096,EVT009,Health Screening Drive,Screening,2026-04-23,North,Y,Y
BKG003530,RESIDENT_01442,EVT001,Sunrise Mass Workout,Mass Workout,2026-04-24,Central,Y,Y
BKG002626,RESIDENT_01058,EVT007,Weekend Cycling,Community Ride,2026-05-02,North,Y,Y
BKG001063,RESIDENT_00446,EVT001,Sunrise Mass Workout,Mass Workout,2026-05-11,Central,Y,N
BKG000516,RESIDENT_00232,EVT008,Strength & Mobility,Workout Class,2026-06-20,West,Y,Y
BKG000608,RESIDENT_00265,EVT007,Weekend Cycling,Community Ride,2026-05-01,East,Y,Y
BKG001315,RESIDENT_00544,EVT009,Health Screening Drive,Screening,2026-05-11,North-East,Y,Y
BKG003520,RESIDENT_01440,EVT001,Sunrise Mass Workout,Mass Workout,2026-04-28,East,Y,Y
BKG003234,RESIDENT_01307,EVT009,Health Screening Drive,Screening,2026-05-14,Central,Y,Y
BKG001594,RESIDENT_00655,EVT008,Strength & Mobility,Workout Class,2026-05-10,West,Y,N
BKG001159,RESIDENT_00484,EVT009,Health Screening Drive,Screening,2026-04-24,East,Y,N
BKG002453,RESIDENT_00978,EVT006,Aqua Aerobics,Workout Class,2026-06-27,North-East,Y,N
BKG002571,RESIDENT_01040,EVT002,HIIT @ CC,Workout Class,2026-06-01,East,Y,Y
BKG001674,RESIDENT_00684,EVT006,Aqua Aerobics,Workout Class,2026-04-07,East,Y,N
BKG001170,RESIDENT_00487,EVT008,Strength & Mobility,Workout Class,2026-06-24,Central,Y,N
BKG001495,RESIDENT_00603,EVT004,Brisk Walk @ Park,Community Walk,2026-05-15,North,Y,Y
BKG001758,RESIDENT_00726,EVT003,Zumba Fiesta,Workout Class,2026-04-02,East,Y,Y
BKG003439,RESIDENT_01396,EVT009,Health Screening Drive,Screening,2026-04-15,East,Y,Y
BKG002026,RESIDENT_00822,EVT009,Health Screening Drive,Screening,2026-05-28,East,Y,N
BKG001032,RESIDENT_00436,EVT005,Sundays@thePark,Community Walk,2026-05-02,East,Y,N
BKG000551,RESIDENT_00243,EVT005,Sundays@thePark,Community Walk,2026-05-18,North-East,Y,Y
BKG002230,RESIDENT_00898,EVT003,Zumba Fiesta,Workout Class,2026-04-19,North,Y,Y
BKG000925,RESIDENT_00390,EVT008,Strength & Mobility,Workout Class,2026-05-29,Central,Y,Y
BKG001955,RESIDENT_00799,EVT007,Weekend Cycling,Community Ride,2026-05-22,West,Y,Y
BKG000557,RESIDENT_00249,EVT008,Strength & Mobility,Workout Class,2026-05-11,West,Y,Y
BKG000698,RESIDENT_00297,EVT007,Weekend Cycling,Community Ride,2026-06-17,North,Y,Y
BKG001259,RESIDENT_00524,EVT009,Health Screening Drive,Screening,2026-06-06,East,Y,Y
BKG002591,RESIDENT_01049,EVT006,Aqua Aerobics,Workout Class,2026-06-01,West,Y,Y
BKG003467,RESIDENT_01413,EVT002,HIIT @ CC,Workout Class,2026-04-13,North-East,Y,N
BKG002048,RESIDENT_00832,EVT001,Sunrise Mass Workout,Mass Workout,2026-06-28,North-East,Y,Y
BKG003175,RESIDENT_01283,EVT003,Zumba Fiesta,Workout Class,2026-05-10,North,Y,Y
BKG001320,RESIDENT_00547,EVT008,Strength & Mobility,Workout Class,2026-06-08,Central,Y,Y
BKG000070,RESIDENT_00025,EVT002,HIIT @ CC,Workout Class,2026-04-23,West,Y,Y
BKG003000,RESIDENT_01215,EVT006,Aqua Aerobics,Workout Class,2026-05-21,East,Y,Y
BKG003122,RESIDENT_01265,EVT002,HIIT @ CC,Workout Class,2026-04-08,West,Y,N
BKG001435,RESIDENT_00583,EVT006,Aqua Aerobics,Workout Class,2026-05-08,East,Y,N
BKG003369,RESIDENT_01368,EVT005,Sundays@thePark,Community Walk,2026-04-21,Central,Y,Y
BKG002789,RESIDENT_01130,EVT004,Brisk Walk @ Park,Community Walk,2026-05-29,Central,Y,Y
BKG002337,RESIDENT_00937,EVT001,Sunrise Mass Workout,Mass Workout,2026-05-01,Central,Y,Y
BKG002269,RESIDENT_00915,EVT003,Zumba Fiesta,Workout Class,2026-05-14,Central,Y,Y
BKG000436,RESIDENT_00197,EVT006,Aqua Aerobics,Workout Class,2026-06-28,Central,Y,N
BKG000215,RESIDENT_00097,EVT006,Aqua Aerobics,Workout Class,2026-06-08,North-East,Y,Y
BKG002717,RESIDENT_01105,EVT003,Zumba Fiesta,Workout Class,2026-06-21,Central,Y,Y
BKG001802,RESIDENT_00741,EVT004,Brisk Walk @ Park,Community Walk,2026-06-20,East,Y,N
BKG002759,RESIDENT_01121,EVT001,Sunrise Mass Workout,Mass Workout,2026-05-20,North-East,Y,Y
BKG002136,RESIDENT_00863,EVT010,Nutrition Talk,Talk,2026-04-03,North,Y,N
BKG001620,RESIDENT_00663,EVT006,Aqua Aerobics,Workout Class,2026-06-11,North,Y,Y
BKG003244,RESIDENT_01310,EVT006,Aqua Aerobics,Workout Class,2026-06-02,West,Y,Y
BKG003119,RESIDENT_01263,EVT005,Sundays@thePark,Community Walk,2026-04-29,North,Y,Y
BKG002863,RESIDENT_01157,EVT005,Sundays@thePark,Community Walk,2026-04-30,North-East,Y,Y
BKG002204,RESIDENT_00884,EVT009,Health Screening Drive,Screening,2026-06-05,Central,Y,Y
BKG001670,RESIDENT_00682,EVT006,Aqua Aerobics,Workout Class,2026-06-14,North,Y,Y
BKG000932,RESIDENT_00392,EVT002,HIIT @ CC,Workout Class,2026-04-12,Central,Y,Y
BKG003164,RESIDENT_01280,EVT007,Weekend Cycling,Community Ride,2026-06-01,Central,Y,N
BKG000202,RESIDENT_00092,EVT010,Nutrition Talk,Talk,2026-06-22,North-East,Y,N
BKG003218,RESIDENT_01300,EVT008,Strength & Mobility,Workout Class,2026-05-31,East,Y,Y
BKG001883,RESIDENT_00775,EVT003,Zumba Fiesta,Workout Class,2026-04-08,East,Y,Y
BKG001885,RESIDENT_00775,EVT010,Nutrition Talk,Talk,2026-04-08,Central,Y,Y
BKG001024,RESIDENT_00432,EVT004,Brisk Walk @ Park,Community Walk,2026-04-21,Central,Y,Y
BKG002892,RESIDENT_01169,EVT003,Zumba Fiesta,Workout Class,2026-06-09,West,Y,N
BKG002052,RESIDENT_00834,EVT009,Health Screening Drive,Screening,2026-05-14,North-East,Y,Y
BKG002485,RESIDENT_00990,EVT001,Sunrise Mass Workout,Mass Workout,2026-06-16,North,Y,Y
BKG001593,RESIDENT_00654,EVT002,HIIT @ CC,Workout Class,2026-06-15,Central,Y,Y
BKG003490,RESIDENT_01424,EVT002,HIIT @ CC,Workout Class,2026-05-17,West,Y,Y
BKG002051,RESIDENT_00832,EVT007,Weekend Cycling,Community Ride,2026-04-24,North-East,Y,Y
BKG003443,RESIDENT_01398,EVT002,HIIT @ CC,Workout Class,2026-05-19,North-East,Y,Y
BKG003345,RESIDENT_01359,EVT003,Zumba Fiesta,Workout Class,2026-06-07,West,Y,Y
BKG002860,RESIDENT_01156,EVT008,Strength & Mobility,Workout Class,2026-04-29,North,Y,Y
BKG002053,RESIDENT_00834,EVT010,Nutrition Talk,Talk,2026-06-24,North-East,Y,Y
BKG000601,RESIDENT_00264,EVT007,Weekend Cycling,Community Ride,2026-06-04,East,Y,Y
BKG002116,RESIDENT_00853,EVT004,Brisk Walk @ Park,Community Walk,2026-05-18,Central,Y,Y
BKG000903,RESIDENT_00382,EVT006,Aqua Aerobics,Workout Class,2026-05-20,North,Y,Y
BKG001213,RESIDENT_00503,EVT008,Strength & Mobility,Workout Class,2026-06-08,North,Y,N
BKG001772,RESIDENT_00730,EVT004,Brisk Walk @ Park,Community Walk,2026-05-27,West,Y,N
BKG002820,RESIDENT_01144,EVT008,Strength & Mobility,Workout Class,2026-05-03,North-East,Y,Y
BKG000825,RESIDENT_00354,EVT010,Nutrition Talk,Talk,2026-05-28,West,Y,Y
BKG001146,RESIDENT_00475,EVT002,HIIT @ CC,Workout Class,2026-05-05,North,Y,N
BKG001502,RESIDENT_00605,EVT001,Sunrise Mass Workout,Mass Workout,2026-05-08,West,Y,N
BKG001476,RESIDENT_00595,EVT006,Aqua Aerobics,Workout Class,2026-04-21,West,Y,Y
BKG000032,RESIDENT_00014,EVT006,Aqua Aerobics,Workout Class,2026-06-03,North,Y,Y
BKG000919,RESIDENT_00389,EVT003,Zumba Fiesta,Workout Class,2026-04-24,West,Y,Y
BKG000397,RESIDENT_00181,EVT002,HIIT @ CC,Workout Class,2026-04-03,East,Y,N
BKG001342,RESIDENT_00554,EVT010,Nutrition Talk,Talk,2026-04-22,East,Y,Y
BKG000977,RESIDENT_00411,EVT006,Aqua Aerobics,Workout Class,2026-04-21,Central,Y,Y
BKG001872,RESIDENT_00771,EVT001,Sunrise Mass Workout,Mass Workout,2026-05-04,North-East,Y,Y
BKG001398,RESIDENT_00573,EVT005,Sundays@thePark,Community Walk,2026-04-04,North,Y,Y
BKG002434,RESIDENT_00970,EVT008,Strength & Mobility,Workout Class,2026-04-25,Central,Y,Y
BKG002734,RESIDENT_01111,EVT003,Zumba Fiesta,Workout Class,2026-05-29,Central,Y,Y
BKG000233,RESIDENT_00104,EVT001,Sunrise Mass Workout,Mass Workout,2026-06-19,Central,Y,N
BKG003536,RESIDENT_01443,EVT002,HIIT @ CC,Workout Class,2026-06-06,Central,Y,Y
BKG001989,RESIDENT_00808,EVT006,Aqua Aerobics,Workout Class,2026-05-24,North-East,Y,N
BKG003589,RESIDENT_01476,EVT009,Health Screening Drive,Screening,2026-06-17,North,Y,Y
BKG002552,RESIDENT_01032,EVT009,Health Screening Drive,Screening,2026-06-07,West,Y,N
BKG001999,RESIDENT_00812,EVT002,HIIT @ CC,Workout Class,2026-06-15,North-East,Y,N
BKG000857,RESIDENT_00366,EVT007,Weekend Cycling,Community Ride,2026-05-07,North,Y,Y
BKG000122,RESIDENT_00054,EVT006,Aqua Aerobics,Workout Class,2026-06-22,North,Y,N
BKG000721,RESIDENT_00309,EVT007,Weekend Cycling,Community Ride,2026-06-01,Central,Y,N
BKG001498,RESIDENT_00604,EVT004,Brisk Walk @ Park,Community Walk,2026-06-22,North-East,Y,Y
BKG001786,RESIDENT_00738,EVT007,Weekend Cycling,Community Ride,2026-06-24,North,Y,N
BKG002610,RESIDENT_01053,EVT002,HIIT @ CC,Workout Class,2026-06-15,Central,Y,Y
BKG002701,RESIDENT_01098,EVT004,Brisk Walk @ Park,Community Walk,2026-06-25,North,Y,Y
BKG002779,RESIDENT_01127,EVT010,Nutrition Talk,Talk,2026-06-03,Central,Y,Y
BKG003112,RESIDENT_01262,EVT008,Strength & Mobility,Workout Class,2026-04-21,North-East,Y,Y
BKG000737,RESIDENT_00315,EVT005,Sundays@thePark,Community Walk,2026-06-12,Central,Y,Y
BKG002850,RESIDENT_01154,EVT010,Nutrition Talk,Talk,2026-06-15,East,Y,Y
BKG001273,RESIDENT_00530,EVT004,Brisk Walk @ Park,Community Walk,2026-05-18,North-East,Y,N
BKG001280,RESIDENT_00532,EVT007,Weekend Cycling,Community Ride,2026-06-09,Central,Y,Y
BKG002953,RESIDENT_01195,EVT010,Nutrition Talk,Talk,2026-04-25,Central,Y,Y
BKG000371,RESIDENT_00168,EVT007,Weekend Cycling,Community Ride,2026-05-08,East,Y,Y
BKG003365,RESIDENT_01366,EVT002,HIIT @ CC,Workout Class,2026-05-18,North,Y,Y
BKG000581,RESIDENT_00257,EVT008,Strength & Mobility,Workout Class,2026-06-09,Central,Y,Y
BKG001362,RESIDENT_00560,EVT006,Aqua Aerobics,Workout Class,2026-04-10,Central,Y,N
BKG002807,RESIDENT_01140,EVT006,Aqua Aerobics,Workout Class,2026-04-07,North-East,Y,Y
BKG000338,RESIDENT_00155,EVT005,Sundays@thePark,Community Walk,2026-04-18,Central,Y,N
BKG001326,RESIDENT_00548,EVT006,Aqua Aerobics,Workout Class,2026-04-16,East,Y,Y
BKG001458,RESIDENT_00589,EVT007,Weekend Cycling,Community Ride,2026-05-20,North,Y,Y
BKG001667,RESIDENT_00682,EVT006,Aqua Aerobics,Workout Class,2026-04-30,North,Y,Y
BKG000294,RESIDENT_00137,EVT001,Sunrise Mass Workout,Mass Workout,2026-05-31,West,Y,N
BKG001007,RESIDENT_00424,EVT008,Strength & Mobility,Workout Class,2026-06-21,North,Y,Y
BKG002379,RESIDENT_00951,EVT004,Brisk Walk @ Park,Community Walk,2026-06-20,North,Y,Y
BKG001615,RESIDENT_00662,EVT005,Sundays@thePark,Community Walk,2026-06-27,North,Y,Y
BKG002782,RESIDENT_01128,EVT001,Sunrise Mass Workout,Mass Workout,2026-05-06,Central,Y,Y
BKG002870,RESIDENT_01158,EVT010,Nutrition Talk,Talk,2026-04-13,North,Y,Y
BKG002454,RESIDENT_00979,EVT007,Weekend Cycling,Community Ride,2026-04-22,East,Y,N
BKG002189,RESIDENT_00880,EVT008,Strength & Mobility,Workout Class,2026-04-21,Central,Y,Y
BKG000869,RESIDENT_00371,EVT004,Brisk Walk @ Park,Community Walk,2026-06-17,North-East,Y,Y
BKG000511,RESIDENT_00231,EVT009,Health Screening Drive,Screening,2026-04-17,North,Y,N
BKG002504,RESIDENT_01008,EVT010,Nutrition Talk,Talk,2026-06-05,East,Y,Y
BKG002549,RESIDENT_01029,EVT008,Strength & Mobility,Workout Class,2026-06-12,West,Y,Y
BKG002015,RESIDENT_00818,EVT005,Sundays@thePark,Community Walk,2026-05-03,East,Y,Y
BKG002219,RESIDENT_00889,EVT008,Strength & Mobility,Workout Class,2026-05-08,East,Y,Y
BKG002813,RESIDENT_01141,EVT005,Sundays@thePark,Community Walk,2026-05-20,East,Y,Y
BKG002823,RESIDENT_01146,EVT005,Sundays@thePark,Community Walk,2026-06-21,North-East,Y,Y
BKG003249,RESIDENT_01312,EVT004,Brisk Walk @ Park,Community Walk,2026-06-08,Central,Y,N
BKG001109,RESIDENT_00463,EVT008,Strength & Mobility,Workout Class,2026-06-15,North-East,Y,Y
BKG001279,RESIDENT_00532,EVT009,Health Screening Drive,Screening,2026-05-25,East,Y,Y
BKG000774,RESIDENT_00330,EVT009,Health Screening Drive,Screening,2026-06-26,East,Y,Y
BKG001447,RESIDENT_00586,EVT004,Brisk Walk @ Park,Community Walk,2026-04-19,North-East,Y,Y
BKG002910,RESIDENT_01176,EVT010,Nutrition Talk,Talk,2026-04-09,North-East,Y,N
BKG000403,RESIDENT_00185,EVT010,Nutrition Talk,Talk,2026-05-07,North-East,Y,Y
BKG003246,RESIDENT_01311,EVT006,Aqua Aerobics,Workout Class,2026-04-06,North-East,Y,Y
BKG001555,RESIDENT_00636,EVT004,Brisk Walk @ Park,Community Walk,2026-06-05,West,Y,Y
BKG003398,RESIDENT_01379,EVT002,HIIT @ CC,Workout Class,2026-05-12,East,Y,N
BKG000820,RESIDENT_00350,EVT003,Zumba Fiesta,Workout Class,2026-04-29,Central,Y,N
BKG002192,RESIDENT_00881,EVT006,Aqua Aerobics,Workout Class,2026-05-18,East,Y,N
BKG001702,RESIDENT_00699,EVT002,HIIT @ CC,Workout Class,2026-06-05,Central,Y,Y
BKG000299,RESIDENT_00139,EVT001,Sunrise Mass Workout,Mass Workout,2026-05-04,West,Y,Y
BKG000156,RESIDENT_00073,EVT001,Sunrise Mass Workout,Mass Workout,2026-06-28,East,Y,Y
BKG003268,RESIDENT_01320,EVT007,Weekend Cycling,Community Ride,2026-06-26,Central,Y,Y
BKG000127,RESIDENT_00057,EVT004,Brisk Walk @ Park,Community Walk,2026-06-25,North,Y,N
BKG000637,RESIDENT_00279,EVT009,Health Screening Drive,Screening,2026-05-20,East,Y,Y
BKG002909,RESIDENT_01176,EVT008,Strength & Mobility,Workout Class,2026-06-29,North-East,Y,N
BKG002822,RESIDENT_01146,EVT001,Sunrise Mass Workout,Mass Workout,2026-05-19,Central,Y,Y
BKG000071,RESIDENT_00026,EVT003,Zumba Fiesta,Workout Class,2026-06-01,North-East,Y,N
BKG000660,RESIDENT_00284,EVT005,Sundays@thePark,Community Walk,2026-05-30,North-East,Y,Y
BKG002308,RESIDENT_00929,EVT004,Brisk Walk @ Park,Community Walk,2026-05-16,West,Y,Y
BKG001578,RESIDENT_00645,EVT006,Aqua Aerobics,Workout Class,2026-04-07,North-East,Y,N
BKG003014,RESIDENT_01221,EVT002,HIIT @ CC,Workout Class,2026-06-11,Central,Y,N
BKG002614,RESIDENT_01055,EVT008,Strength & Mobility,Workout Class,2026-05-25,West,Y,N
BKG001510,RESIDENT_00613,EVT001,Sunrise Mass Workout,Mass Workout,2026-05-15,Central,Y,Y
BKG001424,RESIDENT_00579,EVT008,Strength & Mobility,Workout Class,2026-04-30,North,Y,Y
BKG002282,RESIDENT_00923,EVT008,Strength & Mobility,Workout Class,2026-06-06,West,Y,Y
BKG002377,RESIDENT_00951,EVT004,Brisk Walk @ Park,Community Walk,2026-04-30,North-East,Y,Y
BKG000816,RESIDENT_00349,EVT004,Brisk Walk @ Park,Community Walk,2026-05-18,Central,Y,Y
BKG003233,RESIDENT_01307,EVT006,Aqua Aerobics,Workout Class,2026-05-27,Central,Y,N
BKG003601,RESIDENT_01481,EVT003,Zumba Fiesta,Workout Class,2026-05-17,East,Y,N
BKG000381,RESIDENT_00174,EVT008,Strength & Mobility,Workout Class,2026-06-09,Central,Y,Y
BKG002411,RESIDENT_00961,EVT002,HIIT @ CC,Workout Class,2026-04-07,Central,Y,N
BKG001767,RESIDENT_00730,EVT001,Sunrise Mass Workout,Mass Workout,2026-06-02,West,Y,Y
BKG001711,RESIDENT_00703,EVT009,Health Screening Drive,Screening,2026-06-08,North,Y,Y
BKG000161,RESIDENT_00076,EVT006,Aqua Aerobics,Workout Class,2026-05-12,Central,Y,N
BKG003115,RESIDENT_01263,EVT004,Brisk Walk @ Park,Community Walk,2026-04-06,West,Y,Y
BKG001057,RESIDENT_00444,EVT002,HIIT @ CC,Workout Class,2026-05-09,North,Y,Y
BKG002945,RESIDENT_01194,EVT004,Brisk Walk @ Park,Community Walk,2026-05-08,North-East,Y,Y
BKG002559,RESIDENT_01034,EVT002,HIIT @ CC,Workout Class,2026-04-13,North,Y,Y
BKG002336,RESIDENT_00937,EVT008,Strength & Mobility,Workout Class,2026-05-04,North,Y,N
BKG002294,RESIDENT_00926,EVT007,Weekend Cycling,Community Ride,2026-06-13,Central,Y,Y
BKG003611,RESIDENT_01486,EVT001,Sunrise Mass Workout,Mass Workout,2026-06-19,West,Y,Y
BKG001933,RESIDENT_00793,EVT002,HIIT @ CC,Workout Class,2026-05-10,West,Y,Y
BKG001783,RESIDENT_00736,EVT001,Sunrise Mass Workout,Mass Workout,2026-04-08,West,Y,N
BKG000821,RESIDENT_00351,EVT007,Weekend Cycling,Community Ride,2026-06-24,North,Y,N
BKG000989,RESIDENT_00415,EVT010,Nutrition Talk,Talk,2026-05-20,North-East,Y,N
BKG000567,RESIDENT_00254,EVT008,Strength & Mobility,Workout Class,2026-04-07,West,Y,Y
BKG001722,RESIDENT_00708,EVT007,Weekend Cycling,Community Ride,2026-05-15,North-East,Y,Y
BKG001089,RESIDENT_00455,EVT001,Sunrise Mass Workout,Mass Workout,2026-05-18,North-East,Y,Y
BKG002286,RESIDENT_00923,EVT005,Sundays@thePark,Community Walk,2026-04-05,West,Y,Y
BKG000540,RESIDENT_00239,EVT007,Weekend Cycling,Community Ride,2026-06-12,Central,Y,Y
BKG000112,RESIDENT_00049,EVT009,Health Screening Drive,Screening,2026-05-15,Central,Y,Y
BKG002844,RESIDENT_01151,EVT004,Brisk Walk @ Park,Community Walk,2026-05-22,East,Y,Y
BKG000016,RESIDENT_00006,EVT005,Sundays@thePark,Community Walk,2026-04-01,North,Y,N
BKG002799,RESIDENT_01135,EVT009,Health Screening Drive,Screening,2026-06-22,East,Y,Y
BKG000117,RESIDENT_00051,EVT006,Aqua Aerobics,Workout Class,2026-06-19,East,Y,Y
BKG001045,RESIDENT_00440,EVT007,Weekend Cycling,Community Ride,2026-06-05,North,Y,Y
BKG002134,RESIDENT_00862,EVT007,Weekend Cycling,Community Ride,2026-04-14,North,Y,N
BKG001168,RESIDENT_00486,EVT010,Nutrition Talk,Talk,2026-06-09,Central,Y,Y
BKG003007,RESIDENT_01217,EVT005,Sundays@thePark,Community Walk,2026-06-01,West,Y,N
BKG000877,RESIDENT_00373,EVT010,Nutrition Talk,Talk,2026-05-20,East,Y,Y
BKG003245,RESIDENT_01311,EVT006,Aqua Aerobics,Workout Class,2026-05-25,North-East,Y,Y
BKG002887,RESIDENT_01166,EVT002,HIIT @ CC,Workout Class,2026-05-04,North,Y,Y
BKG001824,RESIDENT_00753,EVT004,Brisk Walk @ Park,Community Walk,2026-06-18,West,Y,Y
BKG003513,RESIDENT_01437,EVT004,Brisk Walk @ Park,Community Walk,2026-05-09,North-East,Y,Y
BKG002623,RESIDENT_01058,EVT009,Health Screening Drive,Screening,2026-06-21,North,Y,Y
BKG002111,RESIDENT_00852,EVT004,Brisk Walk @ Park,Community Walk,2026-05-02,East,Y,Y
BKG001352,RESIDENT_00556,EVT005,Sundays@thePark,Community Walk,2026-05-25,North-East,Y,Y
BKG001140,RESIDENT_00472,EVT003,Zumba Fiesta,Workout Class,2026-05-16,North-East,Y,Y
BKG000189,RESIDENT_00088,EVT007,Weekend Cycling,Community Ride,2026-05-26,East,Y,Y
BKG002527,RESIDENT_01019,EVT010,Nutrition Talk,Talk,2026-05-26,North,Y,N
BKG001194,RESIDENT_00499,EVT006,Aqua Aerobics,Workout Class,2026-04-20,East,Y,Y
BKG001839,RESIDENT_00756,EVT006,Aqua Aerobics,Workout Class,2026-06-16,West,Y,Y
BKG003614,RESIDENT_01486,EVT005,Sundays@thePark,Community Walk,2026-05-03,West,Y,Y
BKG003027,RESIDENT_01226,EVT001,Sunrise Mass Workout,Mass Workout,2026-05-25,North-East,Y,N
BKG001823,RESIDENT_00750,EVT003,Zumba Fiesta,Workout Class,2026-05-03,Central,Y,Y
BKG002804,RESIDENT_01139,EVT010,Nutrition Talk,Talk,2026-05-09,East,Y,Y
BKG001076,RESIDENT_00449,EVT004,Brisk Walk @ Park,Community Walk,2026-04-04,East,Y,Y
BKG001449,RESIDENT_00587,EVT008,Strength & Mobility,Workout Class,2026-06-26,East,Y,Y
BKG002569,RESIDENT_01040,EVT002,HIIT @ CC,Workout Class,2026-04-25,East,Y,Y
BKG002007,RESIDENT_00814,EVT007,Weekend Cycling,Community Ride,2026-05-22,North-East,Y,Y
BKG001956,RESIDENT_00799,EVT010,Nutrition Talk,Talk,2026-05-17,West,Y,Y
BKG002058,RESIDENT_00835,EVT002,HIIT @ CC,Workout Class,2026-06-04,West,Y,Y
BKG002160,RESIDENT_00870,EVT001,Sunrise Mass Workout,Mass Workout,2026-04-20,North-East,Y,Y
BKG003212,RESIDENT_01299,EVT003,Zumba Fiesta,Workout Class,2026-06-13,Central,Y,Y
BKG000941,RESIDENT_00395,EVT005,Sundays@thePark,Community Walk,2026-04-16,West,Y,N
BKG000484,RESIDENT_00215,EVT003,Zumba Fiesta,Workout Class,2026-04-23,West,Y,Y
BKG002620,RESIDENT_01056,EVT003,Zumba Fiesta,Workout Class,2026-04-22,Central,Y,N
BKG001145,RESIDENT_00474,EVT002,HIIT @ CC,Workout Class,2026-06-06,West,Y,Y
BKG003408,RESIDENT_01382,EVT005,Sundays@thePark,Community Walk,2026-06-13,North,Y,Y
BKG002739,RESIDENT_01112,EVT009,Health Screening Drive,Screening,2026-04-04,West,Y,Y
BKG003226,RESIDENT_01304,EVT005,Sundays@thePark,Community Walk,2026-06-20,East,Y,Y
BKG001321,RESIDENT_00547,EVT007,Weekend Cycling,Community Ride,2026-05-07,Central,Y,Y
BKG000098,RESIDENT_00044,EVT001,Sunrise Mass Workout,Mass Workout,2026-05-31,Central,Y,Y
BKG000635,RESIDENT_00277,EVT004,Brisk Walk @ Park,Community Walk,2026-04-01,North,Y,Y
BKG002063,RESIDENT_00836,EVT004,Brisk Walk @ Park,Community Walk,2026-06-05,East,Y,Y
BKG002239,RESIDENT_00902,EVT008,Strength & Mobility,Workout Class,2026-05-27,North,Y,Y
BKG001479,RESIDENT_00598,EVT006,Aqua Aerobics,Workout Class,2026-04-09,East,Y,Y
BKG000476,RESIDENT_00212,EVT001,Sunrise Mass Workout,Mass Workout,2026-04-18,East,Y,N
BKG002536,RESIDENT_01024,EVT009,Health Screening Drive,Screening,2026-06-03,North-East,Y,N
BKG001014,RESIDENT_00425,EVT008,Strength & Mobility,Workout Class,2026-05-14,Central,Y,Y
BKG000164,RESIDENT_00078,EVT005,Sundays@thePark,Community Walk,2026-04-14,Central,Y,N
BKG002054,RESIDENT_00834,EVT004,Brisk Walk @ Park,Community Walk,2026-06-20,North-East,Y,N
BKG000036,RESIDENT_00015,EVT005,Sundays@thePark,Community Walk,2026-05-05,East,Y,Y
BKG003257,RESIDENT_01316,EVT007,Weekend Cycling,Community Ride,2026-06-02,Central,Y,N
BKG000990,RESIDENT_00415,EVT005,Sundays@thePark,Community Walk,2026-05-07,Central,Y,Y
BKG000736,RESIDENT_00315,EVT008,Strength & Mobility,Workout Class,2026-06-18,Central,Y,Y
BKG001400,RESIDENT_00573,EVT005,Sundays@thePark,Community Walk,2026-05-02,North-East,Y,Y
BKG003283,RESIDENT_01329,EVT004,Brisk Walk @ Park,Community Walk,2026-06-07,North-East,Y,Y
BKG003157,RESIDENT_01276,EVT009,Health Screening Drive,Screening,2026-04-08,North,Y,Y
BKG001099,RESIDENT_00460,EVT006,Aqua Aerobics,Workout Class,2026-04-14,North,Y,N
BKG000028,RESIDENT_00013,EVT005,Sundays@thePark,Community Walk,2026-06-02,West,Y,Y
BKG002486,RESIDENT_00990,EVT008,Strength & Mobility,Workout Class,2026-05-08,North,Y,N
BKG000901,RESIDENT_00382,EVT004,Brisk Walk @ Park,Community Walk,2026-06-08,North,Y,Y
BKG003066,RESIDENT_01248,EVT001,Sunrise Mass Workout,Mass Workout,2026-04-11,Central,Y,Y
BKG003140,RESIDENT_01272,EVT005,Sundays@thePark,Community Walk,2026-04-04,West,Y,Y
BKG000776,RESIDENT_00330,EVT003,Zumba Fiesta,Workout Class,2026-04-07,North-East,Y,N
BKG000746,RESIDENT_00320,EVT002,HIIT @ CC,Workout Class,2026-06-02,Central,Y,Y
BKG001492,RESIDENT_00603,EVT008,Strength & Mobility,Workout Class,2026-04-07,West,Y,Y
BKG002249,RESIDENT_00906,EVT008,Strength & Mobility,Workout Class,2026-06-14,North-East,Y,Y
BKG001904,RESIDENT_00781,EVT002,HIIT @ CC,Workout Class,2026-04-27,North,Y,Y
BKG000687,RESIDENT_00293,EVT004,Brisk Walk @ Park,Community Walk,2026-04-08,North,Y,Y
BKG000983,RESIDENT_00413,EVT006,Aqua Aerobics,Workout Class,2026-06-11,North-East,Y,Y
BKG001971,RESIDENT_00802,EVT004,Brisk Walk @ Park,Community Walk,2026-04-11,Central,Y,Y
BKG003579,RESIDENT_01470,EVT003,Zumba Fiesta,Workout Class,2026-05-31,Central,Y,Y
BKG001951,RESIDENT_00797,EVT006,Aqua Aerobics,Workout Class,2026-06-02,Central,Y,N
BKG001867,RESIDENT_00770,EVT009,Health Screening Drive,Screening,2026-06-16,West,Y,Y
BKG001155,RESIDENT_00479,EVT005,Sundays@thePark,Community Walk,2026-04-16,Central,Y,Y
BKG003613,RESIDENT_01486,EVT005,Sundays@thePark,Community Walk,2026-05-09,Central,Y,Y
BKG000856,RESIDENT_00366,EVT004,Brisk Walk @ Park,Community Walk,2026-06-07,Central,Y,Y
BKG001509,RESIDENT_00613,EVT001,Sunrise Mass Workout,Mass Workout,2026-04-14,Central,Y,N
BKG001882,RESIDENT_00774,EVT003,Zumba Fiesta,Workout Class,2026-05-01,North,Y,Y
BKG002106,RESIDENT_00851,EVT002,HIIT @ CC,Workout Class,2026-05-24,North-East,Y,N
BKG000214,RESIDENT_00097,EVT002,HIIT @ CC,Workout Class,2026-05-06,North-East,Y,Y
BKG002974,RESIDENT_01204,EVT006,Aqua Aerobics,Workout Class,2026-06-03,North,Y,Y
BKG002609,RESIDENT_01053,EVT005,Sundays@thePark,Community Walk,2026-05-21,West,Y,Y
BKG002467,RESIDENT_00985,EVT004,Brisk Walk @ Park,Community Walk,2026-05-14,Central,Y,N
BKG001410,RESIDENT_00577,EVT008,Strength & Mobility,Workout Class,2026-05-14,East,Y,Y
BKG002042,RESIDENT_00830,EVT006,Aqua Aerobics,Workout Class,2026-04-10,Central,Y,Y
BKG001133,RESIDENT_00469,EVT004,Brisk Walk @ Park,Community Walk,2026-05-20,West,Y,Y
BKG001776,RESIDENT_00734,EVT004,Brisk Walk @ Park,Community Walk,2026-05-11,West,Y,Y
BKG000151,RESIDENT_00071,EVT010,Nutrition Talk,Talk,2026-04-11,Central,Y,Y
BKG001122,RESIDENT_00466,EVT004,Brisk Walk @ Park,Community Walk,2026-05-26,North-East,Y,Y
BKG002851,RESIDENT_01154,EVT007,Weekend Cycling,Community Ride,2026-06-21,Central,Y,Y
BKG000320,RESIDENT_00150,EVT002,HIIT @ CC,Workout Class,2026-05-04,West,Y,Y
BKG000730,RESIDENT_00312,EVT003,Zumba Fiesta,Workout Class,2026-06-26,North,Y,Y
BKG000904,RESIDENT_00383,EVT010,Nutrition Talk,Talk,2026-05-04,West,Y,N
BKG002253,RESIDENT_00907,EVT005,Sundays@thePark,Community Walk,2026-06-09,West,Y,N
BKG003086,RESIDENT_01254,EVT008,Strength & Mobility,Workout Class,2026-06-29,North-East,Y,Y
BKG000421,RESIDENT_00194,EVT010,Nutrition Talk,Talk,2026-04-26,East,Y,Y
BKG002488,RESIDENT_00990,EVT003,Zumba Fiesta,Workout Class,2026-04-07,North,Y,Y
BKG003162,RESIDENT_01279,EVT001,Sunrise Mass Workout,Mass Workout,2026-06-05,West,Y,N
BKG000838,RESIDENT_00358,EVT001,Sunrise Mass Workout,Mass Workout,2026-04-26,Central,Y,N
BKG001591,RESIDENT_00653,EVT002,HIIT @ CC,Workout Class,2026-04-18,East,Y,Y
BKG000179,RESIDENT_00083,EVT009,Health Screening Drive,Screening,2026-04-08,North,Y,Y
BKG001750,RESIDENT_00720,EVT004,Brisk Walk @ Park,Community Walk,2026-05-26,West,Y,Y
BKG002768,RESIDENT_01124,EVT010,Nutrition Talk,Talk,2026-05-06,East,Y,Y
BKG000910,RESIDENT_00386,EVT003,Zumba Fiesta,Workout Class,2026-04-17,North,Y,Y
BKG000106,RESIDENT_00047,EVT007,Weekend Cycling,Community Ride,2026-06-01,Central,Y,Y
BKG002126,RESIDENT_00858,EVT007,Weekend Cycling,Community Ride,2026-04-15,East,Y,Y
BKG000134,RESIDENT_00062,EVT005,Sundays@thePark,Community Walk,2026-04-10,Central,Y,N
BKG001762,RESIDENT_00726,EVT002,HIIT @ CC,Workout Class,2026-06-02,East,Y,Y
BKG003519,RESIDENT_01440,EVT008,Strength & Mobility,Workout Class,2026-04-27,East,Y,Y
BKG003370,RESIDENT_01368,EVT007,Weekend Cycling,Community Ride,2026-05-09,Central,Y,Y
BKG001561,RESIDENT_00638,EVT002,HIIT @ CC,Workout Class,2026-06-24,North,Y,Y
BKG000116,RESIDENT_00049,EVT004,Brisk Walk @ Park,Community Walk,2026-05-29,North-East,Y,Y
BKG000735,RESIDENT_00314,EVT008,Strength & Mobility,Workout Class,2026-06-26,Central,Y,Y
BKG002049,RESIDENT_00832,EVT010,Nutrition Talk,Talk,2026-04-14,North-East,Y,Y
BKG003134,RESIDENT_01269,EVT006,Aqua Aerobics,Workout Class,2026-05-18,East,Y,Y
BKG003319,RESIDENT_01344,EVT009,Health Screening Drive,Screening,2026-05-15,North-East,Y,N
BKG002348,RESIDENT_00940,EVT001,Sunrise Mass Workout,Mass Workout,2026-05-20,North,Y,N
BKG002095,RESIDENT_00848,EVT004,Brisk Walk @ Park,Community Walk,2026-04-09,North,Y,N
BKG001521,RESIDENT_00616,EVT006,Aqua Aerobics,Workout Class,2026-05-11,Central,Y,Y
BKG001489,RESIDENT_00603,EVT001,Sunrise Mass Workout,Mass Workout,2026-06-01,Central,Y,Y
BKG001374,RESIDENT_00566,EVT005,Sundays@thePark,Community Walk,2026-06-28,North-East,Y,N
BKG000963,RESIDENT_00406,EVT001,Sunrise Mass Workout,Mass Workout,2026-04-23,East,Y,N
BKG001034,RESIDENT_00437,EVT004,Brisk Walk @ Park,Community Walk,2026-04-11,East,Y,Y
BKG000467,RESIDENT_00208,EVT007,Weekend Cycling,Community Ride,2026-04-24,West,Y,Y
BKG001270,RESIDENT_00528,EVT010,Nutrition Talk,Talk,2026-04-01,Central,Y,Y
BKG002760,RESIDENT_01121,EVT002,HIIT @ CC,Workout Class,2026-06-08,North-East,Y,Y
BKG001580,RESIDENT_00646,EVT009,Health Screening Drive,Screening,2026-05-27,North,Y,Y
BKG002827,RESIDENT_01146,EVT008,Strength & Mobility,Workout Class,2026-04-23,West,Y,Y
BKG003548,RESIDENT_01451,EVT007,Weekend Cycling,Community Ride,2026-05-11,East,Y,N
BKG001488,RESIDENT_00601,EVT002,HIIT @ CC,Workout Class,2026-04-12,West,Y,Y
BKG001460,RESIDENT_00590,EVT005,Sundays@thePark,Community Walk,2026-05-15,Central,Y,Y
BKG001072,RESIDENT_00448,EVT004,Brisk Walk @ Park,Community Walk,2026-05-31,West,Y,N
BKG002719,RESIDENT_01107,EVT009,Health Screening Drive,Screening,2026-06-14,North-East,Y,Y
BKG003225,RESIDENT_01304,EVT005,Sundays@thePark,Community Walk,2026-04-05,North-East,Y,N
BKG000786,RESIDENT_00336,EVT010,Nutrition Talk,Talk,2026-04-11,East,Y,N
BKG000339,RESIDENT_00156,EVT009,Health Screening Drive,Screening,2026-06-17,Central,Y,Y
BKG002976,RESIDENT_01204,EVT005,Sundays@thePark,Community Walk,2026-05-13,North,Y,Y
BKG002625,RESIDENT_01058,EVT008,Strength & Mobility,Workout Class,2026-04-05,North,Y,Y
BKG000125,RESIDENT_00056,EVT008,Strength & Mobility,Workout Class,2026-05-21,Central,Y,Y
BKG002217,RESIDENT_00887,EVT008,Strength & Mobility,Workout Class,2026-06-21,Central,Y,Y
BKG001576,RESIDENT_00644,EVT003,Zumba Fiesta,Workout Class,2026-06-24,Central,Y,Y
BKG002496,RESIDENT_00999,EVT004,Brisk Walk @ Park,Community Walk,2026-05-13,East,Y,N
BKG001953,RESIDENT_00798,EVT002,HIIT @ CC,Workout Class,2026-04-30,West,Y,N
BKG001924,RESIDENT_00789,EVT001,Sunrise Mass Workout,Mass Workout,2026-05-22,Central,Y,Y
BKG002442,RESIDENT_00973,EVT006,Aqua Aerobics,Workout Class,2026-06-01,Central,Y,Y
BKG002737,RESIDENT_01112,EVT007,Weekend Cycling,Community Ride,2026-06-18,North,Y,Y
BKG001716,RESIDENT_00706,EVT001,Sunrise Mass Workout,Mass Workout,2026-04-09,East,Y,Y
BKG002489,RESIDENT_00990,EVT010,Nutrition Talk,Talk,2026-04-12,North,Y,Y
BKG001641,RESIDENT_00672,EVT010,Nutrition Talk,Talk,2026-05-07,North-East,Y,N
BKG000343,RESIDENT_00157,EVT006,Aqua Aerobics,Workout Class,2026-05-10,West,Y,Y
BKG003342,RESIDENT_01358,EVT009,Health Screening Drive,Screening,2026-06-27,Central,Y,N
BKG002078,RESIDENT_00839,EVT003,Zumba Fiesta,Workout Class,2026-05-17,West,Y,N
BKG000702,RESIDENT_00299,EVT004,Brisk Walk @ Park,Community Walk,2026-04-07,Central,Y,Y
BKG002274,RESIDENT_00917,EVT003,Zumba Fiesta,Workout Class,2026-05-14,Central,Y,N
BKG000211,RESIDENT_00094,EVT009,Health Screening Drive,Screening,2026-05-07,East,Y,Y
BKG002855,RESIDENT_01155,EVT010,Nutrition Talk,Talk,2026-06-05,West,Y,Y
BKG000670,RESIDENT_00287,EVT010,Nutrition Talk,Talk,2026-04-28,Central,Y,Y
BKG003621,RESIDENT_01494,EVT002,HIIT @ CC,Workout Class,2026-05-16,East,Y,N
BKG002546,RESIDENT_01029,EVT008,Strength & Mobility,Workout Class,2026-05-10,West,Y,Y
BKG001281,RESIDENT_00533,EVT007,Weekend Cycling,Community Ride,2026-06-17,Central,Y,Y
BKG002210,RESIDENT_00886,EVT002,HIIT @ CC,Workout Class,2026-05-02,North,Y,N
BKG000554,RESIDENT_00245,EVT006,Aqua Aerobics,Workout Class,2026-05-03,Central,Y,Y
BKG001734,RESIDENT_00712,EVT007,Weekend Cycling,Community Ride,2026-04-19,North-East,Y,Y
BKG002707,RESIDENT_01102,EVT003,Zumba Fiesta,Workout Class,2026-06-04,North-East,Y,Y
BKG000461,RESIDENT_00205,EVT010,Nutrition Talk,Talk,2026-04-27,West,Y,Y
BKG001818,RESIDENT_00748,EVT004,Brisk Walk @ Park,Community Walk,2026-04-02,East,Y,Y
BKG001736,RESIDENT_00712,EVT002,HIIT @ CC,Workout Class,2026-06-28,North-East,Y,Y
BKG000373,RESIDENT_00168,EVT009,Health Screening Drive,Screening,2026-05-21,East,Y,Y
BKG000915,RESIDENT_00387,EVT002,HIIT @ CC,Workout Class,2026-05-13,North-East,Y,N
BKG002085,RESIDENT_00844,EVT007,Weekend Cycling,Community Ride,2026-05-28,West,Y,N
BKG002712,RESIDENT_01105,EVT004,Brisk Walk @ Park,Community Walk,2026-05-22,East,Y,Y
BKG003358,RESIDENT_01363,EVT005,Sundays@thePark,Community Walk,2026-05-11,East,Y,Y
BKG000249,RESIDENT_00110,EVT010,Nutrition Talk,Talk,2026-06-24,East,Y,Y
BKG000077,RESIDENT_00029,EVT006,Aqua Aerobics,Workout Class,2026-05-03,Central,Y,Y
BKG000358,RESIDENT_00163,EVT008,Strength & Mobility,Workout Class,2026-05-13,North-East,Y,N
BKG003451,RESIDENT_01404,EVT001,Sunrise Mass Workout,Mass Workout,2026-04-26,West,Y,Y
BKG003269,RESIDENT_01320,EVT002,HIIT @ CC,Workout Class,2026-05-23,North-East,Y,Y
BKG001658,RESIDENT_00677,EVT010,Nutrition Talk,Talk,2026-04-17,North-East,Y,Y
BKG002792,RESIDENT_01131,EVT010,Nutrition Talk,Talk,2026-05-26,North-East,Y,Y
BKG001381,RESIDENT_00568,EVT005,Sundays@thePark,Community Walk,2026-05-24,Central,Y,Y
BKG003356,RESIDENT_01363,EVT002,HIIT @ CC,Workout Class,2026-06-19,North-East,Y,Y
BKG002814,RESIDENT_01141,EVT003,Zumba Fiesta,Workout Class,2026-06-28,Central,Y,Y
BKG002104,RESIDENT_00850,EVT002,HIIT @ CC,Workout Class,2026-04-07,East,Y,Y
BKG000306,RESIDENT_00144,EVT005,Sundays@thePark,Community Walk,2026-06-16,East,Y,Y
BKG000818,RESIDENT_00349,EVT004,Brisk Walk @ Park,Community Walk,2026-06-28,East,Y,Y
BKG003354,RESIDENT_01363,EVT005,Sundays@thePark,Community Walk,2026-06-05,Central,Y,Y
BKG002361,RESIDENT_00945,EVT008,Strength & Mobility,Workout Class,2026-06-17,Central,Y,Y
BKG000241,RESIDENT_00107,EVT001,Sunrise Mass Workout,Mass Workout,2026-04-21,Central,Y,Y
BKG000862,RESIDENT_00367,EVT003,Zumba Fiesta,Workout Class,2026-04-20,North-East,Y,Y
BKG001392,RESIDENT_00572,EVT001,Sunrise Mass Workout,Mass Workout,2026-05-11,North,Y,Y
BKG000665,RESIDENT_00285,EVT008,Strength & Mobility,Workout Class,2026-04-21,East,Y,Y
BKG001506,RESIDENT_00610,EVT005,Sundays@thePark,Community Walk,2026-05-21,North-East,Y,Y
BKG001803,RESIDENT_00741,EVT006,Aqua Aerobics,Workout Class,2026-06-11,East,Y,Y
BKG000596,RESIDENT_00264,EVT009,Health Screening Drive,Screening,2026-05-31,East,Y,Y
BKG002557,RESIDENT_01033,EVT004,Brisk Walk @ Park,Community Walk,2026-04-12,North,Y,Y
BKG002709,RESIDENT_01103,EVT001,Sunrise Mass Workout,Mass Workout,2026-04-30,West,Y,N
BKG000007,RESIDENT_00002,EVT005,Sundays@thePark,Community Walk,2026-04-09,Central,Y,Y
BKG002287,RESIDENT_00925,EVT002,HIIT @ CC,Workout Class,2026-06-06,West,Y,Y
BKG000933,RESIDENT_00392,EVT010,Nutrition Talk,Talk,2026-05-13,West,Y,Y
BKG002464,RESIDENT_00983,EVT004,Brisk Walk @ Park,Community Walk,2026-06-26,East,Y,Y
BKG003541,RESIDENT_01448,EVT009,Health Screening Drive,Screening,2026-06-27,North-East,Y,N
BKG002829,RESIDENT_01147,EVT004,Brisk Walk @ Park,Community Walk,2026-04-03,East,Y,Y
BKG001886,RESIDENT_00775,EVT007,Weekend Cycling,Community Ride,2026-06-24,North-East,Y,Y
BKG003320,RESIDENT_01345,EVT002,HIIT @ CC,Workout Class,2026-05-03,West,Y,N
BKG002636,RESIDENT_01069,EVT002,HIIT @ CC,Workout Class,2026-05-19,West,Y,N
BKG001123,RESIDENT_00467,EVT003,Zumba Fiesta,Workout Class,2026-04-19,West,Y,Y
BKG001977,RESIDENT_00803,EVT010,Nutrition Talk,Talk,2026-06-22,East,Y,Y
BKG001535,RESIDENT_00626,EVT009,Health Screening Drive,Screening,2026-05-02,West,Y,Y
BKG000045,RESIDENT_00019,EVT002,HIIT @ CC,Workout Class,2026-04-09,West,Y,Y
BKG001564,RESIDENT_00640,EVT010,Nutrition Talk,Talk,2026-04-15,North-East,Y,Y
BKG000585,RESIDENT_00259,EVT003,Zumba Fiesta,Workout Class,2026-04-19,Central,Y,Y
BKG001433,RESIDENT_00582,EVT009,Health Screening Drive,Screening,2026-05-09,North,Y,N
BKG002730,RESIDENT_01110,EVT008,Strength & Mobility,Workout Class,2026-05-06,North-East,Y,N
BKG002168,RESIDENT_00871,EVT003,Zumba Fiesta,Workout Class,2026-05-09,West,Y,N
BKG002694,RESIDENT_01095,EVT006,Aqua Aerobics,Workout Class,2026-04-28,North,Y,Y
BKG001102,RESIDENT_00460,EVT009,Health Screening Drive,Screening,2026-06-25,North,Y,N
BKG001944,RESIDENT_00794,EVT008,Strength & Mobility,Workout Class,2026-06-12,North,Y,Y
