redemption_id,resident_id,redeemed_date,merchant,merchant_category,voucher_value_sgd,healthpoints_spent
EV000475,RESIDENT_00280,2026-05-01,Kopitiam,Food & Beverage,2,200
EV000154,RESIDENT_00089,2026-04-27,Decathlon,Sports,10,1000
EV000363,RESIDENT_00209,2026-05-01,Kopitiam,Food & Beverage,2,200
EV001714,RESIDENT_00977,2026-04-30,Watsons,Health & Beauty,10,1000
EV001443,RESIDENT_00837,2026-06-14,Kopitiam,Food & Beverage,5,500
EV002506,RESIDENT_01461,2026-04-12,NTUC FairPrice,Groceries,10,1000
EV001018,RESIDENT_00601,2026-04-19,Cold Storage,Groceries,10,1000
EV001244,RESIDENT_00736,2026-06-19,Cold Storage,Groceries,5,500
EV000927,RESIDENT_00547,2026-05-31,Kopitiam,Food & Beverage,5,500
EV001292,RESIDENT_00758,2026-05-02,Decathlon,Sports,2,200
EV000607,RESIDENT_00360,2026-05-31,Kopitiam,Food & Beverage,10,1000
EV001115,RESIDENT_00661,2026-04-02,Watsons,Health & Beauty,10,1000
EV000352,RESIDENT_00204,2026-04-21,Kopitiam,Food & Beverage,15,1500
EV001545,RESIDENT_00893,2026-05-30,Watsons,Health & Beauty,15,1500
EV000291,RESIDENT_00166,2026-05-23,Kopitiam,Food & Beverage,10,1000
EV001339,RESIDENT_00787,2026-05-02,NTUC FairPrice,Groceries,10,1000
EV002098,RESIDENT_01212,2026-04-13,Guardian,Health & Beauty,2,200
EV000690,RESIDENT_00408,2026-05-28,Kopitiam,Food & Beverage,10,1000
EV001122,RESIDENT_00665,2026-04-03,Watsons,Health & Beauty,15,1500
EV000791,RESIDENT_00462,2026-05-30,Cold Storage,Groceries,15,1500
EV002043,RESIDENT_01181,2026-06-13,Decathlon,Sports,5,500
EV002533,RESIDENT_01480,2026-04-09,NTUC FairPrice,Groceries,10,1000
EV000714,RESIDENT_00421,2026-05-06,Guardian,Health & Beauty,15,1500
EV002109,RESIDENT_01220,2026-04-11,Cold Storage,Groceries,15,1500
EV000502,RESIDENT_00293,2026-06-07,Guardian,Health & Beauty,15,1500
EV001757,RESIDENT_01009,2026-06-12,NTUC FairPrice,Groceries,5,500
EV000851,RESIDENT_00500,2026-05-14,Sheng Siong,Groceries,5,500
EV002094,RESIDENT_01211,2026-04-06,Watsons,Health & Beauty,10,1000
EV001307,RESIDENT_00771,2026-05-11,Kopitiam,Food & Beverage,10,1000
EV002379,RESIDENT_01375,2026-05-09,Kopitiam,Food & Beverage,5,500
EV002259,RESIDENT_01300,2026-04-14,Cold Storage,Groceries,10,1000
EV001207,RESIDENT_00711,2026-06-25,Watsons,Health & Beauty,10,1000
EV001993,RESIDENT_01152,2026-06-09,Sheng Siong,Groceries,5,500
EV001769,RESIDENT_01015,2026-04-20,Decathlon,Sports,10,1000
EV002268,RESIDENT_01305,2026-06-28,Sheng Siong,Groceries,5,500
EV000544,RESIDENT_00317,2026-04-14,Watsons,Health & Beauty,5,500
EV002432,RESIDENT_01406,2026-06-24,Sheng Siong,Groceries,5,500
EV000006,RESIDENT_00003,2026-05-21,Watsons,Health & Beauty,15,1500
EV001586,RESIDENT_00917,2026-06-12,Cold Storage,Groceries,5,500
EV000962,RESIDENT_00572,2026-05-28,Cold Storage,Groceries,5,500
EV001332,RESIDENT_00782,2026-06-20,NTUC FairPrice,Groceries,5,500
EV000216,RESIDENT_00127,2026-05-15,Guardian,Health & Beauty,15,1500
EV001154,RESIDENT_00683,2026-05-22,Decathlon,Sports,5,500
EV001462,RESIDENT_00849,2026-05-21,Sheng Siong,Groceries,10,1000
EV000814,RESIDENT_00472,2026-04-03,Sheng Siong,Groceries,5,500
EV001869,RESIDENT_01079,2026-04-04,Cold Storage,Groceries,10,1000
EV001832,RESIDENT_01051,2026-05-09,Watsons,Health & Beauty,10,1000
EV000388,RESIDENT_00232,2026-05-29,Kopitiam,Food & Beverage,5,500
EV001712,RESIDENT_00977,2026-04-29,Sheng Siong,Groceries,2,200
EV001729,RESIDENT_00987,2026-05-03,Guardian,Health & Beauty,10,1000
EV001872,RESIDENT_01080,2026-06-06,Decathlon,Sports,15,1500
EV001634,RESIDENT_00938,2026-04-02,NTUC FairPrice,Groceries,15,1500
EV000326,RESIDENT_00193,2026-06-01,Guardian,Health & Beauty,10,1000
EV000190,RESIDENT_00107,2026-04-26,Cold Storage,Groceries,2,200
EV002184,RESIDENT_01262,2026-04-10,Decathlon,Sports,10,1000
EV000955,RESIDENT_00567,2026-05-25,Guardian,Health & Beauty,5,500
EV002014,RESIDENT_01161,2026-06-14,Watsons,Health & Beauty,5,500
EV002020,RESIDENT_01166,2026-04-23,Decathlon,Sports,10,1000
EV000628,RESIDENT_00370,2026-05-11,Sheng Siong,Groceries,5,500
EV000572,RESIDENT_00336,2026-06-15,Kopitiam,Food & Beverage,10,1000
EV001314,RESIDENT_00775,2026-05-19,Sheng Siong,Groceries,10,1000
EV001228,RESIDENT_00722,2026-04-26,Decathlon,Sports,2,200
EV000845,RESIDENT_00499,2026-05-28,NTUC FairPrice,Groceries,5,500
EV001856,RESIDENT_01069,2026-04-12,Sheng Siong,Groceries,5,500
EV002000,RESIDENT_01155,2026-05-21,Guardian,Health & Beauty,5,500
EV000439,RESIDENT_00261,2026-04-01,Sheng Siong,Groceries,15,1500
EV002507,RESIDENT_01461,2026-05-21,Sheng Siong,Groceries,5,500
EV002340,RESIDENT_01350,2026-05-12,Decathlon,Sports,10,1000
EV001390,RESIDENT_00809,2026-05-15,Decathlon,Sports,5,500
EV000675,RESIDENT_00398,2026-05-23,Watsons,Health & Beauty,5,500
EV002055,RESIDENT_01190,2026-04-24,Kopitiam,Food & Beverage,5,500
EV001579,RESIDENT_00915,2026-05-19,Guardian,Health & Beauty,5,500
EV000748,RESIDENT_00440,2026-06-19,Guardian,Health & Beauty,5,500
EV000051,RESIDENT_00024,2026-04-20,Kopitiam,Food & Beverage,5,500
EV000777,RESIDENT_00454,2026-05-11,Kopitiam,Food & Beverage,5,500
EV001915,RESIDENT_01111,2026-05-26,NTUC FairPrice,Groceries,15,1500
EV000809,RESIDENT_00470,2026-06-12,Decathlon,Sports,10,1000
EV001882,RESIDENT_01088,2026-04-23,Kopitiam,Food & Beverage,15,1500
EV001282,RESIDENT_00755,2026-05-30,Kopitiam,Food & Beverage,2,200
EV002139,RESIDENT_01240,2026-06-13,Sheng Siong,Groceries,10,1000
EV001431,RESIDENT_00832,2026-04-24,Decathlon,Sports,15,1500
EV002392,RESIDENT_01382,2026-04-08,Watsons,Health & Beauty,10,1000
EV000815,RESIDENT_00472,2026-05-05,Decathlon,Sports,5,500
EV000704,RESIDENT_00414,2026-05-28,Cold Storage,Groceries,5,500
EV002197,RESIDENT_01267,2026-04-02,Watsons,Health & Beauty,5,500
EV001480,RESIDENT_00861,2026-04-16,Sheng Siong,Groceries,10,1000
EV002544,RESIDENT_01485,2026-04-01,Watsons,Health & Beauty,2,200
EV000958,RESIDENT_00568,2026-05-21,Cold Storage,Groceries,5,500
EV002440,RESIDENT_01414,2026-04-09,Watsons,Health & Beauty,15,1500
EV000720,RESIDENT_00422,2026-06-03,Decathlon,Sports,10,1000
EV002226,RESIDENT_01283,2026-04-30,Kopitiam,Food & Beverage,10,1000
EV000355,RESIDENT_00205,2026-05-22,Sheng Siong,Groceries,5,500
EV001874,RESIDENT_01081,2026-05-11,Cold Storage,Groceries,10,1000
EV001570,RESIDENT_00907,2026-06-10,Guardian,Health & Beauty,10,1000
EV000686,RESIDENT_00407,2026-06-05,Decathlon,Sports,5,500
EV000783,RESIDENT_00457,2026-05-14,Kopitiam,Food & Beverage,10,1000
EV000310,RESIDENT_00179,2026-05-18,Kopitiam,Food & Beverage,2,200
EV001877,RESIDENT_01084,2026-05-25,Watsons,Health & Beauty,15,1500
EV002112,RESIDENT_01221,2026-04-23,Decathlon,Sports,2,200
EV000978,RESIDENT_00578,2026-05-07,Watsons,Health & Beauty,2,200
EV002498,RESIDENT_01457,2026-04-03,Sheng Siong,Groceries,10,1000
EV001785,RESIDENT_01025,2026-05-20,Sheng Siong,Groceries,15,1500
EV001364,RESIDENT_00799,2026-05-02,Watsons,Health & Beauty,5,500
EV002124,RESIDENT_01228,2026-05-08,Decathlon,Sports,5,500
EV001299,RESIDENT_00765,2026-05-24,Kopitiam,Food & Beverage,2,200
EV002449,RESIDENT_01418,2026-05-11,Guardian,Health & Beauty,10,1000
EV001700,RESIDENT_00970,2026-06-22,NTUC FairPrice,Groceries,5,500
EV001902,RESIDENT_01102,2026-06-09,Guardian,Health & Beauty,15,1500
EV002273,RESIDENT_01307,2026-04-16,Sheng Siong,Groceries,5,500
EV001322,RESIDENT_00778,2026-05-07,Guardian,Health & Beauty,5,500
EV002019,RESIDENT_01164,2026-05-30,Guardian,Health & Beauty,15,1500
EV000811,RESIDENT_00470,2026-04-26,Decathlon,Sports,10,1000
EV000085,RESIDENT_00047,2026-06-05,Kopitiam,Food & Beverage,5,500
EV001070,RESIDENT_00633,2026-05-11,Decathlon,Sports,10,1000
EV002144,RESIDENT_01246,2026-05-22,Guardian,Health & Beauty,2,200
EV000157,RESIDENT_00090,2026-05-11,Watsons,Health & Beauty,10,1000
EV001031,RESIDENT_00607,2026-05-03,Kopitiam,Food & Beverage,5,500
EV002108,RESIDENT_01219,2026-04-20,Kopitiam,Food & Beverage,10,1000
EV000997,RESIDENT_00586,2026-06-22,Cold Storage,Groceries,2,200
EV000171,RESIDENT_00099,2026-06-11,Watsons,Health & Beauty,2,200
EV002090,RESIDENT_01208,2026-06-29,Watsons,Health & Beauty,10,1000
EV001514,RESIDENT_00877,2026-06-19,Guardian,Health & Beauty,2,200
EV002490,RESIDENT_01447,2026-05-19,NTUC FairPrice,Groceries,5,500
EV001496,RESIDENT_00869,2026-05-10,Watsons,Health & Beauty,5,500
EV000441,RESIDENT_00261,2026-05-10,NTUC FairPrice,Groceries,10,1000
EV001951,RESIDENT_01132,2026-04-09,Decathlon,Sports,10,1000
EV000425,RESIDENT_00251,2026-06-26,Watsons,Health & Beauty,5,500
EV000992,RESIDENT_00584,2026-06-07,Cold Storage,Groceries,5,500
EV000960,RESIDENT_00570,2026-06-30,Cold Storage,Groceries,5,500
EV002035,RESIDENT_01174,2026-06-07,Decathlon,Sports,5,500
EV002454,RESIDENT_01422,2026-05-24,Kopitiam,Food & Beverage,5,500
EV000974,RESIDENT_00578,2026-05-27,NTUC FairPrice,Groceries,2,200
EV002178,RESIDENT_01259,2026-04-23,Kopitiam,Food & Beverage,10,1000
EV000874,RESIDENT_00520,2026-06-05,Kopitiam,Food & Beverage,10,1000
EV001506,RESIDENT_00874,2026-05-24,Watsons,Health & Beauty,2,200
EV002243,RESIDENT_01290,2026-06-16,Decathlon,Sports,15,1500
EV000959,RESIDENT_00570,2026-06-04,Sheng Siong,Groceries,5,500
EV001001,RESIDENT_00589,2026-05-09,NTUC FairPrice,Groceries,5,500
EV000991,RESIDENT_00583,2026-04-04,Watsons,Health & Beauty,10,1000
EV002385,RESIDENT_01380,2026-05-20,Decathlon,Sports,5,500
EV000354,RESIDENT_00205,2026-06-20,Kopitiam,Food & Beverage,10,1000
EV000836,RESIDENT_00491,2026-04-30,Watsons,Health & Beauty,10,1000
EV000766,RESIDENT_00448,2026-05-04,Decathlon,Sports,10,1000
EV000986,RESIDENT_00580,2026-06-22,Kopitiam,Food & Beverage,10,1000
EV002151,RESIDENT_01248,2026-04-08,Sheng Siong,Groceries,10,1000
EV001374,RESIDENT_00803,2026-04-27,Kopitiam,Food & Beverage,5,500
EV001146,RESIDENT_00678,2026-04-04,Cold Storage,Groceries,5,500
EV001117,RESIDENT_00663,2026-05-10,Decathlon,Sports,10,1000
EV002185,RESIDENT_01262,2026-05-09,Guardian,Health & Beauty,10,1000
EV001813,RESIDENT_01044,2026-06-15,Kopitiam,Food & Beverage,5,500
EV000432,RESIDENT_00255,2026-05-18,Kopitiam,Food & Beverage,2,200
EV001695,RESIDENT_00968,2026-05-28,Sheng Siong,Groceries,5,500
EV000090,RESIDENT_00049,2026-04-16,Kopitiam,Food & Beverage,15,1500
EV002509,RESIDENT_01463,2026-05-22,Decathlon,Sports,10,1000
EV000414,RESIDENT_00243,2026-06-18,Watsons,Health & Beauty,5,500
EV001213,RESIDENT_00712,2026-04-12,Sheng Siong,Groceries,5,500
EV001459,RESIDENT_00848,2026-05-03,NTUC FairPrice,Groceries,10,1000
EV001098,RESIDENT_00652,2026-05-18,Kopitiam,Food & Beverage,10,1000
EV000729,RESIDENT_00426,2026-06-05,NTUC FairPrice,Groceries,15,1500
EV000826,RESIDENT_00479,2026-06-30,NTUC FairPrice,Groceries,5,500
EV001595,RESIDENT_00923,2026-05-21,NTUC FairPrice,Groceries,5,500
EV000350,RESIDENT_00203,2026-05-23,Sheng Siong,Groceries,10,1000
EV001776,RESIDENT_01021,2026-05-26,NTUC FairPrice,Groceries,10,1000
EV001923,RESIDENT_01116,2026-04-27,Guardian,Health & Beauty,5,500
EV001598,RESIDENT_00926,2026-05-13,NTUC FairPrice,Groceries,5,500
EV001753,RESIDENT_01007,2026-06-08,Decathlon,Sports,15,1500
EV001020,RESIDENT_00601,2026-05-02,Cold Storage,Groceries,15,1500
EV001476,RESIDENT_00858,2026-06-06,Sheng Siong,Groceries,15,1500
EV001986,RESIDENT_01149,2026-06-15,Guardian,Health & Beauty,10,1000
EV002437,RESIDENT_01410,2026-05-04,Kopitiam,Food & Beverage,10,1000
EV001963,RESIDENT_01140,2026-04-13,Decathlon,Sports,10,1000
EV001163,RESIDENT_00687,2026-06-20,NTUC FairPrice,Groceries,2,200
EV001739,RESIDENT_00991,2026-05-06,Decathlon,Sports,2,200
EV000267,RESIDENT_00152,2026-04-02,Watsons,Health & Beauty,15,1500
EV002203,RESIDENT_01268,2026-05-10,NTUC FairPrice,Groceries,2,200
EV002307,RESIDENT_01328,2026-04-17,Sheng Siong,Groceries,10,1000
EV001186,RESIDENT_00700,2026-05-05,NTUC FairPrice,Groceries,5,500
EV000284,RESIDENT_00163,2026-06-05,Guardian,Health & Beauty,10,1000
EV001015,RESIDENT_00600,2026-05-06,Watsons,Health & Beauty,10,1000
EV001750,RESIDENT_01006,2026-04-20,Sheng Siong,Groceries,2,200
EV000946,RESIDENT_00561,2026-04-11,Decathlon,Sports,10,1000
EV002254,RESIDENT_01296,2026-06-08,NTUC FairPrice,Groceries,10,1000
EV002504,RESIDENT_01459,2026-05-16,Cold Storage,Groceries,5,500
EV002540,RESIDENT_01483,2026-05-11,Decathlon,Sports,10,1000
EV000130,RESIDENT_00076,2026-06-15,Cold Storage,Groceries,5,500
EV000865,RESIDENT_00510,2026-06-14,Guardian,Health & Beauty,15,1500
EV002505,RESIDENT_01461,2026-04-05,Kopitiam,Food & Beverage,2,200
EV001854,RESIDENT_01069,2026-05-24,Kopitiam,Food & Beverage,2,200
EV002319,RESIDENT_01332,2026-06-13,Sheng Siong,Groceries,10,1000
EV000036,RESIDENT_00020,2026-05-16,Guardian,Health & Beauty,10,1000
EV002284,RESIDENT_01313,2026-06-20,Kopitiam,Food & Beverage,10,1000
EV002064,RESIDENT_01194,2026-06-14,Watsons,Health & Beauty,10,1000
EV001202,RESIDENT_00709,2026-05-23,Cold Storage,Groceries,5,500
EV000585,RESIDENT_00344,2026-04-10,Kopitiam,Food & Beverage,2,200
EV002373,RESIDENT_01372,2026-05-26,Decathlon,Sports,2,200
EV000249,RESIDENT_00146,2026-04-23,Decathlon,Sports,15,1500
EV001132,RESIDENT_00673,2026-04-03,Watsons,Health & Beauty,5,500
EV001734,RESIDENT_00989,2026-04-11,Decathlon,Sports,2,200
EV002056,RESIDENT_01190,2026-06-07,Guardian,Health & Beauty,2,200
EV001558,RESIDENT_00902,2026-06-17,Watsons,Health & Beauty,5,500
EV002217,RESIDENT_01276,2026-05-16,Sheng Siong,Groceries,2,200
EV002382,RESIDENT_01377,2026-05-04,Sheng Siong,Groceries,5,500
EV001958,RESIDENT_01136,2026-05-02,Watsons,Health & Beauty,10,1000
EV001005,RESIDENT_00590,2026-04-21,Decathlon,Sports,2,200
EV001764,RESIDENT_01014,2026-06-12,Watsons,Health & Beauty,5,500
EV002512,RESIDENT_01465,2026-04-22,Decathlon,Sports,5,500
EV002204,RESIDENT_01269,2026-06-26,Decathlon,Sports,10,1000
EV000337,RESIDENT_00199,2026-05-23,Decathlon,Sports,10,1000
EV001814,RESIDENT_01046,2026-04-17,NTUC FairPrice,Groceries,5,500
EV001046,RESIDENT_00619,2026-05-05,Cold Storage,Groceries,10,1000
EV000374,RESIDENT_00225,2026-04-10,Sheng Siong,Groceries,15,1500
EV001453,RESIDENT_00840,2026-04-25,Decathlon,Sports,2,200
EV000101,RESIDENT_00057,2026-06-05,Guardian,Health & Beauty,15,1500
EV000448,RESIDENT_00265,2026-05-17,Watsons,Health & Beauty,15,1500
EV000314,RESIDENT_00181,2026-06-23,Sheng Siong,Groceries,5,500
EV001533,RESIDENT_00885,2026-04-03,Decathlon,Sports,10,1000
EV002086,RESIDENT_01204,2026-05-31,Cold Storage,Groceries,2,200
EV002240,RESIDENT_01290,2026-04-29,Sheng Siong,Groceries,5,500
EV002251,RESIDENT_01293,2026-06-22,Kopitiam,Food & Beverage,5,500
EV002303,RESIDENT_01325,2026-06-10,Guardian,Health & Beauty,5,500
EV001432,RESIDENT_00832,2026-05-12,Kopitiam,Food & Beverage,5,500
EV001885,RESIDENT_01090,2026-04-25,Guardian,Health & Beauty,15,1500
EV002241,RESIDENT_01290,2026-06-28,Cold Storage,Groceries,10,1000
EV001352,RESIDENT_00793,2026-04-22,Kopitiam,Food & Beverage,5,500
EV000739,RESIDENT_00436,2026-06-23,Decathlon,Sports,5,500
EV000063,RESIDENT_00031,2026-04-22,Watsons,Health & Beauty,2,200
EV002458,RESIDENT_01424,2026-05-25,NTUC FairPrice,Groceries,5,500
EV001166,RESIDENT_00688,2026-06-09,Kopitiam,Food & Beverage,15,1500
EV000186,RESIDENT_00105,2026-06-14,Kopitiam,Food & Beverage,15,1500
EV000913,RESIDENT_00539,2026-04-30,Decathlon,Sports,5,500
EV001002,RESIDENT_00589,2026-06-18,Kopitiam,Food & Beverage,2,200
EV001194,RESIDENT_00706,2026-06-21,Guardian,Health & Beauty,5,500
EV002407,RESIDENT_01389,2026-05-14,Guardian,Health & Beauty,5,500
EV002338,RESIDENT_01349,2026-05-03,Watsons,Health & Beauty,5,500
EV000922,RESIDENT_00546,2026-05-05,NTUC FairPrice,Groceries,5,500
EV000602,RESIDENT_00358,2026-04-11,Cold Storage,Groceries,10,1000
EV002084,RESIDENT_01204,2026-04-26,Kopitiam,Food & Beverage,10,1000
EV001768,RESIDENT_01015,2026-05-05,Decathlon,Sports,10,1000
EV000344,RESIDENT_00201,2026-05-31,Cold Storage,Groceries,5,500
EV002235,RESIDENT_01287,2026-04-13,Cold Storage,Groceries,5,500
EV001224,RESIDENT_00718,2026-06-16,Watsons,Health & Beauty,5,500
EV001569,RESIDENT_00907,2026-06-09,Decathlon,Sports,15,1500
EV001369,RESIDENT_00802,2026-06-23,Guardian,Health & Beauty,10,1000
EV000496,RESIDENT_00290,2026-04-02,Cold Storage,Groceries,5,500
EV000968,RESIDENT_00574,2026-06-01,Watsons,Health & Beauty,2,200
EV001967,RESIDENT_01141,2026-04-09,Kopitiam,Food & Beverage,10,1000
EV001145,RESIDENT_00678,2026-06-03,Watsons,Health & Beauty,2,200
EV002017,RESIDENT_01164,2026-05-20,Guardian,Health & Beauty,5,500
EV000112,RESIDENT_00067,2026-06-01,Cold Storage,Groceries,2,200
EV000035,RESIDENT_00019,2026-04-15,Kopitiam,Food & Beverage,15,1500
EV002430,RESIDENT_01405,2026-06-03,Cold Storage,Groceries,15,1500
EV002515,RESIDENT_01465,2026-05-05,NTUC FairPrice,Groceries,10,1000
EV000904,RESIDENT_00536,2026-04-23,Kopitiam,Food & Beverage,10,1000
EV001778,RESIDENT_01021,2026-05-29,Kopitiam,Food & Beverage,5,500
EV001152,RESIDENT_00682,2026-04-14,NTUC FairPrice,Groceries,2,200
EV002459,RESIDENT_01424,2026-05-21,Cold Storage,Groceries,15,1500
EV000705,RESIDENT_00415,2026-05-25,Watsons,Health & Beauty,2,200
EV001084,RESIDENT_00642,2026-05-22,Kopitiam,Food & Beverage,2,200
EV001563,RESIDENT_00903,2026-06-15,Decathlon,Sports,5,500
EV001689,RESIDENT_00967,2026-06-07,Decathlon,Sports,10,1000
EV001667,RESIDENT_00954,2026-06-05,Guardian,Health & Beauty,5,500
EV001405,RESIDENT_00818,2026-04-21,Cold Storage,Groceries,5,500
EV001510,RESIDENT_00876,2026-06-13,Decathlon,Sports,15,1500
EV001752,RESIDENT_01007,2026-05-18,NTUC FairPrice,Groceries,10,1000
EV000505,RESIDENT_00294,2026-06-20,NTUC FairPrice,Groceries,10,1000
EV000953,RESIDENT_00566,2026-04-16,Kopitiam,Food & Beverage,10,1000
EV000124,RESIDENT_00074,2026-04-21,Guardian,Health & Beauty,15,1500
EV001373,RESIDENT_00802,2026-06-21,Guardian,Health & Beauty,5,500
EV002341,RESIDENT_01351,2026-04-22,NTUC FairPrice,Groceries,10,1000
EV001185,RESIDENT_00700,2026-06-04,Sheng Siong,Groceries,5,500
EV000534,RESIDENT_00310,2026-06-04,Cold Storage,Groceries,5,500
EV000624,RESIDENT_00367,2026-05-31,Kopitiam,Food & Beverage,15,1500
EV000562,RESIDENT_00330,2026-05-28,Cold Storage,Groceries,15,1500
EV001943,RESIDENT_01127,2026-05-28,Decathlon,Sports,10,1000
EV002548,RESIDENT_01487,2026-04-12,Watsons,Health & Beauty,2,200
EV000199,RESIDENT_00111,2026-06-16,Guardian,Health & Beauty,5,500
EV002305,RESIDENT_01326,2026-04-30,Guardian,Health & Beauty,2,200
EV002116,RESIDENT_01221,2026-05-20,NTUC FairPrice,Groceries,5,500
EV001188,RESIDENT_00702,2026-04-28,Decathlon,Sports,2,200
EV002141,RESIDENT_01244,2026-05-28,Sheng Siong,Groceries,15,1500
EV000838,RESIDENT_00492,2026-06-14,Watsons,Health & Beauty,10,1000
EV000883,RESIDENT_00524,2026-06-16,Cold Storage,Groceries,15,1500
EV002046,RESIDENT_01183,2026-05-08,Cold Storage,Groceries,5,500
EV002261,RESIDENT_01300,2026-04-29,Guardian,Health & Beauty,10,1000
EV000364,RESIDENT_00209,2026-06-26,NTUC FairPrice,Groceries,5,500
EV001681,RESIDENT_00962,2026-05-05,Sheng Siong,Groceries,10,1000
EV002532,RESIDENT_01480,2026-05-18,Sheng Siong,Groceries,5,500
EV002234,RESIDENT_01287,2026-04-10,Kopitiam,Food & Beverage,10,1000
EV000336,RESIDENT_00199,2026-04-22,Cold Storage,Groceries,10,1000
EV001950,RESIDENT_01131,2026-05-09,Decathlon,Sports,2,200
EV000837,RESIDENT_00492,2026-06-08,Sheng Siong,Groceries,5,500
EV002453,RESIDENT_01420,2026-04-15,Watsons,Health & Beauty,5,500
EV001517,RESIDENT_00878,2026-05-28,Guardian,Health & Beauty,15,1500
EV002211,RESIDENT_01272,2026-04-14,NTUC FairPrice,Groceries,10,1000
EV001301,RESIDENT_00767,2026-05-30,Watsons,Health & Beauty,5,500
EV000642,RESIDENT_00378,2026-06-18,Watsons,Health & Beauty,5,500
EV002016,RESIDENT_01164,2026-05-29,Watsons,Health & Beauty,15,1500
EV000058,RESIDENT_00029,2026-05-04,Cold Storage,Groceries,5,500
EV002403,RESIDENT_01388,2026-06-11,Decathlon,Sports,5,500
EV001082,RESIDENT_00641,2026-04-08,Watsons,Health & Beauty,5,500
EV001957,RESIDENT_01135,2026-05-29,Kopitiam,Food & Beverage,5,500
EV001682,RESIDENT_00962,2026-05-13,Cold Storage,Groceries,2,200
EV001679,RESIDENT_00961,2026-04-01,Guardian,Health & Beauty,10,1000
EV002072,RESIDENT_01196,2026-05-09,Watsons,Health & Beauty,10,1000
EV001094,RESIDENT_00650,2026-06-29,NTUC FairPrice,Groceries,10,1000
EV000057,RESIDENT_00026,2026-06-17,Kopitiam,Food & Beverage,10,1000
EV002348,RESIDENT_01356,2026-05-05,NTUC FairPrice,Groceries,10,1000
EV001251,RESIDENT_00739,2026-06-07,Cold Storage,Groceries,5,500
EV000237,RESIDENT_00139,2026-05-30,Watsons,Health & Beauty,10,1000
EV000823,RESIDENT_00478,2026-04-19,NTUC FairPrice,Groceries,5,500
EV000266,RESIDENT_00151,2026-05-22,Watsons,Health & Beauty,5,500
EV001196,RESIDENT_00707,2026-05-29,Sheng Siong,Groceries,15,1500
EV001068,RESIDENT_00631,2026-06-01,Cold Storage,Groceries,5,500
EV001530,RESIDENT_00885,2026-04-01,Sheng Siong,Groceries,2,200
EV001233,RESIDENT_00727,2026-04-24,Decathlon,Sports,5,500
EV000408,RESIDENT_00240,2026-05-18,Guardian,Health & Beauty,5,500
EV001547,RESIDENT_00894,2026-05-18,Cold Storage,Groceries,2,200
EV000203,RESIDENT_00116,2026-05-07,Decathlon,Sports,10,1000
EV000734,RESIDENT_00434,2026-05-14,Sheng Siong,Groceries,5,500
EV002126,RESIDENT_01231,2026-06-23,Watsons,Health & Beauty,10,1000
EV001625,RESIDENT_00936,2026-05-26,Watsons,Health & Beauty,10,1000
EV001156,RESIDENT_00684,2026-06-11,Decathlon,Sports,2,200
EV001709,RESIDENT_00974,2026-04-22,Decathlon,Sports,10,1000
EV000476,RESIDENT_00280,2026-06-27,Decathlon,Sports,10,1000
EV000605,RESIDENT_00359,2026-05-15,Watsons,Health & Beauty,10,1000
EV000038,RESIDENT_00020,2026-06-01,Kopitiam,Food & Beverage,10,1000
EV000853,RESIDENT_00502,2026-06-04,Sheng Siong,Groceries,10,1000
EV001389,RESIDENT_00808,2026-05-15,Guardian,Health & Beauty,10,1000
EV000202,RESIDENT_00115,2026-05-20,Cold Storage,Groceries,2,200
EV001596,RESIDENT_00925,2026-04-18,Guardian,Health & Beauty,10,1000
EV001440,RESIDENT_00836,2026-04-12,Guardian,Health & Beauty,5,500
EV002480,RESIDENT_01441,2026-05-08,Sheng Siong,Groceries,5,500
EV001771,RESIDENT_01016,2026-06-05,Cold Storage,Groceries,5,500
EV001942,RESIDENT_01127,2026-06-14,Cold Storage,Groceries,10,1000
EV002270,RESIDENT_01306,2026-04-13,Decathlon,Sports,10,1000
EV000759,RESIDENT_00444,2026-06-02,Kopitiam,Food & Beverage,2,200
EV000097,RESIDENT_00054,2026-05-10,Sheng Siong,Groceries,10,1000
EV000728,RESIDENT_00426,2026-06-04,Guardian,Health & Beauty,2,200
EV001577,RESIDENT_00913,2026-04-02,Decathlon,Sports,5,500
EV000829,RESIDENT_00485,2026-04-28,NTUC FairPrice,Groceries,10,1000
EV000231,RESIDENT_00137,2026-05-02,Sheng Siong,Groceries,2,200
EV000381,RESIDENT_00229,2026-05-01,Guardian,Health & Beauty,5,500
EV001865,RESIDENT_01075,2026-05-27,Sheng Siong,Groceries,2,200
EV001427,RESIDENT_00831,2026-05-03,Decathlon,Sports,2,200
EV001738,RESIDENT_00990,2026-04-25,Kopitiam,Food & Beverage,15,1500
EV002026,RESIDENT_01169,2026-06-14,Cold Storage,Groceries,10,1000
EV001055,RESIDENT_00625,2026-05-01,Decathlon,Sports,5,500
EV000951,RESIDENT_00566,2026-06-01,Cold Storage,Groceries,2,200
EV002068,RESIDENT_01195,2026-06-14,Kopitiam,Food & Beverage,2,200
EV001784,RESIDENT_01024,2026-06-10,Guardian,Health & Beauty,10,1000
EV002337,RESIDENT_01348,2026-06-23,NTUC FairPrice,Groceries,5,500
EV001608,RESIDENT_00929,2026-04-13,Cold Storage,Groceries,10,1000
EV000806,RESIDENT_00468,2026-05-16,Decathlon,Sports,2,200
EV001323,RESIDENT_00778,2026-06-27,Kopitiam,Food & Beverage,15,1500
EV001169,RESIDENT_00688,2026-06-06,NTUC FairPrice,Groceries,10,1000
EV002231,RESIDENT_01286,2026-05-04,NTUC FairPrice,Groceries,5,500
EV001899,RESIDENT_01101,2026-06-26,Guardian,Health & Beauty,10,1000
EV000200,RESIDENT_00113,2026-06-09,Kopitiam,Food & Beverage,2,200
EV000121,RESIDENT_00071,2026-04-07,Watsons,Health & Beauty,2,200
EV000239,RESIDENT_00139,2026-06-07,Kopitiam,Food & Beverage,10,1000
EV001288,RESIDENT_00757,2026-06-13,Kopitiam,Food & Beverage,5,500
EV002560,RESIDENT_01497,2026-06-19,Sheng Siong,Groceries,5,500
EV001606,RESIDENT_00928,2026-06-24,Cold Storage,Groceries,5,500
EV001892,RESIDENT_01095,2026-04-14,Guardian,Health & Beauty,5,500
EV000599,RESIDENT_00355,2026-06-24,NTUC FairPrice,Groceries,2,200
EV000792,RESIDENT_00463,2026-04-24,Watsons,Health & Beauty,2,200
EV001851,RESIDENT_01065,2026-04-09,Decathlon,Sports,10,1000
EV000390,RESIDENT_00232,2026-04-17,Cold Storage,Groceries,5,500
EV001816,RESIDENT_01046,2026-04-26,Decathlon,Sports,5,500
EV002436,RESIDENT_01409,2026-04-29,Kopitiam,Food & Beverage,15,1500
EV001489,RESIDENT_00866,2026-05-09,Guardian,Health & Beauty,5,500
EV001039,RESIDENT_00614,2026-04-17,Watsons,Health & Beauty,10,1000
EV000086,RESIDENT_00047,2026-06-07,Kopitiam,Food & Beverage,5,500
EV002225,RESIDENT_01283,2026-04-07,Cold Storage,Groceries,10,1000
EV000497,RESIDENT_00290,2026-05-16,NTUC FairPrice,Groceries,5,500
EV000215,RESIDENT_00126,2026-06-05,Watsons,Health & Beauty,15,1500
EV000543,RESIDENT_00316,2026-06-27,Sheng Siong,Groceries,5,500
EV002320,RESIDENT_01333,2026-04-25,NTUC FairPrice,Groceries,15,1500
EV000250,RESIDENT_00146,2026-05-04,Kopitiam,Food & Beverage,2,200
EV001758,RESIDENT_01010,2026-06-26,Sheng Siong,Groceries,5,500
EV000041,RESIDENT_00021,2026-06-02,Watsons,Health & Beauty,10,1000
EV000493,RESIDENT_00289,2026-05-26,Decathlon,Sports,2,200
EV001648,RESIDENT_00945,2026-04-14,Guardian,Health & Beauty,5,500
EV001334,RESIDENT_00783,2026-05-20,Decathlon,Sports,5,500
EV001357,RESIDENT_00795,2026-04-05,NTUC FairPrice,Groceries,5,500
EV001236,RESIDENT_00730,2026-05-21,Kopitiam,Food & Beverage,5,500
EV002248,RESIDENT_01293,2026-06-30,NTUC FairPrice,Groceries,10,1000
EV000711,RESIDENT_00420,2026-05-30,Cold Storage,Groceries,10,1000
EV001796,RESIDENT_01033,2026-04-23,Cold Storage,Groceries,2,200
EV001086,RESIDENT_00643,2026-06-26,Kopitiam,Food & Beverage,10,1000
EV002438,RESIDENT_01413,2026-06-22,Decathlon,Sports,2,200
EV000464,RESIDENT_00274,2026-06-29,Watsons,Health & Beauty,10,1000
EV002246,RESIDENT_01292,2026-05-16,NTUC FairPrice,Groceries,2,200
EV000295,RESIDENT_00168,2026-05-10,NTUC FairPrice,Groceries,5,500
EV002005,RESIDENT_01157,2026-06-04,Guardian,Health & Beauty,10,1000
EV001257,RESIDENT_00743,2026-04-04,Watsons,Health & Beauty,10,1000
EV001900,RESIDENT_01102,2026-04-10,Sheng Siong,Groceries,5,500
EV000103,RESIDENT_00060,2026-06-16,NTUC FairPrice,Groceries,5,500
EV001498,RESIDENT_00870,2026-06-21,Guardian,Health & Beauty,10,1000
EV002088,RESIDENT_01205,2026-06-24,Kopitiam,Food & Beverage,10,1000
EV000043,RESIDENT_00022,2026-06-18,Decathlon,Sports,15,1500
EV001652,RESIDENT_00947,2026-05-20,Cold Storage,Groceries,15,1500
EV000912,RESIDENT_00539,2026-06-20,Sheng Siong,Groceries,15,1500
EV001910,RESIDENT_01108,2026-05-23,Decathlon,Sports,10,1000
EV001168,RESIDENT_00688,2026-05-30,Guardian,Health & Beauty,15,1500
EV000317,RESIDENT_00185,2026-04-07,Cold Storage,Groceries,2,200
EV000878,RESIDENT_00522,2026-05-09,Cold Storage,Groceries,10,1000
EV000643,RESIDENT_00379,2026-04-25,Guardian,Health & Beauty,5,500
EV000319,RESIDENT_00187,2026-04-07,Cold Storage,Groceries,10,1000
EV000676,RESIDENT_00398,2026-04-24,Cold Storage,Groceries,10,1000
EV002552,RESIDENT_01491,2026-06-18,Guardian,Health & Beauty,5,500
EV002182,RESIDENT_01260,2026-04-21,Watsons,Health & Beauty,10,1000
EV002447,RESIDENT_01417,2026-06-12,Kopitiam,Food & Beverage,5,500
EV001074,RESIDENT_00636,2026-04-24,Kopitiam,Food & Beverage,10,1000
EV001337,RESIDENT_00786,2026-04-21,Kopitiam,Food & Beverage,2,200
EV000640,RESIDENT_00378,2026-06-28,Guardian,Health & Beauty,5,500
EV001159,RESIDENT_00685,2026-06-02,Kopitiam,Food & Beverage,15,1500
EV001030,RESIDENT_00606,2026-06-27,Cold Storage,Groceries,5,500
EV002368,RESIDENT_01368,2026-05-21,Kopitiam,Food & Beverage,2,200
EV001699,RESIDENT_00970,2026-06-19,Watsons,Health & Beauty,5,500
EV000167,RESIDENT_00094,2026-04-08,Guardian,Health & Beauty,2,200
EV002216,RESIDENT_01276,2026-06-08,NTUC FairPrice,Groceries,2,200
EV001928,RESIDENT_01119,2026-05-13,Guardian,Health & Beauty,10,1000
EV002555,RESIDENT_01494,2026-06-16,Sheng Siong,Groceries,15,1500
EV001081,RESIDENT_00641,2026-06-04,Decathlon,Sports,5,500
EV001908,RESIDENT_01107,2026-06-24,Decathlon,Sports,5,500
EV000753,RESIDENT_00443,2026-04-15,NTUC FairPrice,Groceries,10,1000
EV000174,RESIDENT_00100,2026-04-02,Kopitiam,Food & Beverage,10,1000
EV001622,RESIDENT_00935,2026-06-08,Sheng Siong,Groceries,10,1000
EV000788,RESIDENT_00460,2026-05-23,Watsons,Health & Beauty,2,200
EV000889,RESIDENT_00526,2026-05-03,Guardian,Health & Beauty,5,500
EV001410,RESIDENT_00819,2026-06-06,NTUC FairPrice,Groceries,15,1500
EV001181,RESIDENT_00699,2026-05-30,Cold Storage,Groceries,10,1000
EV001825,RESIDENT_01049,2026-06-20,NTUC FairPrice,Groceries,10,1000
EV000141,RESIDENT_00082,2026-05-04,Watsons,Health & Beauty,10,1000
EV001333,RESIDENT_00782,2026-04-27,Sheng Siong,Groceries,2,200
EV002164,RESIDENT_01254,2026-05-05,Watsons,Health & Beauty,15,1500
EV000021,RESIDENT_00013,2026-05-07,Watsons,Health & Beauty,15,1500
EV000577,RESIDENT_00338,2026-04-04,NTUC FairPrice,Groceries,10,1000
EV001643,RESIDENT_00942,2026-05-12,Guardian,Health & Beauty,2,200
EV002477,RESIDENT_01440,2026-06-26,Decathlon,Sports,10,1000
EV001379,RESIDENT_00804,2026-06-15,Watsons,Health & Beauty,10,1000
EV001170,RESIDENT_00692,2026-04-25,Guardian,Health & Beauty,2,200
EV000371,RESIDENT_00215,2026-04-16,Watsons,Health & Beauty,10,1000
EV000436,RESIDENT_00257,2026-04-29,Kopitiam,Food & Beverage,15,1500
EV002281,RESIDENT_01312,2026-04-24,NTUC FairPrice,Groceries,5,500
EV001653,RESIDENT_00948,2026-04-13,NTUC FairPrice,Groceries,15,1500
EV000552,RESIDENT_00322,2026-04-08,NTUC FairPrice,Groceries,5,500
EV001617,RESIDENT_00933,2026-06-14,Cold Storage,Groceries,5,500
EV001231,RESIDENT_00726,2026-04-29,Guardian,Health & Beauty,5,500
EV000915,RESIDENT_00541,2026-05-27,Kopitiam,Food & Beverage,5,500
EV002463,RESIDENT_01427,2026-05-16,Watsons,Health & Beauty,15,1500
EV000137,RESIDENT_00081,2026-04-10,Watsons,Health & Beauty,10,1000
EV000076,RESIDENT_00043,2026-05-02,NTUC FairPrice,Groceries,10,1000
EV000546,RESIDENT_00320,2026-04-17,Guardian,Health & Beauty,15,1500
EV002210,RESIDENT_01272,2026-04-09,Kopitiam,Food & Beverage,10,1000
EV000832,RESIDENT_00485,2026-04-05,Kopitiam,Food & Beverage,2,200
EV000453,RESIDENT_00267,2026-05-18,Decathlon,Sports,10,1000
EV002012,RESIDENT_01160,2026-06-03,Kopitiam,Food & Beverage,2,200
EV001978,RESIDENT_01146,2026-04-28,Decathlon,Sports,15,1500
EV000236,RESIDENT_00139,2026-04-05,Cold Storage,Groceries,5,500
EV001305,RESIDENT_00770,2026-05-19,Cold Storage,Groceries,5,500
EV001989,RESIDENT_01150,2026-04-19,Sheng Siong,Groceries,10,1000
EV001946,RESIDENT_01130,2026-05-19,Guardian,Health & Beauty,5,500
EV001680,RESIDENT_00961,2026-04-03,Decathlon,Sports,15,1500
EV001735,RESIDENT_00990,2026-06-24,Cold Storage,Groceries,2,200
EV001429,RESIDENT_00831,2026-05-19,Cold Storage,Groceries,2,200
EV002324,RESIDENT_01336,2026-04-15,NTUC FairPrice,Groceries,5,500
EV001049,RESIDENT_00621,2026-04-23,Kopitiam,Food & Beverage,10,1000
EV002271,RESIDENT_01307,2026-05-11,Cold Storage,Groceries,2,200
EV000513,RESIDENT_00303,2026-05-15,Sheng Siong,Groceries,5,500
EV000861,RESIDENT_00509,2026-04-13,Decathlon,Sports,5,500
EV000426,RESIDENT_00253,2026-05-19,Cold Storage,Groceries,5,500
EV002362,RESIDENT_01365,2026-05-01,Cold Storage,Groceries,2,200
EV000771,RESIDENT_00450,2026-06-13,Cold Storage,Groceries,2,200
EV001983,RESIDENT_01149,2026-05-16,Decathlon,Sports,5,500
EV002474,RESIDENT_01438,2026-06-29,Decathlon,Sports,5,500
EV000520,RESIDENT_00305,2026-04-07,NTUC FairPrice,Groceries,15,1500
EV002066,RESIDENT_01194,2026-04-08,Kopitiam,Food & Beverage,5,500
EV001516,RESIDENT_00877,2026-04-29,Cold Storage,Groceries,10,1000
EV000334,RESIDENT_00197,2026-05-05,Watsons,Health & Beauty,10,1000
EV000307,RESIDENT_00177,2026-06-08,Cold Storage,Groceries,5,500
EV000630,RESIDENT_00371,2026-05-13,Sheng Siong,Groceries,10,1000
EV001025,RESIDENT_00603,2026-04-04,Decathlon,Sports,2,200
EV000671,RESIDENT_00397,2026-05-19,Cold Storage,Groceries,5,500
EV000316,RESIDENT_00183,2026-05-05,Guardian,Health & Beauty,10,1000
EV002220,RESIDENT_01281,2026-06-22,Sheng Siong,Groceries,10,1000
EV001763,RESIDENT_01014,2026-06-23,Sheng Siong,Groceries,10,1000
EV002001,RESIDENT_01155,2026-06-23,Guardian,Health & Beauty,10,1000
EV001949,RESIDENT_01131,2026-04-15,Watsons,Health & Beauty,5,500
EV002339,RESIDENT_01350,2026-05-17,Guardian,Health & Beauty,2,200
EV001638,RESIDENT_00939,2026-06-23,NTUC FairPrice,Groceries,15,1500
EV001112,RESIDENT_00659,2026-04-18,Guardian,Health & Beauty,15,1500
EV000760,RESIDENT_00445,2026-06-17,Cold Storage,Groceries,2,200
EV000369,RESIDENT_00213,2026-06-13,Sheng Siong,Groceries,10,1000
EV001192,RESIDENT_00704,2026-05-24,NTUC FairPrice,Groceries,15,1500
EV002272,RESIDENT_01307,2026-04-28,Guardian,Health & Beauty,10,1000
EV001293,RESIDENT_00760,2026-05-26,Cold Storage,Groceries,15,1500
EV001839,RESIDENT_01055,2026-04-28,Sheng Siong,Groceries,10,1000
EV002294,RESIDENT_01319,2026-05-25,Kopitiam,Food & Beverage,10,1000
EV001486,RESIDENT_00865,2026-05-13,Watsons,Health & Beauty,10,1000
EV000625,RESIDENT_00368,2026-06-13,Kopitiam,Food & Beverage,15,1500
EV000030,RESIDENT_00016,2026-05-15,NTUC FairPrice,Groceries,5,500
EV001701,RESIDENT_00971,2026-06-29,Guardian,Health & Beauty,10,1000
EV000795,RESIDENT_00464,2026-06-05,Decathlon,Sports,15,1500
EV001061,RESIDENT_00626,2026-04-18,Cold Storage,Groceries,5,500
EV000800,RESIDENT_00466,2026-04-07,Sheng Siong,Groceries,15,1500
EV001853,RESIDENT_01067,2026-05-17,Decathlon,Sports,15,1500
EV000172,RESIDENT_00099,2026-04-27,Sheng Siong,Groceries,5,500
EV000727,RESIDENT_00426,2026-06-07,Cold Storage,Groceries,5,500
EV002214,RESIDENT_01275,2026-06-20,Kopitiam,Food & Beverage,10,1000
EV001126,RESIDENT_00667,2026-05-18,NTUC FairPrice,Groceries,10,1000
EV001421,RESIDENT_00829,2026-04-24,Decathlon,Sports,10,1000
EV000665,RESIDENT_00391,2026-04-16,Sheng Siong,Groceries,5,500
EV000786,RESIDENT_00460,2026-04-04,Watsons,Health & Beauty,15,1500
EV000372,RESIDENT_00221,2026-06-30,Cold Storage,Groceries,5,500
EV000949,RESIDENT_00564,2026-06-13,Cold Storage,Groceries,5,500
EV001477,RESIDENT_00858,2026-04-13,Guardian,Health & Beauty,5,500
EV000679,RESIDENT_00402,2026-06-07,Sheng Siong,Groceries,15,1500
EV000194,RESIDENT_00109,2026-04-22,Guardian,Health & Beauty,5,500
EV000251,RESIDENT_00146,2026-05-13,Watsons,Health & Beauty,10,1000
EV001281,RESIDENT_00755,2026-06-20,NTUC FairPrice,Groceries,15,1500
EV001384,RESIDENT_00806,2026-04-03,NTUC FairPrice,Groceries,2,200
EV000532,RESIDENT_00310,2026-06-29,Kopitiam,Food & Beverage,2,200
EV000111,RESIDENT_00067,2026-05-08,Decathlon,Sports,10,1000
EV001508,RESIDENT_00876,2026-06-13,Decathlon,Sports,5,500
EV000286,RESIDENT_00163,2026-05-21,Decathlon,Sports,10,1000
EV001016,RESIDENT_00600,2026-05-28,NTUC FairPrice,Groceries,10,1000
EV001982,RESIDENT_01148,2026-04-25,Decathlon,Sports,15,1500
EV000774,RESIDENT_00453,2026-05-08,Guardian,Health & Beauty,5,500
EV001666,RESIDENT_00954,2026-04-01,Decathlon,Sports,5,500
EV002269,RESIDENT_01305,2026-04-28,Watsons,Health & Beauty,10,1000
EV001155,RESIDENT_00683,2026-05-10,NTUC FairPrice,Groceries,10,1000
EV002467,RESIDENT_01431,2026-05-24,Watsons,Health & Beauty,5,500
EV002538,RESIDENT_01483,2026-05-27,Kopitiam,Food & Beverage,10,1000
EV001495,RESIDENT_00869,2026-06-19,Guardian,Health & Beauty,15,1500
EV000616,RESIDENT_00365,2026-04-14,Guardian,Health & Beauty,5,500
EV000219,RESIDENT_00130,2026-04-04,Watsons,Health & Beauty,10,1000
EV000205,RESIDENT_00116,2026-06-01,Cold Storage,Groceries,10,1000
EV000574,RESIDENT_00337,2026-04-14,Cold Storage,Groceries,2,200
EV001017,RESIDENT_00601,2026-05-21,Sheng Siong,Groceries,5,500
EV000588,RESIDENT_00345,2026-05-21,Kopitiam,Food & Beverage,10,1000
EV000061,RESIDENT_00029,2026-06-13,Guardian,Health & Beauty,15,1500
EV000850,RESIDENT_00500,2026-04-16,Kopitiam,Food & Beverage,10,1000
EV001378,RESIDENT_00803,2026-04-30,NTUC FairPrice,Groceries,5,500
EV001659,RESIDENT_00951,2026-04-22,Sheng Siong,Groceries,5,500
EV000117,RESIDENT_00070,2026-06-25,Watsons,Health & Beauty,2,200
EV001439,RESIDENT_00836,2026-04-14,Cold Storage,Groceries,10,1000
EV000468,RESIDENT_00276,2026-05-07,Cold Storage,Groceries,10,1000
EV001266,RESIDENT_00748,2026-05-06,Sheng Siong,Groceries,15,1500
EV001827,RESIDENT_01049,2026-04-10,NTUC FairPrice,Groceries,2,200
EV001687,RESIDENT_00966,2026-05-09,Cold Storage,Groceries,5,500
EV002471,RESIDENT_01436,2026-06-13,Watsons,Health & Beauty,10,1000
EV000164,RESIDENT_00092,2026-04-12,Decathlon,Sports,15,1500
EV000647,RESIDENT_00381,2026-04-11,NTUC FairPrice,Groceries,10,1000
EV002276,RESIDENT_01309,2026-06-07,Decathlon,Sports,5,500
EV002455,RESIDENT_01422,2026-05-29,Guardian,Health & Beauty,10,1000
EV001102,RESIDENT_00654,2026-05-22,NTUC FairPrice,Groceries,15,1500
EV000718,RESIDENT_00422,2026-05-15,Cold Storage,Groceries,15,1500
EV002535,RESIDENT_01481,2026-05-05,Decathlon,Sports,10,1000
EV001855,RESIDENT_01069,2026-05-01,NTUC FairPrice,Groceries,10,1000
EV002047,RESIDENT_01184,2026-06-10,Guardian,Health & Beauty,5,500
EV001863,RESIDENT_01075,2026-05-20,Decathlon,Sports,5,500
EV000578,RESIDENT_00339,2026-05-26,Sheng Siong,Groceries,5,500
EV002400,RESIDENT_01387,2026-05-21,Watsons,Health & Beauty,5,500
EV000515,RESIDENT_00303,2026-04-02,Decathlon,Sports,5,500
EV000039,RESIDENT_00021,2026-06-28,Guardian,Health & Beauty,5,500
EV000884,RESIDENT_00525,2026-04-30,NTUC FairPrice,Groceries,10,1000
EV001632,RESIDENT_00938,2026-05-25,Cold Storage,Groceries,10,1000
EV002488,RESIDENT_01445,2026-05-17,Cold Storage,Groceries,15,1500
EV000551,RESIDENT_00322,2026-05-13,Sheng Siong,Groceries,10,1000
EV000582,RESIDENT_00341,2026-04-14,NTUC FairPrice,Groceries,15,1500
EV001072,RESIDENT_00634,2026-05-07,Decathlon,Sports,15,1500
EV000235,RESIDENT_00139,2026-04-12,NTUC FairPrice,Groceries,15,1500
EV000618,RESIDENT_00365,2026-06-14,Guardian,Health & Beauty,5,500
EV001044,RESIDENT_00617,2026-05-09,Watsons,Health & Beauty,15,1500
EV000684,RESIDENT_00407,2026-04-23,Cold Storage,Groceries,15,1500
EV001970,RESIDENT_01142,2026-05-23,Sheng Siong,Groceries,15,1500
EV000598,RESIDENT_00355,2026-06-03,Cold Storage,Groceries,10,1000
EV001904,RESIDENT_01105,2026-04-23,Cold Storage,Groceries,5,500
EV001472,RESIDENT_00853,2026-06-11,Watsons,Health & Beauty,15,1500
EV002105,RESIDENT_01217,2026-05-22,Guardian,Health & Beauty,10,1000
EV000600,RESIDENT_00356,2026-05-30,Kopitiam,Food & Beverage,15,1500
EV001859,RESIDENT_01074,2026-04-10,NTUC FairPrice,Groceries,2,200
EV001080,RESIDENT_00641,2026-04-29,Decathlon,Sports,2,200
EV001096,RESIDENT_00650,2026-04-09,Cold Storage,Groceries,5,500
EV000508,RESIDENT_00297,2026-05-23,Kopitiam,Food & Beverage,5,500
EV002121,RESIDENT_01227,2026-04-02,Decathlon,Sports,5,500
EV001488,RESIDENT_00866,2026-04-06,Watsons,Health & Beauty,10,1000
EV002494,RESIDENT_01450,2026-05-17,Decathlon,Sports,2,200
EV000854,RESIDENT_00502,2026-04-25,Sheng Siong,Groceries,10,1000
EV000810,RESIDENT_00470,2026-05-06,Watsons,Health & Beauty,2,200
EV000417,RESIDENT_00245,2026-05-21,Guardian,Health & Beauty,2,200
EV002036,RESIDENT_01175,2026-06-28,Kopitiam,Food & Beverage,15,1500
EV001798,RESIDENT_01034,2026-06-26,Guardian,Health & Beauty,10,1000
EV000553,RESIDENT_00322,2026-06-18,Guardian,Health & Beauty,2,200
EV000060,RESIDENT_00029,2026-04-30,Watsons,Health & Beauty,10,1000
EV000147,RESIDENT_00086,2026-05-31,Cold Storage,Groceries,10,1000
EV000504,RESIDENT_00294,2026-04-15,Sheng Siong,Groceries,5,500
EV001751,RESIDENT_01006,2026-04-29,NTUC FairPrice,Groceries,2,200
EV000080,RESIDENT_00045,2026-05-13,Sheng Siong,Groceries,10,1000
EV002475,RESIDENT_01440,2026-05-01,Decathlon,Sports,15,1500
EV001531,RESIDENT_00885,2026-04-13,Guardian,Health & Beauty,10,1000
EV002309,RESIDENT_01329,2026-05-10,Cold Storage,Groceries,15,1500
EV002183,RESIDENT_01261,2026-04-20,Guardian,Health & Beauty,10,1000
EV001737,RESIDENT_00990,2026-04-06,Cold Storage,Groceries,10,1000
EV000608,RESIDENT_00360,2026-04-09,Decathlon,Sports,2,200
EV001199,RESIDENT_00707,2026-04-06,Decathlon,Sports,10,1000
EV001261,RESIDENT_00747,2026-04-03,Kopitiam,Food & Beverage,10,1000
EV000277,RESIDENT_00159,2026-06-17,Watsons,Health & Beauty,2,200
EV001954,RESIDENT_01133,2026-05-27,Guardian,Health & Beauty,5,500
EV000507,RESIDENT_00297,2026-06-22,Sheng Siong,Groceries,15,1500
EV002266,RESIDENT_01304,2026-05-30,Sheng Siong,Groceries,10,1000
EV001494,RESIDENT_00869,2026-05-28,NTUC FairPrice,Groceries,5,500
EV002003,RESIDENT_01157,2026-04-19,Cold Storage,Groceries,10,1000
EV002290,RESIDENT_01318,2026-05-06,Cold Storage,Groceries,10,1000
EV000689,RESIDENT_00408,2026-06-21,NTUC FairPrice,Groceries,15,1500
EV000887,RESIDENT_00526,2026-04-11,Sheng Siong,Groceries,5,500
EV001934,RESIDENT_01122,2026-05-14,Cold Storage,Groceries,5,500
EV001229,RESIDENT_00723,2026-04-22,Decathlon,Sports,10,1000
EV000857,RESIDENT_00504,2026-05-30,Cold Storage,Groceries,5,500
EV000136,RESIDENT_00079,2026-05-29,Cold Storage,Groceries,10,1000
EV001906,RESIDENT_01107,2026-04-16,Sheng Siong,Groceries,5,500
EV000224,RESIDENT_00131,2026-04-15,Watsons,Health & Beauty,10,1000
EV000135,RESIDENT_00078,2026-05-24,Kopitiam,Food & Beverage,10,1000
EV001315,RESIDENT_00776,2026-05-29,Cold Storage,Groceries,2,200
EV001861,RESIDENT_01074,2026-06-10,Guardian,Health & Beauty,15,1500
EV000115,RESIDENT_00069,2026-06-20,Cold Storage,Groceries,5,500
EV002125,RESIDENT_01230,2026-05-05,NTUC FairPrice,Groceries,2,200
EV000275,RESIDENT_00158,2026-04-16,Guardian,Health & Beauty,10,1000
EV000973,RESIDENT_00577,2026-06-14,Sheng Siong,Groceries,10,1000
EV002252,RESIDENT_01293,2026-05-20,Decathlon,Sports,5,500
EV000741,RESIDENT_00437,2026-05-13,Cold Storage,Groceries,10,1000
EV001805,RESIDENT_01039,2026-06-07,Cold Storage,Groceries,10,1000
EV001215,RESIDENT_00713,2026-06-25,Watsons,Health & Beauty,10,1000
EV002051,RESIDENT_01187,2026-05-17,Kopitiam,Food & Beverage,15,1500
EV001424,RESIDENT_00830,2026-06-12,Decathlon,Sports,2,200
EV000956,RESIDENT_00567,2026-04-29,Watsons,Health & Beauty,15,1500
EV001014,RESIDENT_00598,2026-06-23,Decathlon,Sports,10,1000
EV002118,RESIDENT_01223,2026-04-12,Decathlon,Sports,10,1000
EV000269,RESIDENT_00154,2026-05-08,NTUC FairPrice,Groceries,5,500
EV001130,RESIDENT_00670,2026-05-09,Watsons,Health & Beauty,5,500
EV002401,RESIDENT_01388,2026-05-12,Guardian,Health & Beauty,2,200
EV001197,RESIDENT_00707,2026-04-15,Watsons,Health & Beauty,15,1500
EV001317,RESIDENT_00777,2026-05-19,NTUC FairPrice,Groceries,5,500
EV001693,RESIDENT_00967,2026-05-21,Decathlon,Sports,2,200
EV001412,RESIDENT_00822,2026-04-09,Sheng Siong,Groceries,5,500
EV001487,RESIDENT_00866,2026-05-14,Decathlon,Sports,5,500
EV000274,RESIDENT_00157,2026-04-10,NTUC FairPrice,Groceries,5,500
EV001289,RESIDENT_00757,2026-04-22,Decathlon,Sports,5,500
EV001836,RESIDENT_01053,2026-04-14,Kopitiam,Food & Beverage,10,1000
EV001243,RESIDENT_00735,2026-06-18,Guardian,Health & Beauty,5,500
EV002566,RESIDENT_01500,2026-04-10,Guardian,Health & Beauty,10,1000
EV002473,RESIDENT_01437,2026-05-13,Sheng Siong,Groceries,10,1000
EV000330,RESIDENT_00195,2026-04-10,Guardian,Health & Beauty,2,200
EV001549,RESIDENT_00894,2026-04-21,Cold Storage,Groceries,15,1500
EV002213,RESIDENT_01274,2026-05-16,Kopitiam,Food & Beverage,15,1500
EV000383,RESIDENT_00231,2026-06-04,Decathlon,Sports,5,500
EV000849,RESIDENT_00500,2026-05-11,Cold Storage,Groceries,10,1000
EV001329,RESIDENT_00781,2026-04-18,Kopitiam,Food & Beverage,5,500
EV001176,RESIDENT_00694,2026-04-28,NTUC FairPrice,Groceries,10,1000
EV001932,RESIDENT_01121,2026-05-10,Kopitiam,Food & Beverage,10,1000
EV000813,RESIDENT_00472,2026-06-10,Cold Storage,Groceries,10,1000
EV000481,RESIDENT_00283,2026-06-23,Guardian,Health & Beauty,5,500
EV001051,RESIDENT_00622,2026-06-06,Kopitiam,Food & Beverage,5,500
EV000555,RESIDENT_00326,2026-04-14,Sheng Siong,Groceries,5,500
EV002346,RESIDENT_01355,2026-05-22,Decathlon,Sports,5,500
EV000221,RESIDENT_00130,2026-06-07,Watsons,Health & Beauty,2,200
EV002314,RESIDENT_01331,2026-05-11,Decathlon,Sports,5,500
EV002150,RESIDENT_01248,2026-04-25,Guardian,Health & Beauty,10,1000
EV000763,RESIDENT_00446,2026-06-17,Kopitiam,Food & Beverage,15,1500
EV002224,RESIDENT_01283,2026-05-16,Watsons,Health & Beauty,2,200
EV002002,RESIDENT_01156,2026-05-23,Decathlon,Sports,5,500
EV001201,RESIDENT_00708,2026-04-10,Decathlon,Sports,15,1500
EV002180,RESIDENT_01260,2026-06-23,Guardian,Health & Beauty,10,1000
EV001760,RESIDENT_01013,2026-06-15,Kopitiam,Food & Beverage,10,1000
EV002221,RESIDENT_01282,2026-06-17,Guardian,Health & Beauty,10,1000
EV000654,RESIDENT_00386,2026-06-26,Watsons,Health & Beauty,10,1000
EV002233,RESIDENT_01287,2026-06-10,Sheng Siong,Groceries,5,500
EV001522,RESIDENT_00880,2026-05-30,Decathlon,Sports,10,1000
EV001767,RESIDENT_01015,2026-06-13,Decathlon,Sports,5,500
EV002165,RESIDENT_01255,2026-05-02,Cold Storage,Groceries,5,500
EV001089,RESIDENT_00646,2026-04-03,NTUC FairPrice,Groceries,5,500
EV001834,RESIDENT_01052,2026-04-13,Cold Storage,Groceries,10,1000
EV000380,RESIDENT_00228,2026-05-23,Cold Storage,Groceries,10,1000
EV002497,RESIDENT_01455,2026-04-09,Watsons,Health & Beauty,10,1000
EV000796,RESIDENT_00465,2026-04-17,Sheng Siong,Groceries,10,1000
EV001527,RESIDENT_00882,2026-06-05,Watsons,Health & Beauty,5,500
EV002318,RESIDENT_01332,2026-04-21,Sheng Siong,Groceries,5,500
EV000967,RESIDENT_00574,2026-04-27,Decathlon,Sports,2,200
EV000443,RESIDENT_00262,2026-06-14,Sheng Siong,Groceries,15,1500
EV001053,RESIDENT_00624,2026-04-21,Watsons,Health & Beauty,2,200
EV000218,RESIDENT_00128,2026-04-03,Cold Storage,Groceries,10,1000
EV000587,RESIDENT_00345,2026-04-17,Decathlon,Sports,10,1000
EV002543,RESIDENT_01485,2026-06-01,Decathlon,Sports,2,200
EV002524,RESIDENT_01473,2026-06-14,Kopitiam,Food & Beverage,5,500
EV002317,RESIDENT_01332,2026-05-26,Watsons,Health & Beauty,5,500
EV001105,RESIDENT_00657,2026-04-16,Cold Storage,Groceries,5,500
EV000799,RESIDENT_00466,2026-06-11,Watsons,Health & Beauty,5,500
EV000736,RESIDENT_00434,2026-06-16,Kopitiam,Food & Beverage,10,1000
EV000917,RESIDENT_00542,2026-05-10,Kopitiam,Food & Beverage,2,200
EV001158,RESIDENT_00685,2026-06-27,Kopitiam,Food & Beverage,15,1500
EV001007,RESIDENT_00591,2026-04-18,NTUC FairPrice,Groceries,10,1000
EV002267,RESIDENT_01305,2026-06-04,Cold Storage,Groceries,10,1000
EV002179,RESIDENT_01259,2026-05-24,Watsons,Health & Beauty,10,1000
EV002104,RESIDENT_01216,2026-05-09,NTUC FairPrice,Groceries,10,1000
EV000842,RESIDENT_00494,2026-06-19,Guardian,Health & Beauty,10,1000
EV001704,RESIDENT_00973,2026-04-26,Guardian,Health & Beauty,15,1500
EV000658,RESIDENT_00389,2026-04-02,NTUC FairPrice,Groceries,5,500
EV002386,RESIDENT_01380,2026-06-22,Kopitiam,Food & Beverage,2,200
EV000678,RESIDENT_00400,2026-06-28,Watsons,Health & Beauty,5,500
EV000450,RESIDENT_00265,2026-05-03,Cold Storage,Groceries,5,500
EV001157,RESIDENT_00685,2026-06-01,Watsons,Health & Beauty,5,500
EV001210,RESIDENT_00712,2026-05-08,Guardian,Health & Beauty,2,200
EV000320,RESIDENT_00188,2026-04-30,NTUC FairPrice,Groceries,10,1000
EV000983,RESIDENT_00580,2026-06-12,NTUC FairPrice,Groceries,10,1000
EV002301,RESIDENT_01324,2026-05-31,Watsons,Health & Beauty,10,1000
EV001616,RESIDENT_00933,2026-06-14,NTUC FairPrice,Groceries,15,1500
EV002396,RESIDENT_01384,2026-05-20,Watsons,Health & Beauty,10,1000
EV002542,RESIDENT_01485,2026-06-03,Cold Storage,Groceries,10,1000
EV001078,RESIDENT_00639,2026-04-30,Watsons,Health & Beauty,5,500
EV001346,RESIDENT_00789,2026-05-29,Kopitiam,Food & Beverage,10,1000
EV000808,RESIDENT_00469,2026-04-28,Kopitiam,Food & Beverage,5,500
EV001692,RESIDENT_00967,2026-04-17,Kopitiam,Food & Beverage,5,500
EV001615,RESIDENT_00933,2026-04-26,Cold Storage,Groceries,10,1000
EV002255,RESIDENT_01299,2026-05-24,Decathlon,Sports,2,200
EV000002,RESIDENT_00001,2026-05-03,NTUC FairPrice,Groceries,10,1000
EV000456,RESIDENT_00270,2026-04-05,Watsons,Health & Beauty,5,500
EV000782,RESIDENT_00457,2026-04-28,Sheng Siong,Groceries,5,500
EV002342,RESIDENT_01351,2026-06-07,Cold Storage,Groceries,15,1500
EV000339,RESIDENT_00199,2026-05-14,Decathlon,Sports,2,200
EV000668,RESIDENT_00392,2026-05-04,Decathlon,Sports,5,500
EV000045,RESIDENT_00022,2026-06-20,Cold Storage,Groceries,2,200
EV000210,RESIDENT_00122,2026-04-26,Kopitiam,Food & Beverage,10,1000
EV002361,RESIDENT_01364,2026-04-05,Sheng Siong,Groceries,10,1000
EV002331,RESIDENT_01341,2026-04-17,Kopitiam,Food & Beverage,5,500
EV001907,RESIDENT_01107,2026-05-08,Decathlon,Sports,5,500
EV001108,RESIDENT_00658,2026-05-10,NTUC FairPrice,Groceries,5,500
EV001621,RESIDENT_00935,2026-06-22,Sheng Siong,Groceries,15,1500
EV000812,RESIDENT_00471,2026-06-03,Kopitiam,Food & Beverage,5,500
EV000903,RESIDENT_00536,2026-06-27,Cold Storage,Groceries,10,1000
EV002161,RESIDENT_01254,2026-04-08,Cold Storage,Groceries,10,1000
EV002176,RESIDENT_01259,2026-06-06,Sheng Siong,Groceries,5,500
EV002257,RESIDENT_01299,2026-04-19,Cold Storage,Groceries,10,1000
EV000708,RESIDENT_00416,2026-06-27,Kopitiam,Food & Beverage,10,1000
EV002034,RESIDENT_01174,2026-06-18,Kopitiam,Food & Beverage,5,500
EV000793,RESIDENT_00463,2026-04-24,NTUC FairPrice,Groceries,10,1000
EV000970,RESIDENT_00577,2026-06-08,Guardian,Health & Beauty,5,500
EV000606,RESIDENT_00360,2026-05-04,NTUC FairPrice,Groceries,10,1000
EV000055,RESIDENT_00025,2026-04-11,Guardian,Health & Beauty,2,200
EV000818,RESIDENT_00474,2026-04-28,Decathlon,Sports,5,500
EV001256,RESIDENT_00741,2026-05-05,Cold Storage,Groceries,10,1000
EV002135,RESIDENT_01236,2026-05-02,Watsons,Health & Beauty,5,500
EV001279,RESIDENT_00754,2026-06-12,Sheng Siong,Groceries,10,1000
EV002045,RESIDENT_01182,2026-04-30,Cold Storage,Groceries,2,200
EV000717,RESIDENT_00422,2026-05-26,Kopitiam,Food & Beverage,10,1000
EV000131,RESIDENT_00076,2026-04-17,Kopitiam,Food & Beverage,10,1000
EV001200,RESIDENT_00708,2026-05-30,Kopitiam,Food & Beverage,10,1000
EV001491,RESIDENT_00868,2026-04-03,Kopitiam,Food & Beverage,2,200
EV001276,RESIDENT_00754,2026-05-15,Sheng Siong,Groceries,10,1000
EV000565,RESIDENT_00331,2026-06-07,Sheng Siong,Groceries,2,200
EV002202,RESIDENT_01268,2026-06-30,Guardian,Health & Beauty,15,1500
EV000148,RESIDENT_00086,2026-06-11,Sheng Siong,Groceries,10,1000
EV001023,RESIDENT_00603,2026-05-19,NTUC FairPrice,Groceries,15,1500
EV002562,RESIDENT_01497,2026-05-06,Cold Storage,Groceries,15,1500
EV000657,RESIDENT_00388,2026-05-26,Guardian,Health & Beauty,15,1500
EV002501,RESIDENT_01458,2026-06-03,Sheng Siong,Groceries,5,500
EV000394,RESIDENT_00236,2026-06-01,Watsons,Health & Beauty,10,1000
EV002106,RESIDENT_01217,2026-04-25,Guardian,Health & Beauty,2,200
EV001264,RESIDENT_00748,2026-06-15,Watsons,Health & Beauty,5,500
EV001727,RESIDENT_00984,2026-05-22,Sheng Siong,Groceries,5,500
EV001956,RESIDENT_01135,2026-04-02,Cold Storage,Groceries,10,1000
EV000944,RESIDENT_00559,2026-04-23,NTUC FairPrice,Groceries,5,500
EV001676,RESIDENT_00959,2026-04-22,Guardian,Health & Beauty,5,500
EV001418,RESIDENT_00826,2026-06-11,Kopitiam,Food & Beverage,10,1000
EV000835,RESIDENT_00486,2026-06-20,Watsons,Health & Beauty,10,1000
EV000052,RESIDENT_00025,2026-05-27,NTUC FairPrice,Groceries,2,200
EV000208,RESIDENT_00117,2026-04-16,Guardian,Health & Beauty,5,500
EV000530,RESIDENT_00310,2026-05-26,Kopitiam,Food & Beverage,5,500
EV001335,RESIDENT_00785,2026-05-19,Cold Storage,Groceries,2,200
EV001575,RESIDENT_00910,2026-05-18,NTUC FairPrice,Groceries,10,1000
EV000440,RESIDENT_00261,2026-04-30,Guardian,Health & Beauty,5,500
EV002429,RESIDENT_01405,2026-05-14,Watsons,Health & Beauty,2,200
EV002256,RESIDENT_01299,2026-05-14,Cold Storage,Groceries,15,1500
EV001254,RESIDENT_00740,2026-06-15,Decathlon,Sports,10,1000
EV000165,RESIDENT_00094,2026-04-08,Cold Storage,Groceries,10,1000
EV001724,RESIDENT_00983,2026-04-30,Watsons,Health & Beauty,5,500
EV000068,RESIDENT_00037,2026-05-20,Cold Storage,Groceries,5,500
EV001857,RESIDENT_01070,2026-06-04,Cold Storage,Groceries,10,1000
EV001037,RESIDENT_00614,2026-05-20,Cold Storage,Groceries,5,500
EV000069,RESIDENT_00037,2026-06-28,NTUC FairPrice,Groceries,10,1000
EV001696,RESIDENT_00969,2026-06-14,Decathlon,Sports,10,1000
EV000833,RESIDENT_00486,2026-06-12,Decathlon,Sports,5,500
EV000877,RESIDENT_00522,2026-06-12,NTUC FairPrice,Groceries,10,1000
EV000109,RESIDENT_00065,2026-05-19,Cold Storage,Groceries,5,500
EV000484,RESIDENT_00284,2026-06-06,Watsons,Health & Beauty,5,500
EV000998,RESIDENT_00586,2026-06-22,Cold Storage,Groceries,2,200
EV002022,RESIDENT_01166,2026-06-06,NTUC FairPrice,Groceries,2,200
EV002156,RESIDENT_01251,2026-05-06,Cold Storage,Groceries,5,500
EV002168,RESIDENT_01256,2026-05-20,Cold Storage,Groceries,2,200
EV000245,RESIDENT_00144,2026-06-09,Cold Storage,Groceries,15,1500
EV002508,RESIDENT_01462,2026-05-27,Watsons,Health & Beauty,10,1000
EV000123,RESIDENT_00073,2026-04-14,Kopitiam,Food & Beverage,15,1500
EV000798,RESIDENT_00466,2026-05-11,NTUC FairPrice,Groceries,5,500
EV002452,RESIDENT_01420,2026-04-13,NTUC FairPrice,Groceries,5,500
EV000447,RESIDENT_00264,2026-04-06,Sheng Siong,Groceries,5,500
EV001654,RESIDENT_00949,2026-04-24,Decathlon,Sports,15,1500
EV000755,RESIDENT_00444,2026-04-21,Cold Storage,Groceries,10,1000
EV001808,RESIDENT_01040,2026-05-04,Watsons,Health & Beauty,10,1000
EV001376,RESIDENT_00803,2026-06-29,Decathlon,Sports,15,1500
EV002336,RESIDENT_01346,2026-06-23,Guardian,Health & Beauty,10,1000
EV001452,RESIDENT_00840,2026-06-21,Decathlon,Sports,15,1500
EV002107,RESIDENT_01219,2026-05-12,Decathlon,Sports,10,1000
EV001987,RESIDENT_01150,2026-06-18,Decathlon,Sports,5,500
EV002194,RESIDENT_01266,2026-05-18,Decathlon,Sports,15,1500
EV001110,RESIDENT_00658,2026-06-03,Guardian,Health & Beauty,5,500
EV000104,RESIDENT_00060,2026-04-11,Guardian,Health & Beauty,10,1000
EV001504,RESIDENT_00871,2026-05-08,Cold Storage,Groceries,10,1000
EV002433,RESIDENT_01408,2026-06-23,Sheng Siong,Groceries,15,1500
EV002096,RESIDENT_01212,2026-06-19,Kopitiam,Food & Beverage,10,1000
EV000761,RESIDENT_00446,2026-04-03,Decathlon,Sports,10,1000
EV001191,RESIDENT_00703,2026-05-31,Watsons,Health & Beauty,10,1000
EV000155,RESIDENT_00089,2026-04-19,Guardian,Health & Beauty,5,500
EV002547,RESIDENT_01486,2026-04-15,Decathlon,Sports,5,500
EV000315,RESIDENT_00182,2026-04-02,Guardian,Health & Beauty,5,500
EV000233,RESIDENT_00137,2026-04-29,Cold Storage,Groceries,10,1000
EV000645,RESIDENT_00381,2026-06-13,Guardian,Health & Beauty,10,1000
EV000185,RESIDENT_00105,2026-06-15,Watsons,Health & Beauty,10,1000
EV001774,RESIDENT_01019,2026-05-24,Decathlon,Sports,10,1000
EV000703,RESIDENT_00414,2026-04-27,Kopitiam,Food & Beverage,5,500
EV000695,RESIDENT_00409,2026-06-15,Sheng Siong,Groceries,5,500
EV002041,RESIDENT_01177,2026-04-24,Decathlon,Sports,5,500
EV000664,RESIDENT_00391,2026-04-04,NTUC FairPrice,Groceries,10,1000
EV002358,RESIDENT_01363,2026-04-13,Sheng Siong,Groceries,5,500
EV000499,RESIDENT_00291,2026-06-26,Guardian,Health & Beauty,5,500
EV002007,RESIDENT_01158,2026-05-18,Cold Storage,Groceries,10,1000
EV001350,RESIDENT_00793,2026-05-28,Sheng Siong,Groceries,5,500
EV001609,RESIDENT_00929,2026-04-22,Kopitiam,Food & Beverage,2,200
EV000576,RESIDENT_00338,2026-04-05,Sheng Siong,Groceries,5,500
EV001414,RESIDENT_00826,2026-05-10,Guardian,Health & Beauty,5,500
EV000656,RESIDENT_00386,2026-05-06,Cold Storage,Groceries,10,1000
EV002521,RESIDENT_01470,2026-06-29,Watsons,Health & Beauty,10,1000
EV001630,RESIDENT_00937,2026-06-19,Guardian,Health & Beauty,5,500
EV002198,RESIDENT_01267,2026-06-02,Watsons,Health & Beauty,10,1000
EV000227,RESIDENT_00133,2026-06-06,Kopitiam,Food & Beverage,15,1500
EV000346,RESIDENT_00202,2026-05-28,NTUC FairPrice,Groceries,2,200
EV000152,RESIDENT_00088,2026-05-06,NTUC FairPrice,Groceries,5,500
EV000399,RESIDENT_00237,2026-05-20,NTUC FairPrice,Groceries,10,1000
EV001765,RESIDENT_01015,2026-05-26,NTUC FairPrice,Groceries,5,500
EV000561,RESIDENT_00329,2026-06-02,Decathlon,Sports,5,500
EV001263,RESIDENT_00747,2026-05-25,Kopitiam,Food & Beverage,5,500
EV001464,RESIDENT_00850,2026-04-08,Decathlon,Sports,5,500
EV000843,RESIDENT_00495,2026-04-10,Decathlon,Sports,10,1000
EV001969,RESIDENT_01142,2026-05-15,Sheng Siong,Groceries,5,500
EV001770,RESIDENT_01016,2026-04-24,Watsons,Health & Beauty,10,1000
EV000516,RESIDENT_00303,2026-05-24,Kopitiam,Food & Beverage,15,1500
EV000472,RESIDENT_00279,2026-05-16,Sheng Siong,Groceries,10,1000
EV001781,RESIDENT_01022,2026-04-17,Decathlon,Sports,10,1000
EV000876,RESIDENT_00521,2026-04-07,Decathlon,Sports,2,200
EV000401,RESIDENT_00238,2026-04-24,Sheng Siong,Groceries,10,1000
EV001631,RESIDENT_00938,2026-04-03,Watsons,Health & Beauty,5,500
EV001845,RESIDENT_01058,2026-05-26,Guardian,Health & Beauty,2,200
EV001286,RESIDENT_00756,2026-06-14,Kopitiam,Food & Beverage,10,1000
EV000554,RESIDENT_00324,2026-06-15,Kopitiam,Food & Beverage,10,1000
EV001722,RESIDENT_00982,2026-05-21,Cold Storage,Groceries,5,500
EV001355,RESIDENT_00794,2026-05-25,NTUC FairPrice,Groceries,15,1500
EV001113,RESIDENT_00660,2026-06-16,Guardian,Health & Beauty,5,500
EV002229,RESIDENT_01285,2026-04-13,Guardian,Health & Beauty,5,500
EV002070,RESIDENT_01196,2026-05-09,Sheng Siong,Groceries,2,200
EV002038,RESIDENT_01176,2026-06-20,Cold Storage,Groceries,5,500
EV000581,RESIDENT_00341,2026-04-24,Guardian,Health & Beauty,5,500
EV002117,RESIDENT_01222,2026-06-24,Decathlon,Sports,2,200
EV000830,RESIDENT_00485,2026-05-10,Guardian,Health & Beauty,5,500
EV000825,RESIDENT_00479,2026-05-14,Cold Storage,Groceries,2,200
EV000191,RESIDENT_00107,2026-05-19,Watsons,Health & Beauty,10,1000
EV002147,RESIDENT_01247,2026-06-15,Watsons,Health & Beauty,5,500
EV000184,RESIDENT_00104,2026-04-30,NTUC FairPrice,Groceries,5,500
EV001400,RESIDENT_00814,2026-05-05,NTUC FairPrice,Groceries,10,1000
EV000343,RESIDENT_00201,2026-04-14,Guardian,Health & Beauty,15,1500
EV000848,RESIDENT_00500,2026-05-05,Cold Storage,Groceries,5,500
EV002350,RESIDENT_01358,2026-04-15,Decathlon,Sports,15,1500
EV001248,RESIDENT_00738,2026-06-14,Watsons,Health & Beauty,2,200
EV002129,RESIDENT_01233,2026-04-07,Guardian,Health & Beauty,10,1000
EV002435,RESIDENT_01409,2026-04-16,Decathlon,Sports,5,500
EV000389,RESIDENT_00232,2026-04-02,Sheng Siong,Groceries,15,1500
EV002470,RESIDENT_01434,2026-05-29,Guardian,Health & Beauty,10,1000
EV002370,RESIDENT_01370,2026-04-16,NTUC FairPrice,Groceries,15,1500
EV002060,RESIDENT_01191,2026-04-05,Cold Storage,Groceries,10,1000
EV002421,RESIDENT_01396,2026-05-19,Watsons,Health & Beauty,5,500
EV001259,RESIDENT_00747,2026-04-16,Sheng Siong,Groceries,15,1500
EV000556,RESIDENT_00326,2026-04-13,Decathlon,Sports,10,1000
EV002110,RESIDENT_01220,2026-04-10,Watsons,Health & Beauty,10,1000
EV001716,RESIDENT_00980,2026-05-08,Kopitiam,Food & Beverage,15,1500
EV001430,RESIDENT_00832,2026-05-10,NTUC FairPrice,Groceries,15,1500
EV001759,RESIDENT_01010,2026-04-07,Sheng Siong,Groceries,10,1000
EV000332,RESIDENT_00196,2026-06-06,Kopitiam,Food & Beverage,2,200
EV002113,RESIDENT_01221,2026-05-03,Kopitiam,Food & Beverage,5,500
EV001968,RESIDENT_01142,2026-05-12,Decathlon,Sports,10,1000
EV000001,RESIDENT_00001,2026-04-17,Watsons,Health & Beauty,10,1000
EV000730,RESIDENT_00432,2026-06-01,Kopitiam,Food & Beverage,5,500
EV000424,RESIDENT_00251,2026-04-14,Cold Storage,Groceries,5,500
EV001183,RESIDENT_00699,2026-04-15,Watsons,Health & Beauty,5,500
EV002352,RESIDENT_01359,2026-04-17,Sheng Siong,Groceries,5,500
EV000362,RESIDENT_00209,2026-05-11,Decathlon,Sports,15,1500
EV001665,RESIDENT_00954,2026-04-06,Guardian,Health & Beauty,2,200
EV000225,RESIDENT_00132,2026-05-13,Watsons,Health & Beauty,2,200
EV000610,RESIDENT_00363,2026-05-19,Kopitiam,Food & Beverage,10,1000
EV000096,RESIDENT_00054,2026-06-21,NTUC FairPrice,Groceries,5,500
EV001588,RESIDENT_00918,2026-05-24,Watsons,Health & Beauty,5,500
EV001406,RESIDENT_00818,2026-05-08,Guardian,Health & Beauty,5,500
EV002027,RESIDENT_01169,2026-04-24,NTUC FairPrice,Groceries,5,500
EV000423,RESIDENT_00251,2026-04-17,NTUC FairPrice,Groceries,2,200
EV000698,RESIDENT_00411,2026-05-27,Guardian,Health & Beauty,5,500
EV000421,RESIDENT_00249,2026-05-30,NTUC FairPrice,Groceries,15,1500
EV001880,RESIDENT_01085,2026-04-04,Guardian,Health & Beauty,5,500
EV000340,RESIDENT_00199,2026-04-10,NTUC FairPrice,Groceries,5,500
EV001548,RESIDENT_00894,2026-06-26,Guardian,Health & Beauty,5,500
EV002059,RESIDENT_01191,2026-04-19,Watsons,Health & Beauty,10,1000
EV000169,RESIDENT_00097,2026-04-11,NTUC FairPrice,Groceries,15,1500
EV001484,RESIDENT_00863,2026-04-21,NTUC FairPrice,Groceries,5,500
EV001567,RESIDENT_00906,2026-04-11,NTUC FairPrice,Groceries,10,1000
EV000431,RESIDENT_00255,2026-05-13,Guardian,Health & Beauty,5,500
EV000467,RESIDENT_00275,2026-05-16,Sheng Siong,Groceries,10,1000
EV002024,RESIDENT_01167,2026-04-09,NTUC FairPrice,Groceries,2,200
EV001308,RESIDENT_00773,2026-04-03,Sheng Siong,Groceries,2,200
EV000325,RESIDENT_00191,2026-05-26,Sheng Siong,Groceries,15,1500
EV001219,RESIDENT_00716,2026-04-16,Guardian,Health & Beauty,5,500
EV000506,RESIDENT_00297,2026-04-11,NTUC FairPrice,Groceries,15,1500
EV000142,RESIDENT_00083,2026-06-26,Guardian,Health & Beauty,2,200
EV000776,RESIDENT_00453,2026-06-13,Watsons,Health & Beauty,2,200
EV001099,RESIDENT_00652,2026-05-11,Decathlon,Sports,10,1000
EV001142,RESIDENT_00678,2026-06-07,Sheng Siong,Groceries,15,1500
EV001270,RESIDENT_00750,2026-05-03,Watsons,Health & Beauty,5,500
EV002551,RESIDENT_01488,2026-04-19,Kopitiam,Food & Beverage,5,500
EV000784,RESIDENT_00457,2026-05-27,Guardian,Health & Beauty,2,200
EV002245,RESIDENT_01292,2026-06-15,NTUC FairPrice,Groceries,10,1000
EV001933,RESIDENT_01122,2026-06-14,Watsons,Health & Beauty,10,1000
EV001905,RESIDENT_01105,2026-06-03,Watsons,Health & Beauty,5,500
EV001580,RESIDENT_00915,2026-04-04,Sheng Siong,Groceries,2,200
EV001858,RESIDENT_01071,2026-04-01,Guardian,Health & Beauty,2,200
EV000920,RESIDENT_00544,2026-05-24,NTUC FairPrice,Groceries,10,1000
EV001888,RESIDENT_01091,2026-06-23,Guardian,Health & Beauty,2,200
EV000691,RESIDENT_00408,2026-04-13,NTUC FairPrice,Groceries,2,200
EV001571,RESIDENT_00908,2026-04-13,Sheng Siong,Groceries,5,500
EV000804,RESIDENT_00467,2026-06-06,Cold Storage,Groceries,10,1000
EV000159,RESIDENT_00091,2026-05-20,Decathlon,Sports,10,1000
EV000632,RESIDENT_00371,2026-06-18,Decathlon,Sports,15,1500
EV000289,RESIDENT_00165,2026-05-03,Sheng Siong,Groceries,10,1000
EV002160,RESIDENT_01254,2026-05-22,Decathlon,Sports,15,1500
EV001683,RESIDENT_00962,2026-05-28,Decathlon,Sports,15,1500
EV000132,RESIDENT_00078,2026-06-08,Cold Storage,Groceries,5,500
EV000461,RESIDENT_00273,2026-06-21,Cold Storage,Groceries,10,1000
EV000844,RESIDENT_00499,2026-05-18,Cold Storage,Groceries,5,500
EV001594,RESIDENT_00923,2026-05-21,NTUC FairPrice,Groceries,10,1000
EV000222,RESIDENT_00131,2026-05-06,Kopitiam,Food & Beverage,5,500
EV001135,RESIDENT_00675,2026-05-24,Cold Storage,Groceries,5,500
EV001380,RESIDENT_00804,2026-04-29,Watsons,Health & Beauty,15,1500
EV000716,RESIDENT_00422,2026-05-25,Cold Storage,Groceries,5,500
EV000183,RESIDENT_00103,2026-06-27,Kopitiam,Food & Beverage,10,1000
EV000059,RESIDENT_00029,2026-06-14,Decathlon,Sports,15,1500
EV000589,RESIDENT_00345,2026-04-13,Watsons,Health & Beauty,2,200
EV001929,RESIDENT_01120,2026-04-06,Kopitiam,Food & Beverage,5,500
EV001083,RESIDENT_00642,2026-05-14,Watsons,Health & Beauty,10,1000
EV002067,RESIDENT_01194,2026-04-24,Cold Storage,Groceries,5,500
EV001138,RESIDENT_00677,2026-06-11,Decathlon,Sports,5,500
EV001922,RESIDENT_01116,2026-04-27,Sheng Siong,Groceries,5,500
EV000003,RESIDENT_00002,2026-05-29,NTUC FairPrice,Groceries,10,1000
EV000918,RESIDENT_00542,2026-05-31,Cold Storage,Groceries,5,500
EV001574,RESIDENT_00909,2026-05-05,Decathlon,Sports,15,1500
EV001442,RESIDENT_00836,2026-06-09,NTUC FairPrice,Groceries,15,1500
EV000305,RESIDENT_00176,2026-06-14,Sheng Siong,Groceries,2,200
EV001160,RESIDENT_00686,2026-04-18,Sheng Siong,Groceries,2,200
EV001691,RESIDENT_00967,2026-05-15,Kopitiam,Food & Beverage,2,200
EV002207,RESIDENT_01270,2026-04-22,Guardian,Health & Beauty,10,1000
EV001434,RESIDENT_00832,2026-05-06,Guardian,Health & Beauty,15,1500
EV002550,RESIDENT_01488,2026-05-09,Cold Storage,Groceries,10,1000
EV001437,RESIDENT_00835,2026-05-16,NTUC FairPrice,Groceries,5,500
EV002089,RESIDENT_01205,2026-06-06,Kopitiam,Food & Beverage,5,500
EV001128,RESIDENT_00668,2026-06-30,Sheng Siong,Groceries,10,1000
EV001093,RESIDENT_00648,2026-05-16,Watsons,Health & Beauty,5,500
EV001220,RESIDENT_00717,2026-04-02,Sheng Siong,Groceries,2,200
EV000280,RESIDENT_00161,2026-05-11,Guardian,Health & Beauty,5,500
EV000514,RESIDENT_00303,2026-04-24,NTUC FairPrice,Groceries,10,1000
EV000680,RESIDENT_00403,2026-04-07,Kopitiam,Food & Beverage,5,500
EV000018,RESIDENT_00010,2026-04-25,Watsons,Health & Beauty,15,1500
EV000780,RESIDENT_00455,2026-05-20,Cold Storage,Groceries,2,200
EV000860,RESIDENT_00507,2026-05-16,Watsons,Health & Beauty,2,200
EV001795,RESIDENT_01033,2026-06-25,Sheng Siong,Groceries,10,1000
EV000750,RESIDENT_00441,2026-04-02,Watsons,Health & Beauty,10,1000
EV002444,RESIDENT_01416,2026-05-14,Sheng Siong,Groceries,10,1000
EV002419,RESIDENT_01396,2026-06-16,Watsons,Health & Beauty,15,1500
EV000382,RESIDENT_00230,2026-06-17,Decathlon,Sports,5,500
EV000685,RESIDENT_00407,2026-06-21,Kopitiam,Food & Beverage,5,500
EV001584,RESIDENT_00916,2026-05-19,NTUC FairPrice,Groceries,5,500
EV000790,RESIDENT_00461,2026-06-07,Sheng Siong,Groceries,2,200
EV000119,RESIDENT_00071,2026-06-22,Cold Storage,Groceries,2,200
EV000631,RESIDENT_00371,2026-04-23,Kopitiam,Food & Beverage,10,1000
EV001417,RESIDENT_00826,2026-06-21,Cold Storage,Groceries,5,500
EV001945,RESIDENT_01129,2026-04-25,Kopitiam,Food & Beverage,10,1000
EV002285,RESIDENT_01313,2026-05-19,NTUC FairPrice,Groceries,10,1000
EV001841,RESIDENT_01056,2026-05-28,Sheng Siong,Groceries,10,1000
EV000180,RESIDENT_00102,2026-06-17,Cold Storage,Groceries,10,1000
EV000084,RESIDENT_00046,2026-06-28,NTUC FairPrice,Groceries,10,1000
EV001095,RESIDENT_00650,2026-06-12,Watsons,Health & Beauty,5,500
EV002546,RESIDENT_01486,2026-06-22,Watsons,Health & Beauty,10,1000
EV001521,RESIDENT_00880,2026-06-17,NTUC FairPrice,Groceries,5,500
EV001328,RESIDENT_00781,2026-05-08,Decathlon,Sports,10,1000
EV002316,RESIDENT_01332,2026-05-17,Sheng Siong,Groceries,5,500
EV002399,RESIDENT_01387,2026-05-01,Decathlon,Sports,10,1000
EV001422,RESIDENT_00829,2026-05-28,Sheng Siong,Groceries,10,1000
EV001730,RESIDENT_00988,2026-04-26,Cold Storage,Groceries,10,1000
EV002390,RESIDENT_01382,2026-06-18,Kopitiam,Food & Beverage,5,500
EV000785,RESIDENT_00458,2026-05-20,Sheng Siong,Groceries,2,200
EV002465,RESIDENT_01429,2026-05-07,Kopitiam,Food & Beverage,5,500
EV002426,RESIDENT_01401,2026-06-29,Cold Storage,Groceries,10,1000
EV002152,RESIDENT_01248,2026-04-05,Kopitiam,Food & Beverage,10,1000
EV000512,RESIDENT_00300,2026-05-07,Decathlon,Sports,15,1500
EV002487,RESIDENT_01444,2026-05-02,Sheng Siong,Groceries,10,1000
EV001624,RESIDENT_00936,2026-04-25,Watsons,Health & Beauty,2,200
EV000054,RESIDENT_00025,2026-04-23,Watsons,Health & Beauty,5,500
EV001529,RESIDENT_00884,2026-06-02,Guardian,Health & Beauty,5,500
EV000301,RESIDENT_00174,2026-05-30,Sheng Siong,Groceries,5,500
EV000635,RESIDENT_00374,2026-05-21,Cold Storage,Groceries,5,500
EV000318,RESIDENT_00186,2026-04-08,Cold Storage,Groceries,2,200
EV000751,RESIDENT_00441,2026-04-02,Watsons,Health & Beauty,15,1500
EV000824,RESIDENT_00478,2026-05-14,Sheng Siong,Groceries,2,200
EV002472,RESIDENT_01437,2026-04-02,Kopitiam,Food & Beverage,15,1500
EV000252,RESIDENT_00148,2026-05-22,Kopitiam,Food & Beverage,10,1000
EV000020,RESIDENT_00013,2026-06-01,Decathlon,Sports,5,500
EV001864,RESIDENT_01075,2026-06-25,NTUC FairPrice,Groceries,5,500
EV000129,RESIDENT_00076,2026-06-06,Sheng Siong,Groceries,2,200
EV001124,RESIDENT_00665,2026-05-31,Cold Storage,Groceries,5,500
EV001501,RESIDENT_00870,2026-06-01,Cold Storage,Groceries,5,500
EV002222,RESIDENT_01282,2026-06-24,Guardian,Health & Beauty,5,500
EV000008,RESIDENT_00004,2026-06-15,Cold Storage,Groceries,15,1500
EV000660,RESIDENT_00389,2026-06-25,Sheng Siong,Groceries,5,500
EV000095,RESIDENT_00054,2026-04-07,Guardian,Health & Beauty,10,1000
EV001789,RESIDENT_01029,2026-05-21,Guardian,Health & Beauty,15,1500
EV001131,RESIDENT_00671,2026-05-06,Kopitiam,Food & Beverage,5,500
EV002154,RESIDENT_01251,2026-04-22,Kopitiam,Food & Beverage,5,500
EV000827,RESIDENT_00479,2026-05-08,Kopitiam,Food & Beverage,10,1000
EV002138,RESIDENT_01239,2026-05-16,Guardian,Health & Beauty,5,500
EV001353,RESIDENT_00794,2026-06-19,Kopitiam,Food & Beverage,5,500
EV000897,RESIDENT_00532,2026-06-16,Decathlon,Sports,5,500
EV001661,RESIDENT_00951,2026-04-25,Decathlon,Sports,10,1000
EV001740,RESIDENT_00991,2026-06-01,Watsons,Health & Beauty,15,1500
EV000260,RESIDENT_00150,2026-05-29,Decathlon,Sports,5,500
EV001895,RESIDENT_01098,2026-04-23,Watsons,Health & Beauty,2,200
EV000932,RESIDENT_00551,2026-06-05,Cold Storage,Groceries,5,500
EV000015,RESIDENT_00007,2026-05-14,Decathlon,Sports,2,200
EV002011,RESIDENT_01159,2026-04-13,Cold Storage,Groceries,10,1000
EV001249,RESIDENT_00738,2026-06-06,Watsons,Health & Beauty,5,500
EV000709,RESIDENT_00417,2026-05-24,NTUC FairPrice,Groceries,5,500
EV002286,RESIDENT_01314,2026-05-11,Guardian,Health & Beauty,10,1000
EV000700,RESIDENT_00413,2026-05-20,Watsons,Health & Beauty,10,1000
EV002366,RESIDENT_01366,2026-04-01,Watsons,Health & Beauty,15,1500
EV002310,RESIDENT_01329,2026-04-23,Sheng Siong,Groceries,5,500
EV002492,RESIDENT_01448,2026-06-15,Decathlon,Sports,15,1500
EV002451,RESIDENT_01420,2026-06-05,Cold Storage,Groceries,10,1000
EV001955,RESIDENT_01134,2026-05-29,Sheng Siong,Groceries,5,500
EV001991,RESIDENT_01151,2026-06-25,NTUC FairPrice,Groceries,10,1000
EV000081,RESIDENT_00045,2026-04-13,Decathlon,Sports,2,200
EV000633,RESIDENT_00373,2026-04-26,Sheng Siong,Groceries,10,1000
EV001623,RESIDENT_00936,2026-04-11,Kopitiam,Food & Beverage,5,500
EV002052,RESIDENT_01188,2026-05-01,Cold Storage,Groceries,5,500
EV000259,RESIDENT_00150,2026-05-01,Sheng Siong,Groceries,10,1000
EV001896,RESIDENT_01098,2026-06-02,Sheng Siong,Groceries,5,500
EV000126,RESIDENT_00075,2026-05-04,NTUC FairPrice,Groceries,2,200
EV000831,RESIDENT_00485,2026-05-16,Cold Storage,Groceries,10,1000
EV000724,RESIDENT_00424,2026-05-06,NTUC FairPrice,Groceries,15,1500
EV002249,RESIDENT_01293,2026-04-09,Sheng Siong,Groceries,10,1000
EV001995,RESIDENT_01154,2026-06-15,Cold Storage,Groceries,10,1000
EV000921,RESIDENT_00546,2026-04-04,Decathlon,Sports,10,1000
EV001790,RESIDENT_01029,2026-05-18,NTUC FairPrice,Groceries,5,500
EV001182,RESIDENT_00699,2026-06-05,NTUC FairPrice,Groceries,15,1500
EV002083,RESIDENT_01203,2026-05-06,Kopitiam,Food & Beverage,10,1000
EV000881,RESIDENT_00524,2026-05-05,NTUC FairPrice,Groceries,10,1000
EV002325,RESIDENT_01337,2026-06-27,Cold Storage,Groceries,10,1000
EV000308,RESIDENT_00178,2026-06-28,Guardian,Health & Beauty,10,1000
EV001268,RESIDENT_00748,2026-05-09,Decathlon,Sports,2,200
EV002539,RESIDENT_01483,2026-05-24,Guardian,Health & Beauty,15,1500
EV000206,RESIDENT_00117,2026-06-25,Guardian,Health & Beauty,15,1500
EV002218,RESIDENT_01276,2026-06-10,Cold Storage,Groceries,10,1000
EV000537,RESIDENT_00312,2026-04-20,Guardian,Health & Beauty,15,1500
EV000871,RESIDENT_00519,2026-05-29,Guardian,Health & Beauty,10,1000
EV002181,RESIDENT_01260,2026-04-07,Sheng Siong,Groceries,10,1000
EV000867,RESIDENT_00510,2026-05-13,Watsons,Health & Beauty,10,1000
EV000611,RESIDENT_00363,2026-06-08,Guardian,Health & Beauty,15,1500
EV000930,RESIDENT_00548,2026-06-08,NTUC FairPrice,Groceries,10,1000
EV001644,RESIDENT_00943,2026-04-22,Kopitiam,Food & Beverage,10,1000
EV001137,RESIDENT_00676,2026-04-09,NTUC FairPrice,Groceries,5,500
EV001474,RESIDENT_00857,2026-05-09,Watsons,Health & Beauty,10,1000
EV001715,RESIDENT_00978,2026-05-31,Guardian,Health & Beauty,15,1500
EV002131,RESIDENT_01234,2026-06-26,Kopitiam,Food & Beverage,15,1500
EV000175,RESIDENT_00100,2026-05-02,Decathlon,Sports,5,500
EV001026,RESIDENT_00604,2026-06-08,Cold Storage,Groceries,2,200
EV001312,RESIDENT_00775,2026-05-28,Watsons,Health & Beauty,5,500
EV001382,RESIDENT_00805,2026-05-26,Decathlon,Sports,15,1500
EV000438,RESIDENT_00260,2026-05-26,Decathlon,Sports,5,500
EV001483,RESIDENT_00863,2026-04-15,Watsons,Health & Beauty,2,200
EV000619,RESIDENT_00365,2026-06-28,Guardian,Health & Beauty,5,500
EV001719,RESIDENT_00981,2026-06-21,Watsons,Health & Beauty,5,500
EV000145,RESIDENT_00085,2026-06-21,Sheng Siong,Groceries,15,1500
EV000855,RESIDENT_00503,2026-04-28,Watsons,Health & Beauty,5,500
EV001342,RESIDENT_00788,2026-05-02,Guardian,Health & Beauty,15,1500
EV001783,RESIDENT_01023,2026-04-21,NTUC FairPrice,Groceries,10,1000
EV000026,RESIDENT_00015,2026-06-19,Kopitiam,Food & Beverage,5,500
EV002483,RESIDENT_01442,2026-06-26,Sheng Siong,Groceries,15,1500
EV000460,RESIDENT_00272,2026-04-09,Guardian,Health & Beauty,10,1000
EV001415,RESIDENT_00826,2026-05-19,Cold Storage,Groceries,5,500
EV000807,RESIDENT_00469,2026-04-22,Cold Storage,Groceries,10,1000
EV001673,RESIDENT_00957,2026-06-05,Decathlon,Sports,10,1000
EV000397,RESIDENT_00237,2026-04-02,NTUC FairPrice,Groceries,5,500
EV000517,RESIDENT_00303,2026-04-06,Sheng Siong,Groceries,10,1000
EV000580,RESIDENT_00341,2026-04-23,Guardian,Health & Beauty,2,200
EV002308,RESIDENT_01329,2026-04-30,Watsons,Health & Beauty,15,1500
EV000144,RESIDENT_00083,2026-05-11,Sheng Siong,Groceries,10,1000
EV000491,RESIDENT_00289,2026-05-27,Sheng Siong,Groceries,2,200
EV002280,RESIDENT_01311,2026-05-09,Watsons,Health & Beauty,5,500
EV000663,RESIDENT_00390,2026-05-19,Guardian,Health & Beauty,2,200
EV002158,RESIDENT_01253,2026-06-22,NTUC FairPrice,Groceries,15,1500
EV001180,RESIDENT_00695,2026-06-16,Cold Storage,Groceries,5,500
EV000500,RESIDENT_00291,2026-04-17,Sheng Siong,Groceries,10,1000
EV002186,RESIDENT_01262,2026-05-28,NTUC FairPrice,Groceries,10,1000
EV001444,RESIDENT_00837,2026-05-04,Sheng Siong,Groceries,10,1000
EV001167,RESIDENT_00688,2026-04-30,Decathlon,Sports,5,500
EV001536,RESIDENT_00887,2026-04-15,Kopitiam,Food & Beverage,10,1000
EV001685,RESIDENT_00963,2026-05-10,Sheng Siong,Groceries,15,1500
EV001936,RESIDENT_01124,2026-06-21,Cold Storage,Groceries,10,1000
EV002199,RESIDENT_01267,2026-06-18,Guardian,Health & Beauty,15,1500
EV002469,RESIDENT_01431,2026-06-21,Sheng Siong,Groceries,5,500
EV001804,RESIDENT_01038,2026-05-18,NTUC FairPrice,Groceries,5,500
EV000713,RESIDENT_00420,2026-05-14,Sheng Siong,Groceries,2,200
EV001603,RESIDENT_00927,2026-05-29,Kopitiam,Food & Beverage,15,1500
EV000102,RESIDENT_00058,2026-05-14,Guardian,Health & Beauty,5,500
EV000740,RESIDENT_00437,2026-06-04,Watsons,Health & Beauty,15,1500
EV002228,RESIDENT_01284,2026-04-28,Sheng Siong,Groceries,5,500
EV000914,RESIDENT_00541,2026-05-31,Watsons,Health & Beauty,5,500
EV001338,RESIDENT_00786,2026-04-14,Watsons,Health & Beauty,10,1000
EV000071,RESIDENT_00039,2026-05-06,NTUC FairPrice,Groceries,5,500
EV002065,RESIDENT_01194,2026-06-24,Watsons,Health & Beauty,10,1000
EV002103,RESIDENT_01216,2026-04-30,NTUC FairPrice,Groceries,10,1000
EV001403,RESIDENT_00817,2026-06-16,Sheng Siong,Groceries,10,1000
EV000329,RESIDENT_00195,2026-05-25,Sheng Siong,Groceries,2,200
EV002239,RESIDENT_01289,2026-04-16,Watsons,Health & Beauty,2,200
EV002518,RESIDENT_01469,2026-05-21,Decathlon,Sports,10,1000
EV001581,RESIDENT_00916,2026-04-22,Sheng Siong,Groceries,2,200
EV002192,RESIDENT_01264,2026-06-16,Decathlon,Sports,10,1000
EV001786,RESIDENT_01027,2026-04-08,Kopitiam,Food & Beverage,15,1500
EV002353,RESIDENT_01359,2026-06-08,NTUC FairPrice,Groceries,2,200
EV001468,RESIDENT_00853,2026-04-30,Watsons,Health & Beauty,15,1500
EV001493,RESIDENT_00869,2026-06-09,Cold Storage,Groceries,15,1500
EV000638,RESIDENT_00378,2026-05-13,Sheng Siong,Groceries,5,500
EV002534,RESIDENT_01480,2026-04-24,Kopitiam,Food & Beverage,2,200
EV000402,RESIDENT_00238,2026-05-27,Kopitiam,Food & Beverage,10,1000
EV000527,RESIDENT_00309,2026-05-14,Guardian,Health & Beauty,10,1000
EV000442,RESIDENT_00262,2026-04-02,Guardian,Health & Beauty,10,1000
EV002398,RESIDENT_01387,2026-04-28,Decathlon,Sports,10,1000
EV000987,RESIDENT_00582,2026-05-30,Cold Storage,Groceries,15,1500
EV001433,RESIDENT_00832,2026-05-26,NTUC FairPrice,Groceries,5,500
EV000073,RESIDENT_00041,2026-06-23,Kopitiam,Food & Beverage,2,200
EV002191,RESIDENT_01263,2026-05-10,Decathlon,Sports,5,500
EV002380,RESIDENT_01375,2026-04-15,Decathlon,Sports,15,1500
EV000539,RESIDENT_00314,2026-04-16,Decathlon,Sports,5,500
EV001610,RESIDENT_00929,2026-05-01,Kopitiam,Food & Beverage,2,200
EV002476,RESIDENT_01440,2026-05-10,Kopitiam,Food & Beverage,5,500
EV001042,RESIDENT_00616,2026-05-26,Kopitiam,Food & Beverage,5,500
EV001287,RESIDENT_00756,2026-05-14,Cold Storage,Groceries,5,500
EV001218,RESIDENT_00716,2026-04-29,Watsons,Health & Beauty,5,500
EV000757,RESIDENT_00444,2026-05-15,Cold Storage,Groceries,5,500
EV001109,RESIDENT_00658,2026-06-15,Guardian,Health & Beauty,5,500
EV000737,RESIDENT_00435,2026-05-18,Watsons,Health & Beauty,10,1000
EV000122,RESIDENT_00073,2026-06-30,Decathlon,Sports,10,1000
EV001612,RESIDENT_00931,2026-06-19,Decathlon,Sports,10,1000
EV002377,RESIDENT_01373,2026-06-16,Decathlon,Sports,2,200
EV000306,RESIDENT_00177,2026-04-03,Kopitiam,Food & Beverage,15,1500
EV002425,RESIDENT_01398,2026-04-12,Sheng Siong,Groceries,2,200
EV001959,RESIDENT_01136,2026-05-06,Guardian,Health & Beauty,15,1500
EV000901,RESIDENT_00533,2026-05-21,Kopitiam,Food & Beverage,2,200
EV001566,RESIDENT_00906,2026-05-07,Decathlon,Sports,2,200
EV000510,RESIDENT_00299,2026-04-18,Decathlon,Sports,10,1000
EV000840,RESIDENT_00493,2026-04-19,Cold Storage,Groceries,5,500
EV002119,RESIDENT_01224,2026-04-22,NTUC FairPrice,Groceries,15,1500
EV002237,RESIDENT_01289,2026-04-26,Decathlon,Sports,5,500
EV002460,RESIDENT_01425,2026-06-18,Sheng Siong,Groceries,5,500
EV000935,RESIDENT_00552,2026-05-28,Cold Storage,Groceries,15,1500
EV002091,RESIDENT_01209,2026-04-14,Kopitiam,Food & Beverage,15,1500
EV002513,RESIDENT_01465,2026-06-05,Watsons,Health & Beauty,5,500
EV001189,RESIDENT_00703,2026-05-17,Sheng Siong,Groceries,5,500
EV001262,RESIDENT_00747,2026-04-26,Decathlon,Sports,2,200
EV001912,RESIDENT_01109,2026-06-18,Cold Storage,Groceries,15,1500
EV001134,RESIDENT_00675,2026-06-22,Decathlon,Sports,15,1500
EV000894,RESIDENT_00531,2026-04-28,Sheng Siong,Groceries,5,500
EV001397,RESIDENT_00814,2026-06-23,Decathlon,Sports,5,500
EV002032,RESIDENT_01172,2026-05-10,Kopitiam,Food & Beverage,2,200
EV001226,RESIDENT_00719,2026-04-10,Kopitiam,Food & Beverage,5,500
EV001867,RESIDENT_01078,2026-05-29,Sheng Siong,Groceries,15,1500
EV001234,RESIDENT_00730,2026-04-17,NTUC FairPrice,Groceries,5,500
EV000749,RESIDENT_00440,2026-04-09,Sheng Siong,Groceries,10,1000
EV001467,RESIDENT_00852,2026-04-23,Watsons,Health & Beauty,15,1500
EV002367,RESIDENT_01367,2026-06-17,Guardian,Health & Beauty,5,500
EV001646,RESIDENT_00943,2026-05-27,NTUC FairPrice,Groceries,10,1000
EV001387,RESIDENT_00806,2026-05-19,Kopitiam,Food & Beverage,5,500
EV001075,RESIDENT_00636,2026-04-21,Guardian,Health & Beauty,10,1000
EV001998,RESIDENT_01154,2026-06-13,NTUC FairPrice,Groceries,5,500
EV001554,RESIDENT_00900,2026-05-14,Cold Storage,Groceries,10,1000
EV001502,RESIDENT_00871,2026-04-03,Decathlon,Sports,15,1500
EV001401,RESIDENT_00815,2026-05-13,Sheng Siong,Groceries,10,1000
EV001225,RESIDENT_00718,2026-06-09,Sheng Siong,Groceries,2,200
EV000603,RESIDENT_00358,2026-05-09,Kopitiam,Food & Beverage,2,200
EV001941,RESIDENT_01127,2026-05-10,Guardian,Health & Beauty,5,500
EV000413,RESIDENT_00243,2026-04-10,Cold Storage,Groceries,10,1000
EV001485,RESIDENT_00863,2026-04-12,Guardian,Health & Beauty,2,200
EV000879,RESIDENT_00524,2026-04-10,Cold Storage,Groceries,5,500
EV002387,RESIDENT_01381,2026-04-27,Kopitiam,Food & Beverage,15,1500
EV001497,RESIDENT_00870,2026-06-08,Guardian,Health & Beauty,2,200
EV001383,RESIDENT_00806,2026-04-12,Decathlon,Sports,2,200
EV001324,RESIDENT_00778,2026-04-04,Watsons,Health & Beauty,5,500
EV000563,RESIDENT_00330,2026-05-16,Watsons,Health & Beauty,2,200
EV001996,RESIDENT_01154,2026-06-28,Watsons,Health & Beauty,2,200
EV000114,RESIDENT_00068,2026-06-22,Cold Storage,Groceries,15,1500
EV002097,RESIDENT_01212,2026-05-28,Decathlon,Sports,10,1000
EV000945,RESIDENT_00560,2026-06-16,Watsons,Health & Beauty,5,500
EV000429,RESIDENT_00254,2026-06-12,Kopitiam,Food & Beverage,2,200
EV001139,RESIDENT_00677,2026-05-11,Kopitiam,Food & Beverage,5,500
EV001085,RESIDENT_00643,2026-05-12,Cold Storage,Groceries,10,1000
EV002335,RESIDENT_01343,2026-04-10,Cold Storage,Groceries,2,200
EV001223,RESIDENT_00718,2026-05-18,Watsons,Health & Beauty,15,1500
EV000479,RESIDENT_00280,2026-06-14,Cold Storage,Groceries,10,1000
EV000458,RESIDENT_00271,2026-04-10,Decathlon,Sports,15,1500
EV002190,RESIDENT_01263,2026-06-17,Decathlon,Sports,10,1000
EV000597,RESIDENT_00355,2026-04-03,Kopitiam,Food & Beverage,5,500
EV000864,RESIDENT_00510,2026-05-20,NTUC FairPrice,Groceries,5,500
EV002408,RESIDENT_01389,2026-06-10,Cold Storage,Groceries,10,1000
EV001466,RESIDENT_00852,2026-05-02,Guardian,Health & Beauty,5,500
EV000817,RESIDENT_00474,2026-06-04,Watsons,Health & Beauty,2,200
EV001173,RESIDENT_00693,2026-04-26,Kopitiam,Food & Beverage,10,1000
EV002405,RESIDENT_01388,2026-05-26,Cold Storage,Groceries,2,200
EV002201,RESIDENT_01268,2026-04-30,Guardian,Health & Beauty,2,200
EV002102,RESIDENT_01215,2026-05-21,Guardian,Health & Beauty,10,1000
EV001195,RESIDENT_00707,2026-05-30,Kopitiam,Food & Beverage,5,500
EV000549,RESIDENT_00321,2026-04-14,Guardian,Health & Beauty,5,500
EV002514,RESIDENT_01465,2026-06-05,Watsons,Health & Beauty,5,500
EV001129,RESIDENT_00669,2026-04-20,Watsons,Health & Beauty,10,1000
EV002496,RESIDENT_01452,2026-06-05,Kopitiam,Food & Beverage,10,1000
EV000322,RESIDENT_00188,2026-05-26,Cold Storage,Groceries,5,500
EV000025,RESIDENT_00015,2026-05-11,Guardian,Health & Beauty,15,1500
EV002417,RESIDENT_01395,2026-06-15,Watsons,Health & Beauty,5,500
EV001553,RESIDENT_00898,2026-04-17,Decathlon,Sports,10,1000
EV000420,RESIDENT_00248,2026-05-07,Decathlon,Sports,5,500
EV001564,RESIDENT_00904,2026-04-13,Kopitiam,Food & Beverage,2,200
EV002411,RESIDENT_01391,2026-04-15,Kopitiam,Food & Beverage,15,1500
EV001651,RESIDENT_00947,2026-06-18,Cold Storage,Groceries,15,1500
EV000863,RESIDENT_00510,2026-06-13,Kopitiam,Food & Beverage,15,1500
EV000988,RESIDENT_00583,2026-06-24,Cold Storage,Groceries,5,500
EV001205,RESIDENT_00710,2026-04-29,Kopitiam,Food & Beverage,10,1000
EV000995,RESIDENT_00586,2026-04-24,Cold Storage,Groceries,10,1000
EV002155,RESIDENT_01251,2026-06-20,Watsons,Health & Beauty,10,1000
EV000778,RESIDENT_00455,2026-06-30,Decathlon,Sports,15,1500
EV000723,RESIDENT_00424,2026-06-01,NTUC FairPrice,Groceries,5,500
EV000725,RESIDENT_00424,2026-06-04,Watsons,Health & Beauty,2,200
EV000375,RESIDENT_00225,2026-05-23,Guardian,Health & Beauty,5,500
EV000965,RESIDENT_00573,2026-05-20,Kopitiam,Food & Beverage,10,1000
EV000092,RESIDENT_00051,2026-05-07,Watsons,Health & Beauty,5,500
EV000542,RESIDENT_00316,2026-04-09,Decathlon,Sports,5,500
EV001642,RESIDENT_00942,2026-04-30,Kopitiam,Food & Beverage,15,1500
EV000106,RESIDENT_00062,2026-05-15,NTUC FairPrice,Groceries,10,1000
EV002345,RESIDENT_01353,2026-04-13,Guardian,Health & Beauty,10,1000
EV002522,RESIDENT_01470,2026-05-16,NTUC FairPrice,Groceries,15,1500
EV001921,RESIDENT_01116,2026-05-19,Kopitiam,Food & Beverage,5,500
EV000890,RESIDENT_00526,2026-04-01,Guardian,Health & Beauty,10,1000
EV000246,RESIDENT_00144,2026-06-29,Cold Storage,Groceries,10,1000
EV001147,RESIDENT_00681,2026-04-23,Watsons,Health & Beauty,15,1500
EV001436,RESIDENT_00834,2026-05-17,Guardian,Health & Beauty,10,1000
EV001749,RESIDENT_01004,2026-04-10,NTUC FairPrice,Groceries,2,200
EV002554,RESIDENT_01493,2026-06-08,Watsons,Health & Beauty,2,200
EV001698,RESIDENT_00970,2026-04-30,Decathlon,Sports,10,1000
EV000209,RESIDENT_00120,2026-04-19,Watsons,Health & Beauty,10,1000
EV000501,RESIDENT_00291,2026-04-08,Cold Storage,Groceries,2,200
EV000662,RESIDENT_00390,2026-05-17,Sheng Siong,Groceries,5,500
EV002423,RESIDENT_01398,2026-06-01,Sheng Siong,Groceries,5,500
EV000192,RESIDENT_00108,2026-05-25,Cold Storage,Groceries,15,1500
EV000188,RESIDENT_00106,2026-04-16,Cold Storage,Groceries,5,500
EV002347,RESIDENT_01356,2026-06-10,Guardian,Health & Beauty,5,500
EV000211,RESIDENT_00122,2026-05-13,Decathlon,Sports,2,200
EV002563,RESIDENT_01497,2026-05-19,Kopitiam,Food & Beverage,5,500
EV000794,RESIDENT_00463,2026-04-18,Decathlon,Sports,15,1500
EV000906,RESIDENT_00538,2026-04-13,Sheng Siong,Groceries,2,200
EV000005,RESIDENT_00002,2026-05-10,Kopitiam,Food & Beverage,10,1000
EV002413,RESIDENT_01391,2026-04-14,NTUC FairPrice,Groceries,2,200
EV001518,RESIDENT_00879,2026-04-11,Sheng Siong,Groceries,10,1000
EV001179,RESIDENT_00695,2026-06-06,Watsons,Health & Beauty,5,500
EV000331,RESIDENT_00195,2026-04-19,Sheng Siong,Groceries,15,1500
EV001940,RESIDENT_01126,2026-04-09,NTUC FairPrice,Groceries,10,1000
EV000150,RESIDENT_00088,2026-06-20,Decathlon,Sports,5,500
EV000683,RESIDENT_00406,2026-05-27,Decathlon,Sports,2,200
EV000047,RESIDENT_00023,2026-04-20,Kopitiam,Food & Beverage,2,200
EV000538,RESIDENT_00313,2026-05-10,Cold Storage,Groceries,15,1500
EV001361,RESIDENT_00796,2026-05-20,Decathlon,Sports,5,500
EV002219,RESIDENT_01277,2026-04-18,Guardian,Health & Beauty,5,500
EV000773,RESIDENT_00452,2026-05-14,Cold Storage,Groceries,5,500
EV001873,RESIDENT_01080,2026-05-12,Sheng Siong,Groceries,5,500
EV002357,RESIDENT_01363,2026-05-14,Watsons,Health & Beauty,10,1000
EV001824,RESIDENT_01049,2026-04-17,Decathlon,Sports,5,500
EV002146,RESIDENT_01247,2026-05-18,Sheng Siong,Groceries,5,500
EV000387,RESIDENT_00232,2026-05-06,Watsons,Health & Beauty,15,1500
EV000079,RESIDENT_00045,2026-06-17,Sheng Siong,Groceries,2,200
EV002541,RESIDENT_01484,2026-05-03,NTUC FairPrice,Groceries,15,1500
EV001140,RESIDENT_00677,2026-05-10,Sheng Siong,Groceries,15,1500
EV001413,RESIDENT_00824,2026-05-11,Watsons,Health & Beauty,5,500
EV000634,RESIDENT_00374,2026-05-04,Guardian,Health & Beauty,10,1000
EV000571,RESIDENT_00336,2026-04-27,NTUC FairPrice,Groceries,2,200
EV000046,RESIDENT_00022,2026-04-13,Decathlon,Sports,5,500
EV001742,RESIDENT_00994,2026-04-11,Guardian,Health & Beauty,5,500
EV002416,RESIDENT_01394,2026-04-30,Sheng Siong,Groceries,2,200
EV001470,RESIDENT_00853,2026-06-14,Cold Storage,Groceries,2,200
EV002287,RESIDENT_01315,2026-06-24,Cold Storage,Groceries,5,500
EV000969,RESIDENT_00577,2026-05-11,Decathlon,Sports,10,1000
EV000966,RESIDENT_00573,2026-05-27,Watsons,Health & Beauty,10,1000
EV001938,RESIDENT_01126,2026-04-29,Kopitiam,Food & Beverage,2,200
EV001981,RESIDENT_01147,2026-04-02,NTUC FairPrice,Groceries,2,200
EV000454,RESIDENT_00267,2026-05-13,Decathlon,Sports,5,500
EV001460,RESIDENT_00848,2026-05-08,Guardian,Health & Beauty,5,500
EV001587,RESIDENT_00917,2026-06-25,Watsons,Health & Beauty,2,200
EV002461,RESIDENT_01425,2026-06-03,Decathlon,Sports,10,1000
EV002484,RESIDENT_01442,2026-04-28,Guardian,Health & Beauty,10,1000
EV002074,RESIDENT_01199,2026-04-29,Guardian,Health & Beauty,15,1500
EV001309,RESIDENT_00773,2026-06-24,Kopitiam,Food & Beverage,2,200
EV002189,RESIDENT_01263,2026-06-07,Sheng Siong,Groceries,10,1000
EV000311,RESIDENT_00180,2026-05-06,Cold Storage,Groceries,10,1000
EV000621,RESIDENT_00367,2026-04-16,Cold Storage,Groceries,5,500
EV002232,RESIDENT_01286,2026-05-06,Kopitiam,Food & Beverage,2,200
EV001241,RESIDENT_00734,2026-05-30,Decathlon,Sports,10,1000
EV001492,RESIDENT_00868,2026-04-02,Guardian,Health & Beauty,5,500
EV001396,RESIDENT_00814,2026-04-11,Sheng Siong,Groceries,5,500
EV001367,RESIDENT_00801,2026-05-28,Decathlon,Sports,10,1000
EV001327,RESIDENT_00780,2026-04-14,Watsons,Health & Beauty,15,1500
EV002491,RESIDENT_01448,2026-04-15,Cold Storage,Groceries,10,1000
EV000240,RESIDENT_00140,2026-06-30,Watsons,Health & Beauty,2,200
EV002332,RESIDENT_01341,2026-05-02,Guardian,Health & Beauty,10,1000
EV002482,RESIDENT_01442,2026-06-05,Guardian,Health & Beauty,5,500
EV001937,RESIDENT_01124,2026-04-15,Watsons,Health & Beauty,10,1000
EV000296,RESIDENT_00171,2026-04-28,Cold Storage,Groceries,5,500
EV001457,RESIDENT_00845,2026-05-06,Watsons,Health & Beauty,2,200
EV001721,RESIDENT_00982,2026-05-11,Decathlon,Sports,5,500
EV002384,RESIDENT_01380,2026-05-05,Sheng Siong,Groceries,15,1500
EV001449,RESIDENT_00838,2026-04-02,Sheng Siong,Groceries,15,1500
EV000241,RESIDENT_00140,2026-06-06,NTUC FairPrice,Groceries,10,1000
EV000893,RESIDENT_00530,2026-06-29,Decathlon,Sports,5,500
EV000712,RESIDENT_00420,2026-06-08,Watsons,Health & Beauty,10,1000
EV001088,RESIDENT_00645,2026-06-30,Decathlon,Sports,5,500
EV001036,RESIDENT_00610,2026-06-12,Guardian,Health & Beauty,10,1000
EV001454,RESIDENT_00840,2026-05-06,Decathlon,Sports,2,200
EV002004,RESIDENT_01157,2026-04-24,Guardian,Health & Beauty,15,1500
EV001850,RESIDENT_01063,2026-06-04,Guardian,Health & Beauty,15,1500
EV001217,RESIDENT_00714,2026-06-30,NTUC FairPrice,Groceries,15,1500
EV002206,RESIDENT_01269,2026-05-19,Kopitiam,Food & Beverage,15,1500
EV000963,RESIDENT_00573,2026-06-04,Decathlon,Sports,2,200
EV000928,RESIDENT_00547,2026-05-31,Kopitiam,Food & Beverage,5,500
EV001298,RESIDENT_00765,2026-04-05,Guardian,Health & Beauty,15,1500
EV001198,RESIDENT_00707,2026-06-07,Sheng Siong,Groceries,5,500
EV002140,RESIDENT_01242,2026-05-02,Sheng Siong,Groceries,5,500
EV000342,RESIDENT_00200,2026-04-28,Sheng Siong,Groceries,10,1000
EV000620,RESIDENT_00366,2026-05-22,NTUC FairPrice,Groceries,10,1000
EV001526,RESIDENT_00882,2026-06-13,Decathlon,Sports,5,500
EV001794,RESIDENT_01033,2026-06-09,Cold Storage,Groceries,2,200
EV000262,RESIDENT_00150,2026-06-23,Kopitiam,Food & Beverage,5,500
EV000089,RESIDENT_00049,2026-05-02,NTUC FairPrice,Groceries,5,500
EV000094,RESIDENT_00052,2026-05-15,NTUC FairPrice,Groceries,10,1000
EV001101,RESIDENT_00653,2026-04-13,Guardian,Health & Beauty,5,500
EV002374,RESIDENT_01372,2026-04-04,Guardian,Health & Beauty,2,200
EV000972,RESIDENT_00577,2026-05-01,Watsons,Health & Beauty,10,1000
EV000859,RESIDENT_00505,2026-06-08,Watsons,Health & Beauty,2,200
EV001296,RESIDENT_00763,2026-05-29,Kopitiam,Food & Beverage,5,500
EV001419,RESIDENT_00827,2026-06-04,Guardian,Health & Beauty,5,500
EV000994,RESIDENT_00585,2026-06-24,NTUC FairPrice,Groceries,5,500
EV000187,RESIDENT_00106,2026-04-02,Sheng Siong,Groceries,5,500
EV000596,RESIDENT_00354,2026-06-11,NTUC FairPrice,Groceries,2,200
EV001829,RESIDENT_01050,2026-04-23,Watsons,Health & Beauty,2,200
EV001172,RESIDENT_00693,2026-04-21,Cold Storage,Groceries,5,500
EV000892,RESIDENT_00530,2026-04-05,Cold Storage,Groceries,5,500
EV001133,RESIDENT_00675,2026-04-15,Watsons,Health & Beauty,2,200
EV000312,RESIDENT_00181,2026-05-26,Cold Storage,Groceries,10,1000
EV000672,RESIDENT_00397,2026-04-22,NTUC FairPrice,Groceries,2,200
EV000234,RESIDENT_00138,2026-05-13,Guardian,Health & Beauty,2,200
EV001718,RESIDENT_00980,2026-06-20,NTUC FairPrice,Groceries,10,1000
EV000176,RESIDENT_00100,2026-06-19,Cold Storage,Groceries,2,200
EV001386,RESIDENT_00806,2026-05-17,Kopitiam,Food & Beverage,10,1000
EV000559,RESIDENT_00327,2026-05-16,Watsons,Health & Beauty,10,1000
EV000007,RESIDENT_00003,2026-04-13,Cold Storage,Groceries,5,500
EV000257,RESIDENT_00149,2026-06-06,NTUC FairPrice,Groceries,10,1000
EV000279,RESIDENT_00161,2026-04-19,Cold Storage,Groceries,5,500
EV000745,RESIDENT_00438,2026-04-05,NTUC FairPrice,Groceries,10,1000
EV000368,RESIDENT_00212,2026-04-02,Cold Storage,Groceries,5,500
EV001821,RESIDENT_01048,2026-05-04,Kopitiam,Food & Beverage,2,200
EV001935,RESIDENT_01122,2026-05-27,Guardian,Health & Beauty,5,500
EV001977,RESIDENT_01146,2026-06-06,Watsons,Health & Beauty,5,500
EV000009,RESIDENT_00004,2026-06-22,Watsons,Health & Beauty,15,1500
EV002080,RESIDENT_01202,2026-06-10,NTUC FairPrice,Groceries,15,1500
EV000193,RESIDENT_00109,2026-06-20,NTUC FairPrice,Groceries,2,200
EV000523,RESIDENT_00307,2026-06-19,Kopitiam,Food & Beverage,5,500
EV000646,RESIDENT_00381,2026-05-22,Sheng Siong,Groceries,5,500
EV002087,RESIDENT_01205,2026-06-06,Decathlon,Sports,5,500
EV000395,RESIDENT_00236,2026-05-15,Kopitiam,Food & Beverage,10,1000
EV000614,RESIDENT_00364,2026-04-28,NTUC FairPrice,Groceries,5,500
EV000153,RESIDENT_00088,2026-06-26,NTUC FairPrice,Groceries,5,500
EV002299,RESIDENT_01324,2026-05-06,Kopitiam,Food & Beverage,2,200
EV000866,RESIDENT_00510,2026-06-17,Kopitiam,Food & Beverage,2,200
EV002058,RESIDENT_01191,2026-06-03,Decathlon,Sports,10,1000
EV001232,RESIDENT_00726,2026-04-11,Sheng Siong,Groceries,10,1000
EV000702,RESIDENT_00414,2026-06-28,Guardian,Health & Beauty,10,1000
EV001064,RESIDENT_00630,2026-05-09,Kopitiam,Food & Beverage,10,1000
EV000457,RESIDENT_00271,2026-04-25,Watsons,Health & Beauty,5,500
EV001359,RESIDENT_00795,2026-05-07,Decathlon,Sports,5,500
EV000526,RESIDENT_00308,2026-05-19,Watsons,Health & Beauty,2,200
EV000558,RESIDENT_00327,2026-06-12,NTUC FairPrice,Groceries,10,1000
EV001540,RESIDENT_00889,2026-05-07,Decathlon,Sports,10,1000
EV001897,RESIDENT_01098,2026-05-22,NTUC FairPrice,Groceries,5,500
EV001107,RESIDENT_00658,2026-06-26,Decathlon,Sports,5,500
EV001340,RESIDENT_00788,2026-05-08,Guardian,Health & Beauty,2,200
EV002099,RESIDENT_01214,2026-06-10,Decathlon,Sports,10,1000
EV002250,RESIDENT_01293,2026-06-14,Watsons,Health & Beauty,10,1000
EV000459,RESIDENT_00271,2026-04-28,Decathlon,Sports,5,500
EV000437,RESIDENT_00257,2026-05-05,Cold Storage,Groceries,2,200
EV000550,RESIDENT_00322,2026-04-19,NTUC FairPrice,Groceries,15,1500
EV000367,RESIDENT_00212,2026-04-01,Decathlon,Sports,10,1000
EV000924,RESIDENT_00546,2026-06-28,NTUC FairPrice,Groceries,5,500
EV000626,RESIDENT_00368,2026-06-29,NTUC FairPrice,Groceries,2,200
EV002291,RESIDENT_01318,2026-05-13,Watsons,Health & Beauty,10,1000
EV002427,RESIDENT_01401,2026-06-19,Watsons,Health & Beauty,5,500
EV000099,RESIDENT_00056,2026-06-03,Cold Storage,Groceries,5,500
EV001725,RESIDENT_00983,2026-05-07,Decathlon,Sports,10,1000
EV000207,RESIDENT_00117,2026-05-02,Sheng Siong,Groceries,15,1500
EV001626,RESIDENT_00937,2026-05-05,Kopitiam,Food & Beverage,10,1000
EV000754,RESIDENT_00443,2026-06-28,Sheng Siong,Groceries,5,500
EV001668,RESIDENT_00956,2026-06-26,Kopitiam,Food & Beverage,2,200
EV001703,RESIDENT_00973,2026-04-05,Watsons,Health & Beauty,2,200
EV002327,RESIDENT_01338,2026-04-23,Sheng Siong,Groceries,2,200
EV001675,RESIDENT_00959,2026-06-16,Watsons,Health & Beauty,10,1000
EV001278,RESIDENT_00754,2026-04-02,Sheng Siong,Groceries,5,500
EV002517,RESIDENT_01467,2026-05-27,Sheng Siong,Groceries,10,1000
EV001148,RESIDENT_00681,2026-05-28,Guardian,Health & Beauty,10,1000
EV000053,RESIDENT_00025,2026-04-12,NTUC FairPrice,Groceries,5,500
EV001914,RESIDENT_01110,2026-05-20,NTUC FairPrice,Groceries,10,1000
EV001565,RESIDENT_00905,2026-06-20,Guardian,Health & Beauty,10,1000
EV000327,RESIDENT_00194,2026-06-04,Cold Storage,Groceries,5,500
EV001926,RESIDENT_01118,2026-06-10,Cold Storage,Groceries,10,1000
EV000406,RESIDENT_00240,2026-06-01,Kopitiam,Food & Beverage,5,500
EV000427,RESIDENT_00253,2026-04-21,Sheng Siong,Groceries,10,1000
EV002200,RESIDENT_01267,2026-04-14,Kopitiam,Food & Beverage,5,500
EV000673,RESIDENT_00398,2026-06-04,Sheng Siong,Groceries,10,1000
EV000179,RESIDENT_00102,2026-04-28,Kopitiam,Food & Beverage,10,1000
EV002418,RESIDENT_01396,2026-05-25,Watsons,Health & Beauty,15,1500
EV002344,RESIDENT_01353,2026-06-14,Watsons,Health & Beauty,5,500
EV001762,RESIDENT_01013,2026-05-16,NTUC FairPrice,Groceries,15,1500
EV002209,RESIDENT_01271,2026-06-16,Decathlon,Sports,2,200
EV001876,RESIDENT_01083,2026-04-23,Kopitiam,Food & Beverage,15,1500
EV002428,RESIDENT_01404,2026-06-22,Decathlon,Sports,10,1000
EV001538,RESIDENT_00888,2026-06-05,Sheng Siong,Groceries,5,500
EV000265,RESIDENT_00151,2026-04-30,NTUC FairPrice,Groceries,10,1000
EV002148,RESIDENT_01247,2026-06-25,Guardian,Health & Beauty,5,500
EV002450,RESIDENT_01420,2026-04-29,Guardian,Health & Beauty,2,200
EV001524,RESIDENT_00882,2026-05-28,Watsons,Health & Beauty,10,1000
EV002356,RESIDENT_01363,2026-05-12,Watsons,Health & Beauty,2,200
EV002205,RESIDENT_01269,2026-05-03,Watsons,Health & Beauty,15,1500
EV001258,RESIDENT_00743,2026-06-10,Cold Storage,Groceries,15,1500
EV000738,RESIDENT_00436,2026-06-14,Sheng Siong,Groceries,5,500
EV000975,RESIDENT_00578,2026-05-09,Guardian,Health & Beauty,5,500
EV001674,RESIDENT_00959,2026-06-18,NTUC FairPrice,Groceries,15,1500
EV000088,RESIDENT_00048,2026-06-13,Cold Storage,Groceries,15,1500
EV000536,RESIDENT_00312,2026-04-16,Decathlon,Sports,2,200
EV001879,RESIDENT_01085,2026-04-12,NTUC FairPrice,Groceries,5,500
EV000416,RESIDENT_00243,2026-04-16,Sheng Siong,Groceries,5,500
EV000370,RESIDENT_00214,2026-05-23,NTUC FairPrice,Groceries,15,1500
EV002549,RESIDENT_01488,2026-05-24,Watsons,Health & Beauty,5,500
EV000839,RESIDENT_00493,2026-04-23,Kopitiam,Food & Beverage,5,500
EV001043,RESIDENT_00616,2026-04-13,Cold Storage,Groceries,15,1500
EV002295,RESIDENT_01319,2026-04-28,Watsons,Health & Beauty,10,1000
EV002134,RESIDENT_01236,2026-05-31,Sheng Siong,Groceries,10,1000
EV001868,RESIDENT_01078,2026-05-31,NTUC FairPrice,Groceries,10,1000
EV000010,RESIDENT_00004,2026-04-27,Guardian,Health & Beauty,10,1000
EV002013,RESIDENT_01160,2026-04-18,Decathlon,Sports,2,200
EV000093,RESIDENT_00051,2026-06-04,Guardian,Health & Beauty,10,1000
EV000113,RESIDENT_00067,2026-06-20,Guardian,Health & Beauty,5,500
EV001090,RESIDENT_00646,2026-05-30,Guardian,Health & Beauty,15,1500
EV001087,RESIDENT_00644,2026-05-24,Guardian,Health & Beauty,2,200
EV000212,RESIDENT_00122,2026-06-30,NTUC FairPrice,Groceries,10,1000
EV001416,RESIDENT_00826,2026-06-04,Cold Storage,Groceries,5,500
EV001490,RESIDENT_00868,2026-04-14,Cold Storage,Groceries,5,500
EV001903,RESIDENT_01102,2026-05-28,Cold Storage,Groceries,5,500
EV002302,RESIDENT_01325,2026-06-27,Sheng Siong,Groceries,10,1000
EV002493,RESIDENT_01449,2026-06-24,Guardian,Health & Beauty,2,200
EV000254,RESIDENT_00149,2026-04-20,NTUC FairPrice,Groceries,10,1000
EV000779,RESIDENT_00455,2026-04-02,NTUC FairPrice,Groceries,2,200
EV001206,RESIDENT_00710,2026-05-05,Kopitiam,Food & Beverage,10,1000
EV000024,RESIDENT_00014,2026-04-09,Watsons,Health & Beauty,5,500
EV001838,RESIDENT_01054,2026-04-14,Guardian,Health & Beauty,10,1000
EV001021,RESIDENT_00601,2026-06-21,Cold Storage,Groceries,2,200
EV000197,RESIDENT_00110,2026-06-20,Kopitiam,Food & Beverage,5,500
EV002078,RESIDENT_01202,2026-05-09,Cold Storage,Groceries,15,1500
EV000816,RESIDENT_00474,2026-06-16,Decathlon,Sports,5,500
EV002391,RESIDENT_01382,2026-05-16,NTUC FairPrice,Groceries,5,500
EV002330,RESIDENT_01339,2026-05-22,NTUC FairPrice,Groceries,10,1000
EV000772,RESIDENT_00450,2026-05-20,NTUC FairPrice,Groceries,15,1500
EV001441,RESIDENT_00836,2026-06-07,Guardian,Health & Beauty,15,1500
EV000466,RESIDENT_00275,2026-04-10,Kopitiam,Food & Beverage,10,1000
EV001523,RESIDENT_00881,2026-04-17,Sheng Siong,Groceries,2,200
EV001881,RESIDENT_01086,2026-04-25,Guardian,Health & Beauty,5,500
EV001280,RESIDENT_00754,2026-04-30,NTUC FairPrice,Groceries,10,1000
EV001395,RESIDENT_00813,2026-06-04,Kopitiam,Food & Beverage,15,1500
EV001611,RESIDENT_00930,2026-06-12,Sheng Siong,Groceries,5,500
EV002159,RESIDENT_01253,2026-06-12,Decathlon,Sports,15,1500
EV000201,RESIDENT_00113,2026-06-10,NTUC FairPrice,Groceries,5,500
EV001065,RESIDENT_00631,2026-05-17,Watsons,Health & Beauty,2,200
EV001886,RESIDENT_01091,2026-05-06,Cold Storage,Groceries,10,1000
EV000666,RESIDENT_00391,2026-06-20,Cold Storage,Groceries,5,500
EV000366,RESIDENT_00210,2026-04-06,Kopitiam,Food & Beverage,5,500
EV001063,RESIDENT_00629,2026-04-02,Decathlon,Sports,10,1000
EV002445,RESIDENT_01417,2026-06-12,Kopitiam,Food & Beverage,2,200
EV002145,RESIDENT_01246,2026-04-05,Guardian,Health & Beauty,10,1000
EV000415,RESIDENT_00243,2026-05-27,Cold Storage,Groceries,2,200
EV000487,RESIDENT_00286,2026-06-30,Sheng Siong,Groceries,10,1000
EV001143,RESIDENT_00678,2026-06-13,Cold Storage,Groceries,2,200
EV002321,RESIDENT_01334,2026-06-17,Guardian,Health & Beauty,5,500
EV000996,RESIDENT_00586,2026-06-03,Cold Storage,Groceries,5,500
EV000300,RESIDENT_00174,2026-04-02,Guardian,Health & Beauty,5,500
EV000469,RESIDENT_00277,2026-05-22,NTUC FairPrice,Groceries,2,200
EV000162,RESIDENT_00091,2026-05-27,Kopitiam,Food & Beverage,15,1500
EV001012,RESIDENT_00598,2026-06-02,Guardian,Health & Beauty,15,1500
EV002464,RESIDENT_01429,2026-05-06,Sheng Siong,Groceries,10,1000
EV001640,RESIDENT_00940,2026-06-23,Guardian,Health & Beauty,5,500
EV000936,RESIDENT_00552,2026-04-06,Cold Storage,Groceries,5,500
EV001024,RESIDENT_00603,2026-05-02,Sheng Siong,Groceries,10,1000
EV001690,RESIDENT_00967,2026-05-08,Kopitiam,Food & Beverage,10,1000
EV000451,RESIDENT_00266,2026-05-28,Watsons,Health & Beauty,10,1000
EV001208,RESIDENT_00711,2026-04-23,Cold Storage,Groceries,15,1500
EV000787,RESIDENT_00460,2026-04-25,NTUC FairPrice,Groceries,10,1000
EV001438,RESIDENT_00835,2026-05-01,Sheng Siong,Groceries,2,200
EV001004,RESIDENT_00590,2026-05-23,NTUC FairPrice,Groceries,10,1000
EV000243,RESIDENT_00143,2026-06-28,Guardian,Health & Beauty,5,500
EV000067,RESIDENT_00035,2026-06-08,Guardian,Health & Beauty,15,1500
EV001059,RESIDENT_00626,2026-04-20,Sheng Siong,Groceries,5,500
EV001034,RESIDENT_00609,2026-04-02,Kopitiam,Food & Beverage,5,500
EV000746,RESIDENT_00438,2026-06-21,Sheng Siong,Groceries,10,1000
EV002510,RESIDENT_01463,2026-05-30,Watsons,Health & Beauty,15,1500
EV001125,RESIDENT_00665,2026-05-29,NTUC FairPrice,Groceries,15,1500
EV001964,RESIDENT_01140,2026-05-01,Watsons,Health & Beauty,5,500
EV000287,RESIDENT_00163,2026-06-26,Guardian,Health & Beauty,2,200
EV000699,RESIDENT_00413,2026-04-27,Guardian,Health & Beauty,10,1000
EV001010,RESIDENT_00595,2026-06-14,Cold Storage,Groceries,10,1000
EV000163,RESIDENT_00092,2026-04-12,NTUC FairPrice,Groceries,5,500
EV002170,RESIDENT_01257,2026-04-26,Cold Storage,Groceries,10,1000
EV001054,RESIDENT_00625,2026-04-08,Decathlon,Sports,15,1500
EV000386,RESIDENT_00231,2026-04-14,Sheng Siong,Groceries,5,500
EV001097,RESIDENT_00652,2026-05-10,Cold Storage,Groceries,15,1500
EV002558,RESIDENT_01494,2026-05-26,Guardian,Health & Beauty,15,1500
EV002410,RESIDENT_01390,2026-04-07,Cold Storage,Groceries,10,1000
EV000078,RESIDENT_00044,2026-05-27,Sheng Siong,Groceries,5,500
EV002434,RESIDENT_01408,2026-05-20,NTUC FairPrice,Groceries,10,1000
EV001678,RESIDENT_00959,2026-05-01,Kopitiam,Food & Beverage,5,500
EV000056,RESIDENT_00025,2026-04-02,NTUC FairPrice,Groceries,10,1000
EV001793,RESIDENT_01033,2026-06-10,Sheng Siong,Groceries,5,500
EV000285,RESIDENT_00163,2026-06-26,NTUC FairPrice,Groceries,5,500
EV001677,RESIDENT_00959,2026-06-23,Decathlon,Sports,2,200
EV000910,RESIDENT_00539,2026-06-11,Sheng Siong,Groceries,2,200
EV001260,RESIDENT_00747,2026-04-19,Cold Storage,Groceries,5,500
EV000482,RESIDENT_00283,2026-05-05,NTUC FairPrice,Groceries,5,500
EV002127,RESIDENT_01231,2026-05-05,NTUC FairPrice,Groceries,2,200
EV000567,RESIDENT_00332,2026-04-27,Cold Storage,Groceries,15,1500
EV001151,RESIDENT_00682,2026-06-27,NTUC FairPrice,Groceries,5,500
EV000404,RESIDENT_00239,2026-06-29,Watsons,Health & Beauty,10,1000
EV001539,RESIDENT_00889,2026-05-31,Cold Storage,Groceries,5,500
EV001076,RESIDENT_00636,2026-05-07,Sheng Siong,Groceries,10,1000
EV000885,RESIDENT_00525,2026-05-12,Kopitiam,Food & Beverage,5,500
EV001398,RESIDENT_00814,2026-06-20,Kopitiam,Food & Beverage,5,500
EV002414,RESIDENT_01394,2026-05-02,Guardian,Health & Beauty,5,500
EV002212,RESIDENT_01274,2026-04-21,Cold Storage,Groceries,10,1000
EV002061,RESIDENT_01192,2026-06-20,Sheng Siong,Groceries,5,500
EV002297,RESIDENT_01323,2026-05-16,Decathlon,Sports,10,1000
EV000455,RESIDENT_00269,2026-06-09,Cold Storage,Groceries,2,200
EV002388,RESIDENT_01381,2026-05-13,Kopitiam,Food & Beverage,15,1500
EV000128,RESIDENT_00076,2026-06-21,Decathlon,Sports,2,200
EV000116,RESIDENT_00069,2026-05-29,Guardian,Health & Beauty,10,1000
EV000400,RESIDENT_00238,2026-06-19,NTUC FairPrice,Groceries,15,1500
EV001803,RESIDENT_01038,2026-06-29,Cold Storage,Groceries,5,500
EV001560,RESIDENT_00902,2026-06-12,Watsons,Health & Beauty,5,500
EV001787,RESIDENT_01029,2026-06-29,Guardian,Health & Beauty,5,500
EV000731,RESIDENT_00433,2026-06-29,Kopitiam,Food & Beverage,2,200
EV000107,RESIDENT_00063,2026-06-23,Decathlon,Sports,5,500
EV002298,RESIDENT_01323,2026-05-03,Decathlon,Sports,2,200
EV002010,RESIDENT_01159,2026-04-24,Decathlon,Sports,15,1500
EV001618,RESIDENT_00933,2026-06-23,Watsons,Health & Beauty,5,500
EV000398,RESIDENT_00237,2026-06-30,Watsons,Health & Beauty,10,1000
EV002175,RESIDENT_01259,2026-05-09,NTUC FairPrice,Groceries,15,1500
EV001544,RESIDENT_00892,2026-06-25,NTUC FairPrice,Groceries,5,500
EV002133,RESIDENT_01236,2026-06-19,Decathlon,Sports,2,200
EV000747,RESIDENT_00438,2026-05-30,Guardian,Health & Beauty,10,1000
EV002406,RESIDENT_01389,2026-05-24,Sheng Siong,Groceries,5,500
EV001247,RESIDENT_00737,2026-05-28,Decathlon,Sports,15,1500
EV001091,RESIDENT_00646,2026-04-08,Kopitiam,Food & Beverage,10,1000
EV000238,RESIDENT_00139,2026-05-12,Decathlon,Sports,5,500
EV000422,RESIDENT_00249,2026-04-19,Watsons,Health & Beauty,10,1000
EV000954,RESIDENT_00567,2026-05-20,NTUC FairPrice,Groceries,10,1000
EV002351,RESIDENT_01358,2026-04-18,Sheng Siong,Groceries,5,500
EV000294,RESIDENT_00168,2026-04-07,Watsons,Health & Beauty,15,1500
EV002375,RESIDENT_01373,2026-05-31,Cold Storage,Groceries,10,1000
EV000360,RESIDENT_00208,2026-04-15,Guardian,Health & Beauty,10,1000
EV000004,RESIDENT_00002,2026-06-25,Guardian,Health & Beauty,5,500
EV001572,RESIDENT_00908,2026-05-23,Watsons,Health & Beauty,10,1000
EV000509,RESIDENT_00298,2026-05-31,Sheng Siong,Groceries,5,500
EV001860,RESIDENT_01074,2026-04-17,Sheng Siong,Groceries,10,1000
EV000143,RESIDENT_00083,2026-04-17,NTUC FairPrice,Groceries,10,1000
EV001754,RESIDENT_01008,2026-06-06,Kopitiam,Food & Beverage,5,500
EV001402,RESIDENT_00817,2026-06-25,Kopitiam,Food & Beverage,15,1500
EV000931,RESIDENT_00550,2026-06-09,Guardian,Health & Beauty,10,1000
EV000029,RESIDENT_00016,2026-06-10,Cold Storage,Groceries,2,200
EV000032,RESIDENT_00018,2026-04-24,Guardian,Health & Beauty,2,200
EV002446,RESIDENT_01417,2026-04-10,NTUC FairPrice,Groceries,2,200
EV001407,RESIDENT_00818,2026-06-30,NTUC FairPrice,Groceries,2,200
EV002163,RESIDENT_01254,2026-04-21,Cold Storage,Groceries,5,500
EV001274,RESIDENT_00753,2026-05-29,Cold Storage,Groceries,10,1000
EV002293,RESIDENT_01319,2026-05-26,Watsons,Health & Beauty,10,1000
EV001976,RESIDENT_01146,2026-05-14,Decathlon,Sports,2,200
EV001481,RESIDENT_00861,2026-06-11,Cold Storage,Groceries,10,1000
EV000034,RESIDENT_00019,2026-05-06,Guardian,Health & Beauty,10,1000
EV002448,RESIDENT_01418,2026-06-20,Cold Storage,Groceries,5,500
EV000560,RESIDENT_00328,2026-06-01,Sheng Siong,Groceries,2,200
EV001980,RESIDENT_01147,2026-05-27,Cold Storage,Groceries,5,500
EV000821,RESIDENT_00476,2026-05-19,Cold Storage,Groceries,2,200
EV002502,RESIDENT_01459,2026-06-26,Guardian,Health & Beauty,10,1000
EV001812,RESIDENT_01044,2026-04-05,Guardian,Health & Beauty,10,1000
EV000042,RESIDENT_00022,2026-04-10,Cold Storage,Groceries,5,500
EV002363,RESIDENT_01365,2026-04-04,Sheng Siong,Groceries,10,1000
EV000639,RESIDENT_00378,2026-06-17,Guardian,Health & Beauty,15,1500
EV000869,RESIDENT_00518,2026-04-16,Watsons,Health & Beauty,5,500
EV000682,RESIDENT_00405,2026-06-15,Decathlon,Sports,15,1500
EV000579,RESIDENT_00339,2026-05-23,Decathlon,Sports,15,1500
EV001336,RESIDENT_00786,2026-04-25,Watsons,Health & Beauty,2,200
EV002525,RESIDENT_01473,2026-05-04,Guardian,Health & Beauty,5,500
EV001633,RESIDENT_00938,2026-04-14,Cold Storage,Groceries,5,500
EV000430,RESIDENT_00255,2026-05-11,Decathlon,Sports,10,1000
EV000333,RESIDENT_00197,2026-06-11,NTUC FairPrice,Groceries,10,1000
EV001837,RESIDENT_01053,2026-06-25,Sheng Siong,Groceries,5,500
EV002157,RESIDENT_01252,2026-05-05,Guardian,Health & Beauty,10,1000
EV000418,RESIDENT_00245,2026-04-17,Watsons,Health & Beauty,15,1500
EV000376,RESIDENT_00226,2026-06-11,Cold Storage,Groceries,2,200
EV002093,RESIDENT_01209,2026-05-01,NTUC FairPrice,Groceries,2,200
EV001295,RESIDENT_00761,2026-06-28,Cold Storage,Groceries,5,500
EV001601,RESIDENT_00926,2026-05-28,Sheng Siong,Groceries,2,200
EV000896,RESIDENT_00532,2026-04-21,Kopitiam,Food & Beverage,10,1000
EV002520,RESIDENT_01469,2026-05-05,Kopitiam,Food & Beverage,5,500
EV001830,RESIDENT_01050,2026-05-31,Decathlon,Sports,10,1000
EV002079,RESIDENT_01202,2026-05-30,NTUC FairPrice,Groceries,10,1000
EV000138,RESIDENT_00081,2026-06-14,NTUC FairPrice,Groceries,15,1500
EV000566,RESIDENT_00331,2026-05-08,Decathlon,Sports,5,500
EV002162,RESIDENT_01254,2026-06-02,Watsons,Health & Beauty,10,1000
EV001391,RESIDENT_00811,2026-04-22,Watsons,Health & Beauty,5,500
EV001779,RESIDENT_01022,2026-06-29,Watsons,Health & Beauty,15,1500
EV001008,RESIDENT_00591,2026-06-23,Decathlon,Sports,2,200
EV001669,RESIDENT_00956,2026-05-15,NTUC FairPrice,Groceries,10,1000
EV001576,RESIDENT_00912,2026-06-03,NTUC FairPrice,Groceries,10,1000
EV000204,RESIDENT_00116,2026-05-28,Guardian,Health & Beauty,15,1500
EV001057,RESIDENT_00625,2026-06-07,Kopitiam,Food & Beverage,2,200
EV001512,RESIDENT_00876,2026-05-15,Sheng Siong,Groceries,2,200
EV001482,RESIDENT_00861,2026-04-26,NTUC FairPrice,Groceries,5,500
EV001451,RESIDENT_00839,2026-06-19,Sheng Siong,Groceries,5,500
EV002564,RESIDENT_01497,2026-05-14,Kopitiam,Food & Beverage,5,500
EV002372,RESIDENT_01371,2026-04-29,Kopitiam,Food & Beverage,10,1000
EV000819,RESIDENT_00474,2026-06-21,Kopitiam,Food & Beverage,5,500
EV000715,RESIDENT_00421,2026-06-13,NTUC FairPrice,Groceries,15,1500
EV001871,RESIDENT_01080,2026-04-22,Cold Storage,Groceries,2,200
EV000353,RESIDENT_00204,2026-05-26,Sheng Siong,Groceries,5,500
EV001311,RESIDENT_00774,2026-06-11,Watsons,Health & Beauty,10,1000
EV000452,RESIDENT_00266,2026-06-06,NTUC FairPrice,Groceries,2,200
EV002383,RESIDENT_01379,2026-06-19,Sheng Siong,Groceries,10,1000
EV002101,RESIDENT_01215,2026-04-20,NTUC FairPrice,Groceries,5,500
EV001035,RESIDENT_00609,2026-04-09,Decathlon,Sports,10,1000
EV000789,RESIDENT_00461,2026-04-15,Watsons,Health & Beauty,5,500
EV001639,RESIDENT_00940,2026-04-17,Kopitiam,Food & Beverage,5,500
EV002076,RESIDENT_01200,2026-06-10,Cold Storage,Groceries,5,500
EV001171,RESIDENT_00692,2026-05-25,Decathlon,Sports,15,1500
EV000722,RESIDENT_00424,2026-05-23,NTUC FairPrice,Groceries,10,1000
EV000345,RESIDENT_00201,2026-05-05,Sheng Siong,Groceries,15,1500
EV002557,RESIDENT_01494,2026-05-05,Watsons,Health & Beauty,2,200
EV001319,RESIDENT_00777,2026-06-06,Watsons,Health & Beauty,15,1500
EV001711,RESIDENT_00975,2026-06-18,Cold Storage,Groceries,10,1000
EV001285,RESIDENT_00755,2026-05-29,Sheng Siong,Groceries,15,1500
EV000980,RESIDENT_00579,2026-05-24,Guardian,Health & Beauty,10,1000
EV002402,RESIDENT_01388,2026-05-09,Cold Storage,Groceries,2,200
EV000384,RESIDENT_00231,2026-05-12,Guardian,Health & Beauty,5,500
EV001582,RESIDENT_00916,2026-04-24,Sheng Siong,Groceries,10,1000
EV000907,RESIDENT_00538,2026-06-09,Sheng Siong,Groceries,5,500
EV000518,RESIDENT_00304,2026-04-12,Guardian,Health & Beauty,5,500
EV000014,RESIDENT_00007,2026-04-23,Cold Storage,Groceries,15,1500
EV001447,RESIDENT_00838,2026-04-04,Watsons,Health & Beauty,15,1500
EV001445,RESIDENT_00837,2026-06-10,Decathlon,Sports,5,500
EV000134,RESIDENT_00078,2026-05-29,Guardian,Health & Beauty,5,500
EV002223,RESIDENT_01283,2026-05-28,Watsons,Health & Beauty,5,500
EV000075,RESIDENT_00043,2026-06-23,Decathlon,Sports,15,1500
EV001121,RESIDENT_00665,2026-06-10,Cold Storage,Groceries,5,500
EV000133,RESIDENT_00078,2026-05-27,Sheng Siong,Groceries,5,500
EV000483,RESIDENT_00283,2026-04-10,Kopitiam,Food & Beverage,5,500
EV001303,RESIDENT_00768,2026-06-02,Guardian,Health & Beauty,15,1500
EV001534,RESIDENT_00886,2026-05-24,Watsons,Health & Beauty,2,200
EV000161,RESIDENT_00091,2026-05-26,Kopitiam,Food & Beverage,2,200
EV001230,RESIDENT_00724,2026-05-26,Watsons,Health & Beauty,15,1500
EV002037,RESIDENT_01175,2026-04-14,Watsons,Health & Beauty,15,1500
EV002523,RESIDENT_01473,2026-05-09,NTUC FairPrice,Groceries,10,1000
EV002236,RESIDENT_01288,2026-05-11,NTUC FairPrice,Groceries,10,1000
EV001822,RESIDENT_01048,2026-05-22,Kopitiam,Food & Beverage,10,1000
EV001761,RESIDENT_01013,2026-05-08,Sheng Siong,Groceries,5,500
EV002442,RESIDENT_01416,2026-04-19,Guardian,Health & Beauty,15,1500
EV002278,RESIDENT_01310,2026-05-19,Guardian,Health & Beauty,2,200
EV002329,RESIDENT_01338,2026-05-18,Decathlon,Sports,10,1000
EV000569,RESIDENT_00332,2026-05-08,Kopitiam,Food & Beverage,10,1000
EV001649,RESIDENT_00945,2026-06-29,Decathlon,Sports,5,500
EV001870,RESIDENT_01079,2026-05-21,Watsons,Health & Beauty,10,1000
EV001392,RESIDENT_00811,2026-05-28,Cold Storage,Groceries,5,500
EV002292,RESIDENT_01318,2026-06-30,Guardian,Health & Beauty,10,1000
EV001003,RESIDENT_00589,2026-04-11,Guardian,Health & Beauty,10,1000
EV000258,RESIDENT_00150,2026-06-18,Kopitiam,Food & Beverage,5,500
EV001799,RESIDENT_01035,2026-04-26,NTUC FairPrice,Groceries,5,500
EV001040,RESIDENT_00614,2026-05-27,Cold Storage,Groceries,5,500
EV001519,RESIDENT_00880,2026-05-20,NTUC FairPrice,Groceries,5,500
EV000886,RESIDENT_00525,2026-05-17,NTUC FairPrice,Groceries,10,1000
EV000083,RESIDENT_00045,2026-04-30,Decathlon,Sports,5,500
EV001898,RESIDENT_01100,2026-06-18,Cold Storage,Groceries,5,500
EV001686,RESIDENT_00966,2026-04-08,Guardian,Health & Beauty,10,1000
EV001664,RESIDENT_00954,2026-06-07,Kopitiam,Food & Beverage,5,500
EV001960,RESIDENT_01139,2026-04-24,Decathlon,Sports,10,1000
EV001706,RESIDENT_00974,2026-06-15,NTUC FairPrice,Groceries,10,1000
EV000941,RESIDENT_00556,2026-06-15,Watsons,Health & Beauty,10,1000
EV002085,RESIDENT_01204,2026-06-01,Kopitiam,Food & Beverage,2,200
EV000044,RESIDENT_00022,2026-05-06,Watsons,Health & Beauty,10,1000
EV000490,RESIDENT_00289,2026-04-26,Guardian,Health & Beauty,15,1500
EV001240,RESIDENT_00734,2026-06-29,Sheng Siong,Groceries,5,500
EV001994,RESIDENT_01152,2026-06-29,Kopitiam,Food & Beverage,10,1000
EV000769,RESIDENT_00450,2026-05-22,Kopitiam,Food & Beverage,10,1000
EV001820,RESIDENT_01047,2026-06-05,Sheng Siong,Groceries,5,500
EV001807,RESIDENT_01040,2026-06-29,Kopitiam,Food & Beverage,10,1000
EV002265,RESIDENT_01304,2026-06-29,Guardian,Health & Beauty,5,500
EV001828,RESIDENT_01050,2026-05-23,Sheng Siong,Groceries,5,500
EV000852,RESIDENT_00501,2026-06-06,Watsons,Health & Beauty,2,200
EV001961,RESIDENT_01139,2026-05-15,Guardian,Health & Beauty,2,200
EV001924,RESIDENT_01118,2026-06-04,Decathlon,Sports,2,200
EV000377,RESIDENT_00226,2026-06-11,Decathlon,Sports,5,500
EV000146,RESIDENT_00086,2026-05-29,Cold Storage,Groceries,5,500
EV001092,RESIDENT_00647,2026-06-25,NTUC FairPrice,Groceries,5,500
EV002376,RESIDENT_01373,2026-04-12,Guardian,Health & Beauty,10,1000
EV001420,RESIDENT_00827,2026-05-14,Guardian,Health & Beauty,10,1000
EV002311,RESIDENT_01329,2026-04-11,Sheng Siong,Groceries,10,1000
EV000531,RESIDENT_00310,2026-05-07,Watsons,Health & Beauty,2,200
EV001144,RESIDENT_00678,2026-06-14,NTUC FairPrice,Groceries,15,1500
EV001743,RESIDENT_00995,2026-04-22,Sheng Siong,Groceries,2,200
EV001345,RESIDENT_00789,2026-06-10,Kopitiam,Food & Beverage,5,500
EV000328,RESIDENT_00195,2026-04-24,Decathlon,Sports,5,500
EV001221,RESIDENT_00717,2026-04-10,Sheng Siong,Groceries,2,200
EV001726,RESIDENT_00983,2026-04-20,Cold Storage,Groceries,10,1000
EV002275,RESIDENT_01308,2026-04-03,NTUC FairPrice,Groceries,10,1000
EV000847,RESIDENT_00499,2026-06-04,Sheng Siong,Groceries,10,1000
EV000545,RESIDENT_00319,2026-04-05,Sheng Siong,Groceries,5,500
EV000263,RESIDENT_00151,2026-04-05,Watsons,Health & Beauty,10,1000
EV000474,RESIDENT_00279,2026-04-11,NTUC FairPrice,Groceries,5,500
EV000027,RESIDENT_00015,2026-04-20,Cold Storage,Groceries,5,500
EV002263,RESIDENT_01302,2026-05-20,Guardian,Health & Beauty,2,200
EV000049,RESIDENT_00024,2026-06-28,Watsons,Health & Beauty,15,1500
EV000929,RESIDENT_00548,2026-04-13,Guardian,Health & Beauty,5,500
EV001605,RESIDENT_00928,2026-05-17,NTUC FairPrice,Groceries,15,1500
EV000361,RESIDENT_00208,2026-04-13,Watsons,Health & Beauty,2,200
EV002545,RESIDENT_01486,2026-06-06,Guardian,Health & Beauty,10,1000
EV001535,RESIDENT_00887,2026-04-16,Cold Storage,Groceries,5,500
EV001330,RESIDENT_00782,2026-06-25,Cold Storage,Groceries,15,1500
EV000651,RESIDENT_00384,2026-04-15,Kopitiam,Food & Beverage,10,1000
EV001184,RESIDENT_00700,2026-04-24,Kopitiam,Food & Beverage,10,1000
EV001583,RESIDENT_00916,2026-05-04,Sheng Siong,Groceries,2,200
EV000971,RESIDENT_00577,2026-05-23,Watsons,Health & Beauty,10,1000
EV000220,RESIDENT_00130,2026-06-15,Cold Storage,Groceries,15,1500
EV000989,RESIDENT_00583,2026-06-14,NTUC FairPrice,Groceries,5,500
EV001047,RESIDENT_00619,2026-06-24,Watsons,Health & Beauty,5,500
EV000357,RESIDENT_00207,2026-05-14,NTUC FairPrice,Groceries,10,1000
EV002415,RESIDENT_01394,2026-06-26,Watsons,Health & Beauty,2,200
EV000801,RESIDENT_00466,2026-06-03,Cold Storage,Groceries,2,200
EV000692,RESIDENT_00409,2026-06-18,Decathlon,Sports,2,200
EV001273,RESIDENT_00753,2026-06-08,Watsons,Health & Beauty,10,1000
EV002355,RESIDENT_01362,2026-04-04,Kopitiam,Food & Beverage,10,1000
EV002537,RESIDENT_01483,2026-05-16,Kopitiam,Food & Beverage,15,1500
EV000433,RESIDENT_00255,2026-06-11,Cold Storage,Groceries,15,1500
EV002167,RESIDENT_01255,2026-04-07,Watsons,Health & Beauty,10,1000
EV002238,RESIDENT_01289,2026-04-16,Sheng Siong,Groceries,5,500
EV002409,RESIDENT_01390,2026-06-25,NTUC FairPrice,Groceries,10,1000
EV000292,RESIDENT_00167,2026-05-26,Watsons,Health & Beauty,5,500
EV001590,RESIDENT_00920,2026-05-20,Kopitiam,Food & Beverage,10,1000
EV000166,RESIDENT_00094,2026-05-23,Kopitiam,Food & Beverage,2,200
EV001707,RESIDENT_00974,2026-06-14,Cold Storage,Groceries,2,200
EV001641,RESIDENT_00941,2026-04-24,Kopitiam,Food & Beverage,10,1000
EV000492,RESIDENT_00289,2026-04-19,Guardian,Health & Beauty,2,200
EV000449,RESIDENT_00265,2026-04-03,Decathlon,Sports,5,500
EV000667,RESIDENT_00392,2026-04-30,Guardian,Health & Beauty,5,500
EV000942,RESIDENT_00556,2026-04-13,Sheng Siong,Groceries,2,200
EV001792,RESIDENT_01032,2026-05-05,Cold Storage,Groceries,10,1000
EV000392,RESIDENT_00233,2026-05-05,Kopitiam,Food & Beverage,15,1500
EV001694,RESIDENT_00968,2026-05-13,NTUC FairPrice,Groceries,5,500
EV000870,RESIDENT_00518,2026-04-28,NTUC FairPrice,Groceries,2,200
EV001849,RESIDENT_01059,2026-04-17,Decathlon,Sports,10,1000
EV000990,RESIDENT_00583,2026-05-31,Decathlon,Sports,15,1500
EV001302,RESIDENT_00768,2026-04-11,Decathlon,Sports,10,1000
EV001149,RESIDENT_00682,2026-06-08,Sheng Siong,Groceries,15,1500
EV000529,RESIDENT_00309,2026-05-08,NTUC FairPrice,Groceries,15,1500
EV001992,RESIDENT_01152,2026-06-30,Decathlon,Sports,15,1500
EV002143,RESIDENT_01245,2026-05-13,Cold Storage,Groceries,5,500
EV002174,RESIDENT_01257,2026-04-18,Cold Storage,Groceries,5,500
EV001602,RESIDENT_00926,2026-05-07,Guardian,Health & Beauty,5,500
EV000082,RESIDENT_00045,2026-05-09,NTUC FairPrice,Groceries,5,500
EV002468,RESIDENT_01431,2026-06-07,Watsons,Health & Beauty,10,1000
EV002531,RESIDENT_01480,2026-05-30,NTUC FairPrice,Groceries,5,500
EV001748,RESIDENT_01004,2026-06-12,Kopitiam,Food & Beverage,10,1000
EV001604,RESIDENT_00927,2026-05-22,NTUC FairPrice,Groceries,15,1500
EV002369,RESIDENT_01369,2026-04-28,Decathlon,Sports,2,200
EV000822,RESIDENT_00477,2026-04-26,Decathlon,Sports,5,500
EV002479,RESIDENT_01441,2026-06-19,Sheng Siong,Groceries,2,200
EV000283,RESIDENT_00163,2026-05-15,Decathlon,Sports,10,1000
EV002500,RESIDENT_01458,2026-05-08,NTUC FairPrice,Groceries,15,1500
EV001062,RESIDENT_00627,2026-04-18,Decathlon,Sports,10,1000
EV000947,RESIDENT_00561,2026-05-17,Kopitiam,Food & Beverage,15,1500
EV001242,RESIDENT_00734,2026-04-09,NTUC FairPrice,Groceries,5,500
EV001343,RESIDENT_00788,2026-06-15,Sheng Siong,Groceries,10,1000
EV001478,RESIDENT_00860,2026-04-05,Guardian,Health & Beauty,15,1500
EV000293,RESIDENT_00168,2026-06-17,NTUC FairPrice,Groceries,5,500
EV001238,RESIDENT_00730,2026-05-13,NTUC FairPrice,Groceries,2,200
EV000535,RESIDENT_00312,2026-05-07,Cold Storage,Groceries,15,1500
EV000939,RESIDENT_00554,2026-05-09,Sheng Siong,Groceries,5,500
EV000834,RESIDENT_00486,2026-05-24,Sheng Siong,Groceries,5,500
EV000868,RESIDENT_00512,2026-05-13,Decathlon,Sports,5,500
EV000762,RESIDENT_00446,2026-04-16,Sheng Siong,Groceries,5,500
EV002462,RESIDENT_01426,2026-06-01,Cold Storage,Groceries,15,1500
EV000677,RESIDENT_00398,2026-06-28,NTUC FairPrice,Groceries,10,1000
EV001164,RESIDENT_00687,2026-06-27,Cold Storage,Groceries,15,1500
EV000594,RESIDENT_00354,2026-06-13,Sheng Siong,Groceries,15,1500
EV000519,RESIDENT_00305,2026-04-13,Kopitiam,Food & Beverage,5,500
EV000726,RESIDENT_00425,2026-06-07,NTUC FairPrice,Groceries,2,200
EV002499,RESIDENT_01458,2026-05-21,Sheng Siong,Groceries,10,1000
EV001267,RESIDENT_00748,2026-04-10,NTUC FairPrice,Groceries,5,500
EV000688,RESIDENT_00407,2026-06-06,Kopitiam,Food & Beverage,10,1000
EV001027,RESIDENT_00605,2026-04-12,Sheng Siong,Groceries,15,1500
EV000435,RESIDENT_00257,2026-05-09,Kopitiam,Food & Beverage,10,1000
EV001997,RESIDENT_01154,2026-04-30,Guardian,Health & Beauty,2,200
EV000405,RESIDENT_00239,2026-04-04,Sheng Siong,Groceries,5,500
EV000919,RESIDENT_00543,2026-05-02,Sheng Siong,Groceries,5,500
EV002296,RESIDENT_01320,2026-05-20,Kopitiam,Food & Beverage,5,500
EV002062,RESIDENT_01192,2026-05-03,Kopitiam,Food & Beverage,5,500
EV000938,RESIDENT_00552,2026-05-22,Cold Storage,Groceries,10,1000
EV001227,RESIDENT_00722,2026-06-25,Decathlon,Sports,5,500
EV000977,RESIDENT_00578,2026-04-12,Cold Storage,Groceries,15,1500
EV001118,RESIDENT_00663,2026-04-04,NTUC FairPrice,Groceries,15,1500
EV001672,RESIDENT_00957,2026-04-09,NTUC FairPrice,Groceries,5,500
EV002304,RESIDENT_01325,2026-05-28,Decathlon,Sports,5,500
EV000719,RESIDENT_00422,2026-06-20,NTUC FairPrice,Groceries,2,200
EV001011,RESIDENT_00595,2026-06-30,Guardian,Health & Beauty,15,1500
EV000742,RESIDENT_00437,2026-04-20,Sheng Siong,Groceries,10,1000
EV001006,RESIDENT_00590,2026-05-19,Cold Storage,Groceries,10,1000
EV001591,RESIDENT_00920,2026-05-13,Guardian,Health & Beauty,10,1000
EV000486,RESIDENT_00285,2026-06-29,Guardian,Health & Beauty,10,1000
EV001756,RESIDENT_01009,2026-04-22,Kopitiam,Food & Beverage,5,500
EV001435,RESIDENT_00834,2026-05-05,Watsons,Health & Beauty,5,500
EV001931,RESIDENT_01121,2026-04-28,Kopitiam,Food & Beverage,15,1500
EV002495,RESIDENT_01450,2026-05-13,Guardian,Health & Beauty,5,500
EV000573,RESIDENT_00336,2026-05-30,NTUC FairPrice,Groceries,5,500
EV000609,RESIDENT_00363,2026-05-22,Watsons,Health & Beauty,5,500
EV000256,RESIDENT_00149,2026-04-20,Kopitiam,Food & Beverage,2,200
EV001162,RESIDENT_00686,2026-06-07,NTUC FairPrice,Groceries,10,1000
EV000522,RESIDENT_00307,2026-04-01,Kopitiam,Food & Beverage,5,500
EV000617,RESIDENT_00365,2026-04-22,Cold Storage,Groceries,5,500
EV000288,RESIDENT_00164,2026-05-08,NTUC FairPrice,Groceries,10,1000
EV000775,RESIDENT_00453,2026-04-21,Sheng Siong,Groceries,5,500
EV002466,RESIDENT_01429,2026-04-18,Guardian,Health & Beauty,5,500
EV000471,RESIDENT_00279,2026-06-03,Watsons,Health & Beauty,15,1500
EV000653,RESIDENT_00386,2026-05-27,Sheng Siong,Groceries,2,200
EV000976,RESIDENT_00578,2026-04-05,NTUC FairPrice,Groceries,2,200
EV002420,RESIDENT_01396,2026-06-03,Cold Storage,Groceries,5,500
EV000485,RESIDENT_00284,2026-04-14,Watsons,Health & Beauty,10,1000
EV000943,RESIDENT_00557,2026-04-06,Guardian,Health & Beauty,2,200
EV002283,RESIDENT_01312,2026-05-26,Decathlon,Sports,2,200
EV001465,RESIDENT_00851,2026-05-17,Kopitiam,Food & Beverage,10,1000
EV000151,RESIDENT_00088,2026-06-03,Decathlon,Sports,15,1500
EV001019,RESIDENT_00601,2026-04-25,Sheng Siong,Groceries,5,500
EV001222,RESIDENT_00717,2026-05-20,Kopitiam,Food & Beverage,15,1500
EV001344,RESIDENT_00788,2026-06-25,Decathlon,Sports,2,200
EV001193,RESIDENT_00706,2026-06-15,NTUC FairPrice,Groceries,2,200
EV001127,RESIDENT_00667,2026-06-15,Watsons,Health & Beauty,2,200
EV000770,RESIDENT_00450,2026-06-24,Sheng Siong,Groceries,10,1000
EV000358,RESIDENT_00207,2026-05-18,Watsons,Health & Beauty,10,1000
EV001637,RESIDENT_00939,2026-06-08,NTUC FairPrice,Groceries,10,1000
EV000228,RESIDENT_00133,2026-06-04,Guardian,Health & Beauty,10,1000
EV000862,RESIDENT_00509,2026-04-29,NTUC FairPrice,Groceries,5,500
EV002441,RESIDENT_01415,2026-05-16,Kopitiam,Food & Beverage,10,1000
EV001745,RESIDENT_00999,2026-05-05,Cold Storage,Groceries,15,1500
EV001341,RESIDENT_00788,2026-06-30,Decathlon,Sports,10,1000
EV000110,RESIDENT_00065,2026-05-12,Sheng Siong,Groceries,2,200
EV001542,RESIDENT_00892,2026-04-11,NTUC FairPrice,Groceries,2,200
EV002111,RESIDENT_01220,2026-04-18,Watsons,Health & Beauty,10,1000
EV001038,RESIDENT_00614,2026-04-19,Kopitiam,Food & Beverage,15,1500
EV000349,RESIDENT_00203,2026-05-10,Sheng Siong,Groceries,2,200
EV001782,RESIDENT_01023,2026-04-12,Sheng Siong,Groceries,5,500
EV001953,RESIDENT_01133,2026-05-17,Decathlon,Sports,15,1500
EV002082,RESIDENT_01203,2026-05-02,NTUC FairPrice,Groceries,15,1500
EV001890,RESIDENT_01094,2026-04-17,Decathlon,Sports,2,200
EV001546,RESIDENT_00893,2026-05-07,Decathlon,Sports,15,1500
EV001326,RESIDENT_00780,2026-04-01,Watsons,Health & Beauty,2,200
EV002166,RESIDENT_01255,2026-05-26,Cold Storage,Groceries,15,1500
EV000356,RESIDENT_00207,2026-04-13,Decathlon,Sports,2,200
EV001060,RESIDENT_00626,2026-06-02,NTUC FairPrice,Groceries,10,1000
EV001187,RESIDENT_00700,2026-05-24,Kopitiam,Food & Beverage,5,500
EV001568,RESIDENT_00906,2026-05-17,Decathlon,Sports,5,500
EV000568,RESIDENT_00332,2026-05-20,Sheng Siong,Groceries,15,1500
EV001815,RESIDENT_01046,2026-05-24,Guardian,Health & Beauty,2,200
EV000489,RESIDENT_00287,2026-06-14,Watsons,Health & Beauty,10,1000
EV001884,RESIDENT_01090,2026-04-14,Watsons,Health & Beauty,15,1500
EV001744,RESIDENT_00997,2026-05-03,NTUC FairPrice,Groceries,5,500
EV000338,RESIDENT_00199,2026-05-07,NTUC FairPrice,Groceries,2,200
EV001178,RESIDENT_00695,2026-04-28,Cold Storage,Groceries,10,1000
EV001077,RESIDENT_00637,2026-06-28,NTUC FairPrice,Groceries,5,500
EV000105,RESIDENT_00062,2026-05-23,Decathlon,Sports,10,1000
EV002031,RESIDENT_01172,2026-06-21,Watsons,Health & Beauty,2,200
EV001802,RESIDENT_01036,2026-06-29,NTUC FairPrice,Groceries,2,200
EV000323,RESIDENT_00189,2026-04-04,Decathlon,Sports,5,500
EV000797,RESIDENT_00465,2026-05-17,Guardian,Health & Beauty,15,1500
EV000213,RESIDENT_00123,2026-06-17,Cold Storage,Groceries,10,1000
EV001473,RESIDENT_00857,2026-04-22,Decathlon,Sports,10,1000
EV000764,RESIDENT_00446,2026-06-09,Watsons,Health & Beauty,10,1000
EV000428,RESIDENT_00254,2026-05-03,NTUC FairPrice,Groceries,10,1000
EV001100,RESIDENT_00653,2026-05-04,Sheng Siong,Groceries,2,200
EV000271,RESIDENT_00154,2026-05-03,Decathlon,Sports,15,1500
EV001204,RESIDENT_00710,2026-04-03,Sheng Siong,Groceries,5,500
EV001103,RESIDENT_00654,2026-05-25,Decathlon,Sports,5,500
EV000669,RESIDENT_00393,2026-05-27,Sheng Siong,Groceries,5,500
EV001552,RESIDENT_00898,2026-06-30,NTUC FairPrice,Groceries,10,1000
EV001141,RESIDENT_00677,2026-05-20,Sheng Siong,Groceries,10,1000
EV000181,RESIDENT_00102,2026-04-18,Watsons,Health & Beauty,10,1000
EV001999,RESIDENT_01154,2026-04-06,Sheng Siong,Groceries,10,1000
EV000297,RESIDENT_00172,2026-05-02,Decathlon,Sports,15,1500
EV002137,RESIDENT_01238,2026-04-03,Kopitiam,Food & Beverage,10,1000
EV001104,RESIDENT_00657,2026-04-01,Cold Storage,Groceries,15,1500
EV002326,RESIDENT_01338,2026-04-20,Cold Storage,Groceries,15,1500
EV001917,RESIDENT_01111,2026-04-09,Cold Storage,Groceries,10,1000
EV000272,RESIDENT_00156,2026-06-08,Sheng Siong,Groceries,5,500
EV000108,RESIDENT_00065,2026-04-09,Guardian,Health & Beauty,10,1000
EV001833,RESIDENT_01052,2026-04-11,NTUC FairPrice,Groceries,5,500
EV002300,RESIDENT_01324,2026-06-01,Guardian,Health & Beauty,2,200
EV001033,RESIDENT_00609,2026-05-15,Guardian,Health & Beauty,10,1000
EV002008,RESIDENT_01158,2026-06-13,Kopitiam,Food & Beverage,2,200
EV001600,RESIDENT_00926,2026-06-08,Guardian,Health & Beauty,5,500
EV001203,RESIDENT_00709,2026-04-29,Watsons,Health & Beauty,10,1000
EV002394,RESIDENT_01384,2026-04-21,NTUC FairPrice,Groceries,5,500
EV001513,RESIDENT_00877,2026-04-06,NTUC FairPrice,Groceries,2,200
EV000013,RESIDENT_00006,2026-05-24,Guardian,Health & Beauty,5,500
EV001930,RESIDENT_01121,2026-04-03,Decathlon,Sports,15,1500
EV002443,RESIDENT_01416,2026-05-25,Decathlon,Sports,10,1000
EV002153,RESIDENT_01249,2026-04-09,Kopitiam,Food & Beverage,2,200
EV000488,RESIDENT_00286,2026-06-04,Watsons,Health & Beauty,5,500
EV002242,RESIDENT_01290,2026-05-29,Cold Storage,Groceries,10,1000
EV000261,RESIDENT_00150,2026-05-23,NTUC FairPrice,Groceries,5,500
EV002063,RESIDENT_01192,2026-05-31,Decathlon,Sports,5,500
EV000593,RESIDENT_00353,2026-04-07,NTUC FairPrice,Groceries,5,500
EV000873,RESIDENT_00520,2026-04-09,Sheng Siong,Groceries,2,200
EV000393,RESIDENT_00233,2026-04-28,Watsons,Health & Beauty,15,1500
EV001461,RESIDENT_00849,2026-06-15,Guardian,Health & Beauty,15,1500
EV000434,RESIDENT_00257,2026-04-17,Guardian,Health & Beauty,5,500
EV001791,RESIDENT_01031,2026-06-19,Sheng Siong,Groceries,5,500
EV002069,RESIDENT_01195,2026-06-26,Cold Storage,Groceries,2,200
EV000524,RESIDENT_00307,2026-06-26,Guardian,Health & Beauty,5,500
EV001245,RESIDENT_00736,2026-06-14,Decathlon,Sports,5,500
EV000214,RESIDENT_00123,2026-05-22,Sheng Siong,Groceries,5,500
EV000359,RESIDENT_00208,2026-04-18,Cold Storage,Groceries,10,1000
EV002565,RESIDENT_01500,2026-05-09,Watsons,Health & Beauty,2,200
EV001316,RESIDENT_00777,2026-06-25,Sheng Siong,Groceries,10,1000
EV001831,RESIDENT_01051,2026-05-07,Kopitiam,Food & Beverage,10,1000
EV001067,RESIDENT_00631,2026-05-03,Guardian,Health & Beauty,10,1000
EV001253,RESIDENT_00739,2026-04-28,Kopitiam,Food & Beverage,5,500
EV000465,RESIDENT_00275,2026-05-04,Sheng Siong,Groceries,15,1500
EV001979,RESIDENT_01147,2026-06-19,Kopitiam,Food & Beverage,10,1000
EV001702,RESIDENT_00973,2026-06-19,Kopitiam,Food & Beverage,2,200
EV001818,RESIDENT_01047,2026-06-18,Sheng Siong,Groceries,10,1000
EV000100,RESIDENT_00056,2026-05-18,Guardian,Health & Beauty,5,500
EV001058,RESIDENT_00626,2026-06-21,Kopitiam,Food & Beverage,10,1000
EV001656,RESIDENT_00950,2026-04-12,Decathlon,Sports,5,500
EV000309,RESIDENT_00178,2026-05-11,Sheng Siong,Groceries,5,500
EV002422,RESIDENT_01396,2026-05-28,Sheng Siong,Groceries,5,500
EV001835,RESIDENT_01053,2026-06-19,NTUC FairPrice,Groceries,10,1000
EV001948,RESIDENT_01130,2026-04-05,Guardian,Health & Beauty,2,200
EV001237,RESIDENT_00730,2026-04-20,NTUC FairPrice,Groceries,5,500
EV000548,RESIDENT_00320,2026-04-13,Sheng Siong,Groceries,5,500
EV001394,RESIDENT_00813,2026-06-12,Guardian,Health & Beauty,2,200
EV000168,RESIDENT_00097,2026-04-04,Kopitiam,Food & Beverage,10,1000
EV000650,RESIDENT_00382,2026-04-29,Sheng Siong,Groceries,10,1000
EV001741,RESIDENT_00993,2026-06-30,Kopitiam,Food & Beverage,10,1000
EV002397,RESIDENT_01386,2026-06-02,Watsons,Health & Beauty,10,1000
EV001573,RESIDENT_00908,2026-05-29,Cold Storage,Groceries,15,1500
EV000652,RESIDENT_00385,2026-04-04,Sheng Siong,Groceries,15,1500
EV001736,RESIDENT_00990,2026-06-14,Watsons,Health & Beauty,10,1000
EV002530,RESIDENT_01476,2026-06-19,Sheng Siong,Groceries,10,1000
EV001797,RESIDENT_01034,2026-04-18,Watsons,Health & Beauty,5,500
EV001557,RESIDENT_00901,2026-06-07,Kopitiam,Food & Beverage,5,500
EV001265,RESIDENT_00748,2026-05-22,Sheng Siong,Groceries,10,1000
EV002288,RESIDENT_01315,2026-06-16,Guardian,Health & Beauty,5,500
EV001371,RESIDENT_00802,2026-04-12,Decathlon,Sports,15,1500
EV002323,RESIDENT_01336,2026-06-14,Cold Storage,Groceries,5,500
EV000273,RESIDENT_00156,2026-05-03,Sheng Siong,Groceries,15,1500
EV001655,RESIDENT_00949,2026-04-29,Decathlon,Sports,5,500
EV002553,RESIDENT_01493,2026-05-06,NTUC FairPrice,Groceries,5,500
EV001731,RESIDENT_00988,2026-06-21,Cold Storage,Groceries,10,1000
EV001528,RESIDENT_00884,2026-06-12,Decathlon,Sports,5,500
EV000303,RESIDENT_00176,2026-06-30,Sheng Siong,Groceries,5,500
EV001543,RESIDENT_00892,2026-05-03,Guardian,Health & Beauty,10,1000
EV000378,RESIDENT_00227,2026-04-05,Watsons,Health & Beauty,5,500
EV000017,RESIDENT_00008,2026-05-15,Watsons,Health & Beauty,2,200
EV000040,RESIDENT_00021,2026-05-27,Watsons,Health & Beauty,2,200
EV002025,RESIDENT_01167,2026-06-24,Cold Storage,Groceries,2,200
EV001847,RESIDENT_01058,2026-04-30,NTUC FairPrice,Groceries,15,1500
EV001647,RESIDENT_00944,2026-06-15,Watsons,Health & Beauty,2,200
EV001399,RESIDENT_00814,2026-05-08,NTUC FairPrice,Groceries,10,1000
EV001842,RESIDENT_01056,2026-04-25,Kopitiam,Food & Beverage,10,1000
EV002075,RESIDENT_01199,2026-05-26,Guardian,Health & Beauty,10,1000
EV001056,RESIDENT_00625,2026-06-02,Kopitiam,Food & Beverage,10,1000
EV001708,RESIDENT_00974,2026-06-09,Watsons,Health & Beauty,10,1000
EV000613,RESIDENT_00364,2026-06-21,Kopitiam,Food & Beverage,2,200
EV001348,RESIDENT_00791,2026-04-27,Kopitiam,Food & Beverage,15,1500
EV000065,RESIDENT_00032,2026-05-03,Guardian,Health & Beauty,15,1500
EV001684,RESIDENT_00963,2026-06-04,Watsons,Health & Beauty,2,200
EV002262,RESIDENT_01301,2026-06-08,Watsons,Health & Beauty,5,500
EV000743,RESIDENT_00438,2026-04-09,Sheng Siong,Groceries,5,500
EV000139,RESIDENT_00081,2026-04-19,Guardian,Health & Beauty,5,500
EV002395,RESIDENT_01384,2026-05-24,Guardian,Health & Beauty,10,1000
EV001985,RESIDENT_01149,2026-05-03,Cold Storage,Groceries,2,200
EV000409,RESIDENT_00240,2026-06-25,Kopitiam,Food & Beverage,5,500
EV000023,RESIDENT_00014,2026-06-11,Kopitiam,Food & Beverage,5,500
EV000158,RESIDENT_00091,2026-06-04,Watsons,Health & Beauty,15,1500
EV000521,RESIDENT_00305,2026-04-26,Decathlon,Sports,5,500
EV002277,RESIDENT_01310,2026-05-27,Kopitiam,Food & Beverage,5,500
EV001300,RESIDENT_00767,2026-06-14,Guardian,Health & Beauty,2,200
EV000768,RESIDENT_00449,2026-05-22,Sheng Siong,Groceries,15,1500
EV000828,RESIDENT_00479,2026-04-30,Decathlon,Sports,5,500
EV000470,RESIDENT_00277,2026-06-02,Kopitiam,Food & Beverage,15,1500
EV001717,RESIDENT_00980,2026-06-27,Decathlon,Sports,10,1000
EV002215,RESIDENT_01276,2026-05-07,Watsons,Health & Beauty,10,1000
EV001349,RESIDENT_00791,2026-06-10,Decathlon,Sports,15,1500
EV000781,RESIDENT_00456,2026-06-30,Cold Storage,Groceries,10,1000
EV000756,RESIDENT_00444,2026-05-27,Guardian,Health & Beauty,10,1000
EV000022,RESIDENT_00014,2026-04-04,Watsons,Health & Beauty,5,500
EV000900,RESIDENT_00533,2026-04-10,NTUC FairPrice,Groceries,10,1000
EV001211,RESIDENT_00712,2026-04-13,Sheng Siong,Groceries,10,1000
EV001817,RESIDENT_01047,2026-04-22,Sheng Siong,Groceries,5,500
EV001269,RESIDENT_00749,2026-05-18,NTUC FairPrice,Groceries,5,500
EV000707,RESIDENT_00416,2026-04-19,NTUC FairPrice,Groceries,10,1000
EV001120,RESIDENT_00663,2026-04-14,NTUC FairPrice,Groceries,2,200
EV002173,RESIDENT_01257,2026-04-11,Decathlon,Sports,5,500
EV002040,RESIDENT_01177,2026-05-26,Sheng Siong,Groceries,5,500
EV001363,RESIDENT_00799,2026-05-03,Guardian,Health & Beauty,2,200
EV001537,RESIDENT_00887,2026-05-31,Kopitiam,Food & Beverage,10,1000
EV001272,RESIDENT_00751,2026-06-15,Cold Storage,Groceries,5,500
EV000615,RESIDENT_00364,2026-05-04,Cold Storage,Groceries,2,200
EV002364,RESIDENT_01366,2026-05-02,Decathlon,Sports,5,500
EV001009,RESIDENT_00592,2026-06-02,Cold Storage,Groceries,10,1000
EV001875,RESIDENT_01082,2026-06-17,Decathlon,Sports,5,500
EV001515,RESIDENT_00877,2026-06-20,Cold Storage,Groceries,2,200
EV001313,RESIDENT_00775,2026-06-09,Decathlon,Sports,10,1000
EV001250,RESIDENT_00738,2026-05-11,NTUC FairPrice,Groceries,15,1500
EV001235,RESIDENT_00730,2026-05-23,Watsons,Health & Beauty,10,1000
EV001165,RESIDENT_00688,2026-06-20,Sheng Siong,Groceries,5,500
EV002021,RESIDENT_01166,2026-05-11,Decathlon,Sports,10,1000
EV000525,RESIDENT_00308,2026-05-24,Cold Storage,Groceries,5,500
EV000087,RESIDENT_00047,2026-06-09,Watsons,Health & Beauty,5,500
EV000627,RESIDENT_00368,2026-05-04,Kopitiam,Food & Beverage,2,200
EV001589,RESIDENT_00920,2026-04-19,Kopitiam,Food & Beverage,10,1000
EV000412,RESIDENT_00242,2026-05-29,NTUC FairPrice,Groceries,10,1000
EV000478,RESIDENT_00280,2026-05-05,Cold Storage,Groceries,5,500
EV000189,RESIDENT_00106,2026-04-21,Cold Storage,Groceries,10,1000
EV001891,RESIDENT_01094,2026-06-19,Cold Storage,Groceries,5,500
EV001688,RESIDENT_00966,2026-05-29,Watsons,Health & Beauty,5,500
EV000744,RESIDENT_00438,2026-06-17,Sheng Siong,Groceries,10,1000
EV001310,RESIDENT_00774,2026-04-14,Decathlon,Sports,5,500
EV001966,RESIDENT_01141,2026-06-20,Sheng Siong,Groceries,15,1500
EV000385,RESIDENT_00231,2026-04-06,Sheng Siong,Groceries,15,1500
EV000351,RESIDENT_00203,2026-05-27,Kopitiam,Food & Beverage,2,200
EV000584,RESIDENT_00344,2026-06-01,Kopitiam,Food & Beverage,2,200
EV000028,RESIDENT_00016,2026-05-03,Guardian,Health & Beauty,10,1000
EV000066,RESIDENT_00033,2026-04-21,Cold Storage,Groceries,5,500
EV000074,RESIDENT_00042,2026-04-19,Watsons,Health & Beauty,10,1000
EV001705,RESIDENT_00974,2026-06-21,NTUC FairPrice,Groceries,5,500
EV001732,RESIDENT_00988,2026-05-17,Kopitiam,Food & Beverage,5,500
EV000820,RESIDENT_00474,2026-05-27,Sheng Siong,Groceries,10,1000
EV001559,RESIDENT_00902,2026-06-14,NTUC FairPrice,Groceries,2,200
EV000178,RESIDENT_00101,2026-04-10,Kopitiam,Food & Beverage,2,200
EV000895,RESIDENT_00532,2026-05-28,Watsons,Health & Beauty,15,1500
EV001469,RESIDENT_00853,2026-05-22,Guardian,Health & Beauty,15,1500
EV001773,RESIDENT_01019,2026-04-20,NTUC FairPrice,Groceries,10,1000
EV000313,RESIDENT_00181,2026-06-09,Cold Storage,Groceries,2,200
EV002424,RESIDENT_01398,2026-05-02,Decathlon,Sports,10,1000
EV000858,RESIDENT_00505,2026-05-26,Guardian,Health & Beauty,5,500
EV001657,RESIDENT_00950,2026-05-19,NTUC FairPrice,Groceries,2,200
EV000891,RESIDENT_00528,2026-04-14,Guardian,Health & Beauty,15,1500
EV000282,RESIDENT_00162,2026-05-24,Kopitiam,Food & Beverage,5,500
EV000391,RESIDENT_00233,2026-05-21,Watsons,Health & Beauty,15,1500
EV002208,RESIDENT_01270,2026-06-16,Guardian,Health & Beauty,5,500
EV000984,RESIDENT_00580,2026-06-22,NTUC FairPrice,Groceries,15,1500
EV001136,RESIDENT_00675,2026-06-06,Kopitiam,Food & Beverage,2,200
EV000591,RESIDENT_00349,2026-04-26,Decathlon,Sports,10,1000
EV000278,RESIDENT_00160,2026-06-26,Sheng Siong,Groceries,10,1000
EV001551,RESIDENT_00895,2026-04-18,Kopitiam,Food & Beverage,5,500
EV001503,RESIDENT_00871,2026-06-25,Kopitiam,Food & Beverage,2,200
EV001628,RESIDENT_00937,2026-05-05,Cold Storage,Groceries,2,200
EV002187,RESIDENT_01263,2026-05-20,Sheng Siong,Groceries,10,1000
EV001499,RESIDENT_00870,2026-06-08,Sheng Siong,Groceries,10,1000
EV001663,RESIDENT_00954,2026-04-16,Kopitiam,Food & Beverage,10,1000
EV002279,RESIDENT_01310,2026-06-28,Cold Storage,Groceries,2,200
EV002312,RESIDENT_01331,2026-05-20,Kopitiam,Food & Beverage,5,500
EV001368,RESIDENT_00801,2026-06-06,Watsons,Health & Beauty,5,500
EV001988,RESIDENT_01150,2026-04-16,Kopitiam,Food & Beverage,10,1000
EV002354,RESIDENT_01359,2026-06-17,Decathlon,Sports,10,1000
EV001887,RESIDENT_01091,2026-04-08,Guardian,Health & Beauty,5,500
EV002559,RESIDENT_01495,2026-06-24,Cold Storage,Groceries,10,1000
EV001500,RESIDENT_00870,2026-05-02,Cold Storage,Groceries,10,1000
EV002328,RESIDENT_01338,2026-06-27,Watsons,Health & Beauty,15,1500
EV001366,RESIDENT_00801,2026-06-29,Sheng Siong,Groceries,15,1500
EV001972,RESIDENT_01144,2026-04-02,Kopitiam,Food & Beverage,10,1000
EV000341,RESIDENT_00200,2026-05-25,NTUC FairPrice,Groceries,2,200
EV001746,RESIDENT_01003,2026-06-29,Sheng Siong,Groceries,10,1000
EV001532,RESIDENT_00885,2026-06-19,Cold Storage,Groceries,15,1500
EV000156,RESIDENT_00090,2026-04-19,Sheng Siong,Groceries,5,500
EV002115,RESIDENT_01221,2026-06-18,Watsons,Health & Beauty,5,500
EV000557,RESIDENT_00327,2026-05-18,NTUC FairPrice,Groceries,10,1000
EV000091,RESIDENT_00049,2026-05-04,Sheng Siong,Groceries,10,1000
EV002457,RESIDENT_01424,2026-06-30,Watsons,Health & Beauty,5,500
EV001974,RESIDENT_01144,2026-04-06,Guardian,Health & Beauty,5,500
EV000547,RESIDENT_00320,2026-05-04,Cold Storage,Groceries,10,1000
EV001775,RESIDENT_01019,2026-05-25,Decathlon,Sports,2,200
EV001209,RESIDENT_00711,2026-04-26,Sheng Siong,Groceries,5,500
EV000541,RESIDENT_00315,2026-05-09,Cold Storage,Groceries,5,500
EV000981,RESIDENT_00579,2026-05-08,Guardian,Health & Beauty,10,1000
EV000767,RESIDENT_00449,2026-04-20,Cold Storage,Groceries,5,500
EV001507,RESIDENT_00875,2026-04-22,Kopitiam,Food & Beverage,5,500
EV001216,RESIDENT_00713,2026-04-18,Cold Storage,Groceries,10,1000
EV000419,RESIDENT_00245,2026-04-05,Guardian,Health & Beauty,5,500
EV000463,RESIDENT_00273,2026-05-27,Guardian,Health & Beauty,5,500
EV000805,RESIDENT_00468,2026-04-11,Cold Storage,Groceries,5,500
EV000732,RESIDENT_00433,2026-04-10,Guardian,Health & Beauty,10,1000
EV000694,RESIDENT_00409,2026-04-19,Kopitiam,Food & Beverage,5,500
EV001428,RESIDENT_00831,2026-06-07,Decathlon,Sports,10,1000
EV002029,RESIDENT_01172,2026-05-31,Guardian,Health & Beauty,10,1000
EV000217,RESIDENT_00127,2026-06-24,Kopitiam,Food & Beverage,2,200
EV000909,RESIDENT_00539,2026-06-24,Guardian,Health & Beauty,5,500
EV001555,RESIDENT_00900,2026-06-22,Cold Storage,Groceries,10,1000
EV002149,RESIDENT_01248,2026-05-26,Guardian,Health & Beauty,5,500
EV000298,RESIDENT_00172,2026-04-11,Watsons,Health & Beauty,5,500
EV001153,RESIDENT_00682,2026-05-05,Decathlon,Sports,15,1500
EV001627,RESIDENT_00937,2026-05-03,Cold Storage,Groceries,15,1500
EV000586,RESIDENT_00345,2026-05-04,Guardian,Health & Beauty,5,500
EV002360,RESIDENT_01363,2026-04-18,Sheng Siong,Groceries,2,200
EV001050,RESIDENT_00622,2026-05-27,Kopitiam,Food & Beverage,10,1000
EV001000,RESIDENT_00588,2026-04-19,Watsons,Health & Beauty,15,1500
EV000050,RESIDENT_00024,2026-06-22,Sheng Siong,Groceries,2,200
EV002120,RESIDENT_01226,2026-05-27,Watsons,Health & Beauty,10,1000
EV000636,RESIDENT_00375,2026-05-29,Guardian,Health & Beauty,10,1000
EV001114,RESIDENT_00660,2026-05-16,Watsons,Health & Beauty,15,1500
EV000445,RESIDENT_00264,2026-05-04,Watsons,Health & Beauty,10,1000
EV001294,RESIDENT_00761,2026-06-03,Watsons,Health & Beauty,10,1000
EV001161,RESIDENT_00686,2026-05-20,Sheng Siong,Groceries,10,1000
EV001629,RESIDENT_00937,2026-06-14,Cold Storage,Groceries,5,500
EV000752,RESIDENT_00441,2026-06-11,Sheng Siong,Groceries,10,1000
EV000495,RESIDENT_00290,2026-04-10,Watsons,Health & Beauty,10,1000
EV000196,RESIDENT_00110,2026-05-12,Watsons,Health & Beauty,15,1500
EV002030,RESIDENT_01172,2026-06-07,Decathlon,Sports,10,1000
EV001360,RESIDENT_00795,2026-05-19,Kopitiam,Food & Beverage,5,500
EV001747,RESIDENT_01003,2026-04-02,NTUC FairPrice,Groceries,2,200
EV000898,RESIDENT_00532,2026-05-20,NTUC FairPrice,Groceries,5,500
EV002556,RESIDENT_01494,2026-05-18,Kopitiam,Food & Beverage,5,500
EV002481,RESIDENT_01442,2026-06-06,Kopitiam,Food & Beverage,10,1000
EV002077,RESIDENT_01202,2026-05-11,Decathlon,Sports,15,1500
EV000696,RESIDENT_00411,2026-06-16,Watsons,Health & Beauty,10,1000
EV000592,RESIDENT_00349,2026-04-25,NTUC FairPrice,Groceries,5,500
EV000908,RESIDENT_00538,2026-04-28,Guardian,Health & Beauty,5,500
EV001975,RESIDENT_01146,2026-06-18,Decathlon,Sports,10,1000
EV001806,RESIDENT_01039,2026-06-20,Decathlon,Sports,15,1500
EV000031,RESIDENT_00017,2026-04-10,Guardian,Health & Beauty,5,500
EV000595,RESIDENT_00354,2026-05-27,Watsons,Health & Beauty,10,1000
EV000120,RESIDENT_00071,2026-05-24,Guardian,Health & Beauty,10,1000
EV002053,RESIDENT_01188,2026-05-08,NTUC FairPrice,Groceries,5,500
EV001801,RESIDENT_01035,2026-06-29,Decathlon,Sports,5,500
EV000198,RESIDENT_00111,2026-06-16,Sheng Siong,Groceries,10,1000
EV002081,RESIDENT_01203,2026-04-18,Watsons,Health & Beauty,2,200
EV002114,RESIDENT_01221,2026-04-09,Guardian,Health & Beauty,15,1500
EV001069,RESIDENT_00632,2026-04-15,NTUC FairPrice,Groceries,10,1000
EV002142,RESIDENT_01244,2026-05-17,Cold Storage,Groceries,5,500
EV001425,RESIDENT_00830,2026-04-16,Cold Storage,Groceries,10,1000
EV000223,RESIDENT_00131,2026-05-28,NTUC FairPrice,Groceries,15,1500
EV000570,RESIDENT_00334,2026-04-06,Cold Storage,Groceries,10,1000
EV000373,RESIDENT_00224,2026-06-09,Guardian,Health & Beauty,15,1500
EV001409,RESIDENT_00819,2026-04-01,Sheng Siong,Groceries,5,500
EV002196,RESIDENT_01267,2026-05-03,Watsons,Health & Beauty,5,500
EV002393,RESIDENT_01383,2026-04-05,NTUC FairPrice,Groceries,2,200
EV000629,RESIDENT_00371,2026-06-29,Kopitiam,Food & Beverage,10,1000
EV001471,RESIDENT_00853,2026-04-12,Decathlon,Sports,2,200
EV001780,RESIDENT_01022,2026-04-06,NTUC FairPrice,Groceries,10,1000
EV002195,RESIDENT_01266,2026-04-18,NTUC FairPrice,Groceries,2,200
EV001593,RESIDENT_00923,2026-05-23,NTUC FairPrice,Groceries,10,1000
EV000182,RESIDENT_00103,2026-06-06,NTUC FairPrice,Groceries,5,500
EV000365,RESIDENT_00210,2026-05-04,Sheng Siong,Groceries,5,500
EV000255,RESIDENT_00149,2026-04-05,Sheng Siong,Groceries,5,500
EV000503,RESIDENT_00294,2026-05-12,Sheng Siong,Groceries,10,1000
EV000564,RESIDENT_00330,2026-04-14,NTUC FairPrice,Groceries,5,500
EV001788,RESIDENT_01029,2026-05-03,Watsons,Health & Beauty,5,500
EV000687,RESIDENT_00407,2026-05-14,NTUC FairPrice,Groceries,15,1500
EV000268,RESIDENT_00152,2026-04-29,Guardian,Health & Beauty,10,1000
EV001710,RESIDENT_00975,2026-05-06,Sheng Siong,Groceries,15,1500
EV000933,RESIDENT_00551,2026-06-10,Decathlon,Sports,5,500
EV001947,RESIDENT_01130,2026-04-22,Cold Storage,Groceries,15,1500
EV000033,RESIDENT_00019,2026-05-31,Decathlon,Sports,15,1500
EV001562,RESIDENT_00903,2026-04-21,Sheng Siong,Groceries,10,1000
EV001728,RESIDENT_00987,2026-04-04,Decathlon,Sports,5,500
EV001479,RESIDENT_00861,2026-05-15,Kopitiam,Food & Beverage,15,1500
EV001321,RESIDENT_00778,2026-05-05,Watsons,Health & Beauty,15,1500
EV001297,RESIDENT_00763,2026-04-26,Watsons,Health & Beauty,5,500
EV001214,RESIDENT_00712,2026-05-16,Cold Storage,Groceries,10,1000
EV002306,RESIDENT_01326,2026-04-07,NTUC FairPrice,Groceries,5,500
EV001351,RESIDENT_00793,2026-06-08,NTUC FairPrice,Groceries,5,500
EV001613,RESIDENT_00931,2026-04-19,NTUC FairPrice,Groceries,10,1000
EV001448,RESIDENT_00838,2026-06-03,Sheng Siong,Groceries,15,1500
EV000160,RESIDENT_00091,2026-05-03,Kopitiam,Food & Beverage,5,500
EV000911,RESIDENT_00539,2026-06-19,NTUC FairPrice,Groceries,10,1000
EV000247,RESIDENT_00146,2026-06-13,Watsons,Health & Beauty,5,500
EV001071,RESIDENT_00633,2026-05-18,Kopitiam,Food & Beverage,5,500
EV000173,RESIDENT_00100,2026-04-03,Kopitiam,Food & Beverage,5,500
EV000462,RESIDENT_00273,2026-06-28,Cold Storage,Groceries,15,1500
EV002258,RESIDENT_01300,2026-05-26,Watsons,Health & Beauty,5,500
EV002177,RESIDENT_01259,2026-06-11,Sheng Siong,Groceries,2,200
EV000880,RESIDENT_00524,2026-06-17,Cold Storage,Groceries,5,500
EV002128,RESIDENT_01233,2026-06-07,Decathlon,Sports,2,200
EV000659,RESIDENT_00389,2026-06-28,Cold Storage,Groceries,10,1000
EV001520,RESIDENT_00880,2026-04-05,NTUC FairPrice,Groceries,2,200
EV001990,RESIDENT_01151,2026-04-25,Watsons,Health & Beauty,5,500
EV000961,RESIDENT_00572,2026-04-16,Cold Storage,Groceries,5,500
EV000758,RESIDENT_00444,2026-06-08,Sheng Siong,Groceries,5,500
EV002023,RESIDENT_01166,2026-05-02,Cold Storage,Groceries,2,200
EV001028,RESIDENT_00606,2026-05-13,NTUC FairPrice,Groceries,2,200
EV002039,RESIDENT_01176,2026-05-19,Watsons,Health & Beauty,2,200
EV002561,RESIDENT_01497,2026-05-02,Sheng Siong,Groceries,5,500
EV000882,RESIDENT_00524,2026-06-01,Decathlon,Sports,5,500
EV001052,RESIDENT_00622,2026-04-26,NTUC FairPrice,Groceries,10,1000
EV001255,RESIDENT_00741,2026-06-19,Cold Storage,Groceries,2,200
EV002169,RESIDENT_01256,2026-06-17,Watsons,Health & Beauty,10,1000
EV000733,RESIDENT_00433,2026-04-05,Kopitiam,Food & Beverage,5,500
EV000299,RESIDENT_00174,2026-06-28,Cold Storage,Groceries,10,1000
EV000934,RESIDENT_00552,2026-05-14,Watsons,Health & Beauty,10,1000
EV002264,RESIDENT_01303,2026-05-19,Guardian,Health & Beauty,5,500
EV002033,RESIDENT_01173,2026-05-07,Cold Storage,Groceries,15,1500
EV000540,RESIDENT_00314,2026-04-09,Watsons,Health & Beauty,15,1500
EV000396,RESIDENT_00236,2026-05-31,Decathlon,Sports,10,1000
EV001370,RESIDENT_00802,2026-04-30,Decathlon,Sports,2,200
EV001347,RESIDENT_00790,2026-04-04,Cold Storage,Groceries,2,200
EV001550,RESIDENT_00894,2026-04-04,Kopitiam,Food & Beverage,10,1000
EV001404,RESIDENT_00817,2026-05-14,Kopitiam,Food & Beverage,5,500
EV001446,RESIDENT_00838,2026-05-09,NTUC FairPrice,Groceries,15,1500
EV001561,RESIDENT_00903,2026-05-31,Decathlon,Sports,2,200
EV001318,RESIDENT_00777,2026-05-14,Watsons,Health & Beauty,5,500
EV000925,RESIDENT_00546,2026-05-04,Decathlon,Sports,10,1000
EV001927,RESIDENT_01119,2026-05-04,Cold Storage,Groceries,5,500
EV001650,RESIDENT_00947,2026-04-18,Cold Storage,Groceries,10,1000
EV001925,RESIDENT_01118,2026-05-16,Kopitiam,Food & Beverage,10,1000
EV001670,RESIDENT_00956,2026-04-10,Guardian,Health & Beauty,5,500
EV001175,RESIDENT_00694,2026-06-07,Guardian,Health & Beauty,15,1500
EV000905,RESIDENT_00536,2026-05-23,Cold Storage,Groceries,10,1000
EV001755,RESIDENT_01009,2026-06-28,Decathlon,Sports,10,1000
EV001619,RESIDENT_00933,2026-05-21,Sheng Siong,Groceries,10,1000
EV000888,RESIDENT_00526,2026-06-14,Watsons,Health & Beauty,10,1000
EV000993,RESIDENT_00584,2026-05-29,NTUC FairPrice,Groceries,5,500
EV002289,RESIDENT_01316,2026-04-05,NTUC FairPrice,Groceries,10,1000
EV002122,RESIDENT_01227,2026-06-23,Kopitiam,Food & Beverage,15,1500
EV001973,RESIDENT_01144,2026-05-17,Decathlon,Sports,10,1000
EV000612,RESIDENT_00363,2026-06-28,Guardian,Health & Beauty,15,1500
EV000985,RESIDENT_00580,2026-04-21,Cold Storage,Groceries,10,1000
EV002092,RESIDENT_01209,2026-05-15,Guardian,Health & Beauty,5,500
EV002456,RESIDENT_01422,2026-06-25,Decathlon,Sports,2,200
EV000623,RESIDENT_00367,2026-06-19,Watsons,Health & Beauty,10,1000
EV001190,RESIDENT_00703,2026-04-18,Guardian,Health & Beauty,5,500
EV002478,RESIDENT_01441,2026-06-28,Cold Storage,Groceries,5,500
EV000670,RESIDENT_00393,2026-06-12,Watsons,Health & Beauty,15,1500
EV001106,RESIDENT_00657,2026-06-16,Guardian,Health & Beauty,10,1000
EV000899,RESIDENT_00533,2026-04-30,Watsons,Health & Beauty,5,500
EV001246,RESIDENT_00736,2026-06-01,Watsons,Health & Beauty,5,500
EV000494,RESIDENT_00289,2026-06-13,Sheng Siong,Groceries,15,1500
EV001697,RESIDENT_00970,2026-04-26,Kopitiam,Food & Beverage,10,1000
EV001111,RESIDENT_00659,2026-04-15,Sheng Siong,Groceries,5,500
EV000721,RESIDENT_00424,2026-06-01,Watsons,Health & Beauty,10,1000
EV001041,RESIDENT_00616,2026-05-22,Guardian,Health & Beauty,10,1000
EV001843,RESIDENT_01057,2026-04-26,NTUC FairPrice,Groceries,5,500
EV001325,RESIDENT_00778,2026-06-02,NTUC FairPrice,Groceries,15,1500
EV001358,RESIDENT_00795,2026-06-13,NTUC FairPrice,Groceries,5,500
EV002412,RESIDENT_01391,2026-05-24,Decathlon,Sports,10,1000
EV000446,RESIDENT_00264,2026-05-31,Watsons,Health & Beauty,10,1000
EV001636,RESIDENT_00939,2026-06-30,Sheng Siong,Groceries,10,1000
EV002073,RESIDENT_01196,2026-04-15,Kopitiam,Food & Beverage,10,1000
EV002260,RESIDENT_01300,2026-05-08,Guardian,Health & Beauty,15,1500
EV002349,RESIDENT_01358,2026-05-11,NTUC FairPrice,Groceries,15,1500
EV000902,RESIDENT_00533,2026-04-20,Guardian,Health & Beauty,10,1000
EV000875,RESIDENT_00521,2026-06-05,Cold Storage,Groceries,2,200
EV000347,RESIDENT_00202,2026-06-07,Cold Storage,Groceries,5,500
EV002130,RESIDENT_01233,2026-06-16,NTUC FairPrice,Groceries,2,200
EV001919,RESIDENT_01112,2026-05-01,Sheng Siong,Groceries,5,500
EV001354,RESIDENT_00794,2026-05-25,Cold Storage,Groceries,10,1000
EV001965,RESIDENT_01140,2026-06-04,Cold Storage,Groceries,10,1000
EV001844,RESIDENT_01058,2026-04-06,Kopitiam,Food & Beverage,5,500
EV001283,RESIDENT_00755,2026-04-26,Cold Storage,Groceries,5,500
EV000681,RESIDENT_00404,2026-04-28,Cold Storage,Groceries,2,200
EV000511,RESIDENT_00299,2026-06-28,Guardian,Health & Beauty,15,1500
EV002503,RESIDENT_01459,2026-06-25,Guardian,Health & Beauty,10,1000
EV002526,RESIDENT_01474,2026-05-02,Watsons,Health & Beauty,15,1500
EV001811,RESIDENT_01043,2026-04-05,Sheng Siong,Groceries,15,1500
EV001862,RESIDENT_01075,2026-06-27,NTUC FairPrice,Groceries,15,1500
EV001599,RESIDENT_00926,2026-06-28,Watsons,Health & Beauty,2,200
EV001073,RESIDENT_00634,2026-06-24,Watsons,Health & Beauty,5,500
EV001901,RESIDENT_01102,2026-04-04,Decathlon,Sports,15,1500
EV001848,RESIDENT_01059,2026-04-17,Guardian,Health & Beauty,10,1000
EV002489,RESIDENT_01447,2026-04-04,Kopitiam,Food & Beverage,10,1000
EV000125,RESIDENT_00075,2026-05-01,Sheng Siong,Groceries,5,500
EV001823,RESIDENT_01049,2026-04-05,Kopitiam,Food & Beverage,10,1000
EV002378,RESIDENT_01374,2026-04-06,Decathlon,Sports,5,500
EV000016,RESIDENT_00008,2026-04-14,Decathlon,Sports,10,1000
EV000140,RESIDENT_00081,2026-06-17,NTUC FairPrice,Groceries,5,500
EV000693,RESIDENT_00409,2026-06-20,Guardian,Health & Beauty,5,500
EV001658,RESIDENT_00950,2026-05-21,Kopitiam,Food & Beverage,2,200
EV001362,RESIDENT_00798,2026-04-28,Cold Storage,Groceries,5,500
EV001852,RESIDENT_01066,2026-06-24,Guardian,Health & Beauty,15,1500
EV000098,RESIDENT_00056,2026-06-10,Guardian,Health & Beauty,15,1500
EV001013,RESIDENT_00598,2026-05-28,NTUC FairPrice,Groceries,10,1000
EV001810,RESIDENT_01043,2026-04-17,Kopitiam,Food & Beverage,15,1500
EV001123,RESIDENT_00665,2026-06-30,Decathlon,Sports,15,1500
EV001733,RESIDENT_00988,2026-06-28,Cold Storage,Groceries,2,200
EV000281,RESIDENT_00161,2026-04-27,Cold Storage,Groceries,10,1000
EV001772,RESIDENT_01016,2026-05-10,Watsons,Health & Beauty,10,1000
EV000701,RESIDENT_00413,2026-05-23,NTUC FairPrice,Groceries,10,1000
EV001916,RESIDENT_01111,2026-04-19,Decathlon,Sports,5,500
EV001918,RESIDENT_01111,2026-05-11,Decathlon,Sports,10,1000
EV001939,RESIDENT_01126,2026-04-22,Kopitiam,Food & Beverage,10,1000
EV001962,RESIDENT_01139,2026-05-22,Guardian,Health & Beauty,5,500
EV000710,RESIDENT_00417,2026-06-11,Sheng Siong,Groceries,10,1000
EV002054,RESIDENT_01188,2026-04-25,Guardian,Health & Beauty,10,1000
EV000601,RESIDENT_00356,2026-05-28,Sheng Siong,Groceries,5,500
EV002333,RESIDENT_01342,2026-04-17,Kopitiam,Food & Beverage,10,1000
EV001525,RESIDENT_00882,2026-05-01,Cold Storage,Groceries,10,1000
EV000697,RESIDENT_00411,2026-06-01,Guardian,Health & Beauty,2,200
EV002536,RESIDENT_01481,2026-04-05,Kopitiam,Food & Beverage,10,1000
EV000926,RESIDENT_00547,2026-06-23,Cold Storage,Groceries,5,500
EV001713,RESIDENT_00977,2026-05-18,Kopitiam,Food & Beverage,10,1000
EV001509,RESIDENT_00876,2026-06-30,Watsons,Health & Beauty,2,200
EV000229,RESIDENT_00133,2026-06-01,Watsons,Health & Beauty,10,1000
EV000644,RESIDENT_00379,2026-04-07,Guardian,Health & Beauty,2,200
EV002389,RESIDENT_01382,2026-06-25,Cold Storage,Groceries,10,1000
EV000940,RESIDENT_00555,2026-05-16,Sheng Siong,Groceries,10,1000
EV000661,RESIDENT_00390,2026-04-06,Sheng Siong,Groceries,5,500
EV002193,RESIDENT_01265,2026-06-25,NTUC FairPrice,Groceries,5,500
EV001819,RESIDENT_01047,2026-06-29,Cold Storage,Groceries,10,1000
EV000290,RESIDENT_00166,2026-04-08,Guardian,Health & Beauty,10,1000
EV000841,RESIDENT_00494,2026-05-05,Kopitiam,Food & Beverage,5,500
EV001032,RESIDENT_00607,2026-04-16,NTUC FairPrice,Groceries,5,500
EV000276,RESIDENT_00159,2026-04-04,NTUC FairPrice,Groceries,5,500
EV000407,RESIDENT_00240,2026-06-03,NTUC FairPrice,Groceries,15,1500
EV000872,RESIDENT_00519,2026-05-18,Kopitiam,Food & Beverage,2,200
EV001909,RESIDENT_01107,2026-05-07,NTUC FairPrice,Groceries,10,1000
EV000248,RESIDENT_00146,2026-05-07,Sheng Siong,Groceries,5,500
EV000765,RESIDENT_00447,2026-05-02,Decathlon,Sports,10,1000
EV001463,RESIDENT_00850,2026-05-03,Cold Storage,Groceries,10,1000
EV001119,RESIDENT_00663,2026-05-20,Cold Storage,Groceries,10,1000
EV000533,RESIDENT_00310,2026-04-13,Sheng Siong,Groceries,5,500
EV001381,RESIDENT_00804,2026-04-23,Kopitiam,Food & Beverage,15,1500
EV002486,RESIDENT_01443,2026-04-14,NTUC FairPrice,Groceries,15,1500
EV000118,RESIDENT_00071,2026-05-08,NTUC FairPrice,Groceries,15,1500
EV001671,RESIDENT_00957,2026-06-16,Guardian,Health & Beauty,2,200
EV002322,RESIDENT_01336,2026-04-29,Decathlon,Sports,2,200
EV001883,RESIDENT_01090,2026-06-19,NTUC FairPrice,Groceries,2,200
EV001388,RESIDENT_00808,2026-05-16,NTUC FairPrice,Groceries,5,500
EV000641,RESIDENT_00378,2026-04-19,Sheng Siong,Groceries,15,1500
EV001913,RESIDENT_01109,2026-05-02,Sheng Siong,Groceries,10,1000
EV002172,RESIDENT_01257,2026-06-21,Sheng Siong,Groceries,10,1000
EV002511,RESIDENT_01465,2026-06-16,Watsons,Health & Beauty,10,1000
EV002132,RESIDENT_01235,2026-04-11,Kopitiam,Food & Beverage,10,1000
EV002282,RESIDENT_01312,2026-06-07,Sheng Siong,Groceries,2,200
EV000957,RESIDENT_00568,2026-06-12,Sheng Siong,Groceries,10,1000
EV001662,RESIDENT_00953,2026-05-23,NTUC FairPrice,Groceries,2,200
EV001511,RESIDENT_00876,2026-06-04,Cold Storage,Groceries,15,1500
EV001320,RESIDENT_00777,2026-04-18,Watsons,Health & Beauty,5,500
EV002253,RESIDENT_01295,2026-05-18,Kopitiam,Food & Beverage,15,1500
EV002230,RESIDENT_01285,2026-04-25,Decathlon,Sports,5,500
EV002371,RESIDENT_01371,2026-05-19,Guardian,Health & Beauty,10,1000
EV000803,RESIDENT_00467,2026-05-22,Sheng Siong,Groceries,5,500
EV000655,RESIDENT_00386,2026-05-19,Sheng Siong,Groceries,5,500
EV001893,RESIDENT_01095,2026-04-09,Sheng Siong,Groceries,2,200
EV000637,RESIDENT_00375,2026-05-13,Sheng Siong,Groceries,5,500
EV000411,RESIDENT_00241,2026-04-14,Kopitiam,Food & Beverage,15,1500
EV000019,RESIDENT_00011,2026-04-13,NTUC FairPrice,Groceries,5,500
EV002381,RESIDENT_01376,2026-05-06,Guardian,Health & Beauty,2,200
EV001614,RESIDENT_00931,2026-06-21,Cold Storage,Groceries,10,1000
EV000498,RESIDENT_00290,2026-05-16,Guardian,Health & Beauty,15,1500
EV002343,RESIDENT_01352,2026-06-14,Sheng Siong,Groceries,15,1500
EV001984,RESIDENT_01149,2026-06-08,Guardian,Health & Beauty,10,1000
EV002244,RESIDENT_01291,2026-05-17,Decathlon,Sports,10,1000
EV001878,RESIDENT_01085,2026-04-24,Kopitiam,Food & Beverage,5,500
EV001408,RESIDENT_00819,2026-05-06,Decathlon,Sports,2,200
EV002528,RESIDENT_01476,2026-04-20,Cold Storage,Groceries,15,1500
EV000403,RESIDENT_00239,2026-04-20,Guardian,Health & Beauty,2,200
EV001375,RESIDENT_00803,2026-06-26,Kopitiam,Food & Beverage,2,200
EV000528,RESIDENT_00309,2026-04-18,Kopitiam,Food & Beverage,10,1000
EV001372,RESIDENT_00802,2026-06-16,NTUC FairPrice,Groceries,10,1000
EV001635,RESIDENT_00938,2026-04-13,Sheng Siong,Groceries,2,200
EV002359,RESIDENT_01363,2026-05-17,NTUC FairPrice,Groceries,5,500
EV000444,RESIDENT_00263,2026-06-03,Cold Storage,Groceries,5,500
EV002071,RESIDENT_01196,2026-06-12,Guardian,Health & Beauty,15,1500
EV002519,RESIDENT_01469,2026-05-05,Watsons,Health & Beauty,10,1000
EV000242,RESIDENT_00142,2026-04-27,Guardian,Health & Beauty,5,500
EV001393,RESIDENT_00811,2026-05-17,Watsons,Health & Beauty,10,1000
EV000923,RESIDENT_00546,2026-04-01,Sheng Siong,Groceries,10,1000
EV001456,RESIDENT_00845,2026-06-29,Decathlon,Sports,15,1500
EV000011,RESIDENT_00005,2026-04-04,Sheng Siong,Groceries,10,1000
EV001306,RESIDENT_00770,2026-06-14,Kopitiam,Food & Beverage,10,1000
EV002015,RESIDENT_01163,2026-04-08,Guardian,Health & Beauty,5,500
EV001290,RESIDENT_00757,2026-05-19,Decathlon,Sports,10,1000
EV002404,RESIDENT_01388,2026-06-11,Cold Storage,Groceries,15,1500
EV000999,RESIDENT_00586,2026-05-07,Watsons,Health & Beauty,15,1500
EV001331,RESIDENT_00782,2026-05-15,Guardian,Health & Beauty,5,500
EV001356,RESIDENT_00795,2026-06-08,NTUC FairPrice,Groceries,2,200
EV002100,RESIDENT_01214,2026-06-18,Decathlon,Sports,2,200
EV002044,RESIDENT_01182,2026-05-10,NTUC FairPrice,Groceries,10,1000
EV001022,RESIDENT_00603,2026-06-30,NTUC FairPrice,Groceries,5,500
EV001029,RESIDENT_00606,2026-04-16,Decathlon,Sports,2,200
EV000590,RESIDENT_00346,2026-05-08,Sheng Siong,Groceries,15,1500
EV000012,RESIDENT_00006,2026-06-18,Kopitiam,Food & Beverage,10,1000
EV002123,RESIDENT_01227,2026-06-05,Watsons,Health & Beauty,15,1500
EV001592,RESIDENT_00923,2026-06-09,Sheng Siong,Groceries,5,500
EV001426,RESIDENT_00831,2026-05-07,Cold Storage,Groceries,10,1000
EV000062,RESIDENT_00030,2026-06-19,Sheng Siong,Groceries,10,1000
EV001578,RESIDENT_00913,2026-04-09,Sheng Siong,Groceries,5,500
EV001766,RESIDENT_01015,2026-04-28,Cold Storage,Groceries,5,500
EV000127,RESIDENT_00076,2026-05-02,Decathlon,Sports,10,1000
EV002247,RESIDENT_01292,2026-05-02,Guardian,Health & Beauty,5,500
EV001277,RESIDENT_00754,2026-05-12,Guardian,Health & Beauty,5,500
EV001826,RESIDENT_01049,2026-04-21,Sheng Siong,Groceries,5,500
EV002439,RESIDENT_01413,2026-05-29,Kopitiam,Food & Beverage,10,1000
EV001239,RESIDENT_00731,2026-06-16,Kopitiam,Food & Beverage,10,1000
EV000230,RESIDENT_00133,2026-05-18,Decathlon,Sports,5,500
EV001423,RESIDENT_00830,2026-04-01,Guardian,Health & Beauty,5,500
EV001777,RESIDENT_01021,2026-06-06,Kopitiam,Food & Beverage,2,200
EV001556,RESIDENT_00900,2026-05-31,NTUC FairPrice,Groceries,5,500
EV001365,RESIDENT_00799,2026-05-29,Decathlon,Sports,10,1000
EV000232,RESIDENT_00137,2026-06-14,Sheng Siong,Groceries,10,1000
EV000037,RESIDENT_00020,2026-04-23,Guardian,Health & Beauty,15,1500
EV000348,RESIDENT_00202,2026-06-23,Decathlon,Sports,15,1500
EV001048,RESIDENT_00619,2026-04-27,Guardian,Health & Beauty,5,500
EV001840,RESIDENT_01056,2026-05-17,Guardian,Health & Beauty,10,1000
EV002431,RESIDENT_01405,2026-06-11,NTUC FairPrice,Groceries,10,1000
EV000950,RESIDENT_00566,2026-04-04,Watsons,Health & Beauty,2,200
EV001894,RESIDENT_01095,2026-06-18,Guardian,Health & Beauty,10,1000
EV002529,RESIDENT_01476,2026-06-23,Decathlon,Sports,5,500
EV000335,RESIDENT_00198,2026-04-09,Decathlon,Sports,10,1000
EV002485,RESIDENT_01443,2026-06-18,Watsons,Health & Beauty,15,1500
EV000253,RESIDENT_00149,2026-04-17,Kopitiam,Food & Beverage,2,200
EV002050,RESIDENT_01187,2026-05-18,Cold Storage,Groceries,15,1500
EV000177,RESIDENT_00100,2026-04-12,NTUC FairPrice,Groceries,2,200
EV002042,RESIDENT_01180,2026-05-07,Kopitiam,Food & Beverage,5,500
EV001971,RESIDENT_01142,2026-04-21,Cold Storage,Groceries,10,1000
EV002315,RESIDENT_01331,2026-05-06,Watsons,Health & Beauty,10,1000
EV002048,RESIDENT_01184,2026-04-20,Kopitiam,Food & Beverage,5,500
EV000649,RESIDENT_00382,2026-06-06,Guardian,Health & Beauty,5,500
EV001045,RESIDENT_00619,2026-06-19,Cold Storage,Groceries,2,200
EV000244,RESIDENT_00144,2026-04-18,Sheng Siong,Groceries,5,500
EV002527,RESIDENT_01474,2026-04-22,NTUC FairPrice,Groceries,5,500
EV000170,RESIDENT_00097,2026-04-13,NTUC FairPrice,Groceries,15,1500
EV000264,RESIDENT_00151,2026-04-13,Cold Storage,Groceries,15,1500
EV001177,RESIDENT_00695,2026-06-22,Cold Storage,Groceries,10,1000
EV000379,RESIDENT_00227,2026-04-20,Guardian,Health & Beauty,5,500
EV001066,RESIDENT_00631,2026-05-27,Cold Storage,Groceries,2,200
EV000064,RESIDENT_00031,2026-05-04,NTUC FairPrice,Groceries,5,500
EV001541,RESIDENT_00890,2026-04-19,Kopitiam,Food & Beverage,15,1500
EV001597,RESIDENT_00925,2026-04-27,Kopitiam,Food & Beverage,2,200
EV002018,RESIDENT_01164,2026-05-16,Cold Storage,Groceries,15,1500
EV000473,RESIDENT_00279,2026-04-08,Cold Storage,Groceries,15,1500
EV000583,RESIDENT_00344,2026-06-20,Cold Storage,Groceries,2,200
EV001944,RESIDENT_01127,2026-04-27,Watsons,Health & Beauty,5,500
EV001116,RESIDENT_00662,2026-04-26,Sheng Siong,Groceries,10,1000
EV000304,RESIDENT_00176,2026-05-23,Cold Storage,Groceries,5,500
EV001809,RESIDENT_01043,2026-04-25,Cold Storage,Groceries,10,1000
EV001377,RESIDENT_00803,2026-05-07,Guardian,Health & Beauty,5,500
EV001952,RESIDENT_01133,2026-05-06,Cold Storage,Groceries,10,1000
EV001585,RESIDENT_00916,2026-06-30,Watsons,Health & Beauty,5,500
EV001304,RESIDENT_00768,2026-04-04,NTUC FairPrice,Groceries,10,1000
EV000674,RESIDENT_00398,2026-04-21,Guardian,Health & Beauty,5,500
EV001275,RESIDENT_00753,2026-06-04,Watsons,Health & Beauty,15,1500
EV001271,RESIDENT_00750,2026-04-05,Guardian,Health & Beauty,5,500
EV000964,RESIDENT_00573,2026-04-07,Guardian,Health & Beauty,5,500
EV000321,RESIDENT_00188,2026-06-30,Cold Storage,Groceries,10,1000
EV001450,RESIDENT_00839,2026-05-21,Cold Storage,Groceries,15,1500
EV002049,RESIDENT_01186,2026-05-28,Cold Storage,Groceries,5,500
EV002227,RESIDENT_01284,2026-05-01,Sheng Siong,Groceries,2,200
EV000735,RESIDENT_00434,2026-06-17,NTUC FairPrice,Groceries,10,1000
EV000952,RESIDENT_00566,2026-05-12,Watsons,Health & Beauty,5,500
EV002057,RESIDENT_01190,2026-04-28,NTUC FairPrice,Groceries,10,1000
EV001645,RESIDENT_00943,2026-06-29,NTUC FairPrice,Groceries,15,1500
EV001212,RESIDENT_00712,2026-05-27,Sheng Siong,Groceries,10,1000
EV002274,RESIDENT_01308,2026-05-18,Watsons,Health & Beauty,2,200
EV001920,RESIDENT_01112,2026-06-12,Decathlon,Sports,15,1500
EV000302,RESIDENT_00175,2026-05-11,Sheng Siong,Groceries,10,1000
EV000195,RESIDENT_00109,2026-06-18,Watsons,Health & Beauty,15,1500
EV001620,RESIDENT_00935,2026-06-22,Guardian,Health & Beauty,5,500
EV000477,RESIDENT_00280,2026-06-14,Decathlon,Sports,15,1500
EV000410,RESIDENT_00240,2026-06-27,Guardian,Health & Beauty,2,200
EV000622,RESIDENT_00367,2026-06-21,Guardian,Health & Beauty,15,1500
EV002028,RESIDENT_01169,2026-06-06,Cold Storage,Groceries,2,200
EV002171,RESIDENT_01257,2026-06-25,Guardian,Health & Beauty,5,500
EV001174,RESIDENT_00694,2026-04-28,Kopitiam,Food & Beverage,5,500
EV000072,RESIDENT_00039,2026-05-02,Decathlon,Sports,2,200
EV002516,RESIDENT_01466,2026-05-26,Decathlon,Sports,10,1000
EV000706,RESIDENT_00416,2026-04-17,NTUC FairPrice,Groceries,2,200
EV002188,RESIDENT_01263,2026-06-24,Kopitiam,Food & Beverage,2,200
EV000575,RESIDENT_00338,2026-06-07,Watsons,Health & Beauty,5,500
EV000802,RESIDENT_00466,2026-04-02,Cold Storage,Groceries,10,1000
EV000077,RESIDENT_00044,2026-05-03,Watsons,Health & Beauty,5,500
EV002009,RESIDENT_01158,2026-06-23,Cold Storage,Groceries,10,1000
EV000270,RESIDENT_00154,2026-04-03,Watsons,Health & Beauty,10,1000
EV001660,RESIDENT_00951,2026-05-21,Kopitiam,Food & Beverage,5,500
EV001846,RESIDENT_01058,2026-04-30,Decathlon,Sports,10,1000
EV001291,RESIDENT_00758,2026-06-04,Kopitiam,Food & Beverage,5,500
EV002334,RESIDENT_01342,2026-04-16,Watsons,Health & Beauty,15,1500
EV001800,RESIDENT_01035,2026-06-28,Guardian,Health & Beauty,5,500
EV001475,RESIDENT_00857,2026-06-16,NTUC FairPrice,Groceries,10,1000
EV002313,RESIDENT_01331,2026-05-31,Watsons,Health & Beauty,5,500
EV001889,RESIDENT_01092,2026-06-17,Kopitiam,Food & Beverage,10,1000
EV000324,RESIDENT_00189,2026-06-10,Cold Storage,Groceries,10,1000
EV002006,RESIDENT_01158,2026-05-09,Kopitiam,Food & Beverage,15,1500
EV001720,RESIDENT_00982,2026-04-19,NTUC FairPrice,Groceries,5,500
EV001866,RESIDENT_01077,2026-04-17,Kopitiam,Food & Beverage,15,1500
EV002365,RESIDENT_01366,2026-05-10,Cold Storage,Groceries,5,500
EV000948,RESIDENT_00561,2026-06-02,Decathlon,Sports,10,1000
EV001723,RESIDENT_00983,2026-06-09,NTUC FairPrice,Groceries,5,500
EV002095,RESIDENT_01211,2026-04-09,Guardian,Health & Beauty,10,1000
EV001252,RESIDENT_00739,2026-06-25,NTUC FairPrice,Groceries,10,1000
EV000916,RESIDENT_00542,2026-04-27,Decathlon,Sports,10,1000
EV001284,RESIDENT_00755,2026-06-29,Decathlon,Sports,5,500
EV001455,RESIDENT_00844,2026-05-22,Sheng Siong,Groceries,5,500
EV000846,RESIDENT_00499,2026-06-29,Guardian,Health & Beauty,10,1000
EV000937,RESIDENT_00552,2026-06-24,Guardian,Health & Beauty,5,500
EV001411,RESIDENT_00822,2026-04-15,NTUC FairPrice,Groceries,5,500
EV001079,RESIDENT_00639,2026-04-17,Cold Storage,Groceries,5,500
EV001607,RESIDENT_00928,2026-05-13,Guardian,Health & Beauty,15,1500
EV001150,RESIDENT_00682,2026-04-17,Decathlon,Sports,5,500
EV001458,RESIDENT_00847,2026-05-26,Guardian,Health & Beauty,15,1500
EV001911,RESIDENT_01109,2026-04-12,NTUC FairPrice,Groceries,2,200
EV001385,RESIDENT_00806,2026-05-09,Guardian,Health & Beauty,5,500
EV000480,RESIDENT_00281,2026-05-26,Sheng Siong,Groceries,5,500
EV000982,RESIDENT_00579,2026-06-07,Kopitiam,Food & Beverage,10,1000
EV001505,RESIDENT_00874,2026-05-26,Watsons,Health & Beauty,10,1000
EV000604,RESIDENT_00358,2026-06-12,Watsons,Health & Beauty,15,1500
EV000226,RESIDENT_00133,2026-04-27,Kopitiam,Food & Beverage,10,1000
EV000070,RESIDENT_00039,2026-05-26,NTUC FairPrice,Groceries,5,500
EV000979,RESIDENT_00579,2026-04-04,Cold Storage,Groceries,10,1000
EV000648,RESIDENT_00382,2026-05-19,NTUC FairPrice,Groceries,2,200
EV000149,RESIDENT_00087,2026-04-28,Guardian,Health & Beauty,15,1500
EV002136,RESIDENT_01237,2026-06-09,Watsons,Health & Beauty,2,200
EV000048,RESIDENT_00023,2026-05-16,Kopitiam,Food & Beverage,15,1500
EV000856,RESIDENT_00504,2026-04-08,Guardian,Health & Beauty,10,1000
